Price,Close,High,Low,Open,Volume
Ticker,NAS.OL,NAS.OL,NAS.OL,NAS.OL,NAS.OL
Date,,,,,
2020-01-02,1809.3243408203125,1817.2792919029,1717.39966603443,1723.5869015394092,104497
2020-01-03,1761.59423828125,1807.9984455170138,1751.4294697751604,1807.9984455170138,46359
2020-01-06,1704.5833740234375,1761.594339674512,1668.3438177162272,1761.594339674512,44757
2020-01-07,1751.871337890625,1814.6276643468225,1746.5680758244946,1785.4592032705839,125114
2020-01-08,1751.871337890625,1775.7364214090617,1694.4185044839007,1731.5419164051705,71633
2020-01-09,1901.2490234375,1906.9942723259044,1766.0136995597252,1775.7364817516443,115927
2020-01-10,1865.893310546875,1922.4622876498652,1838.4926797805806,1904.7845544874774,70965
2020-01-13,1873.848388671875,1923.3462728158806,1853.9608376860388,1865.8933220808703,58620
2020-01-14,1885.3388671875,1906.9942490253682,1863.6836008413059,1873.8483695510874,28725
2020-01-15,1852.635009765625,1899.0392188183655,1841.1443964178789,1891.96812544668,27815
2020-01-16,1827.002197265625,1860.589948298843,1816.3954417884609,1853.960841617291,27186
2020-01-17,1866.7772216796875,1877.383977371908,1828.3280787704214,1828.3280787704214,26703
2020-01-20,1830.9796142578125,1858.8222318812223,1804.020969918221,1850.4252941266786,31978
2020-01-21,1834.0732421875,1850.8671172609131,1799.159532149345,1811.9759895154625,25300
2020-01-22,1774.41064453125,1830.9796223278647,1768.2234089756305,1811.9760445088248,45517
2020-01-23,1700.6058349609375,1779.27206750894,1668.7857988169903,1776.6203785816645,56353
2020-01-24,1688.2313232421875,1736.845349598706,1679.8343855011396,1728.0064252164593,38557
2020-01-27,1595.86474609375,1651.5497491855547,1579.0707554463484,1651.5497491855547,74140
2020-01-28,1621.0555419921875,1628.1266350904616,1546.8087179852932,1585.2579743811257,57862
2020-01-29,1604.70361328125,1634.7559335935066,1586.1419064104464,1634.7559335935066,39045
2020-01-30,1547.250732421875,1588.7935494854698,1546.8087457859122,1586.5838472890034,35559
2020-01-31,1581.280517578125,1620.171762480382,1556.089703889457,1561.3929662234686,34613
2020-02-03,1548.1346435546875,1573.3255728392337,1520.2921408380062,1568.9060528023194,41429
2020-02-04,1627.2427978515625,1647.57233513012,1558.7413371781754,1560.0670660956114,43117
2020-02-05,1681.1602783203125,1703.699403328337,1630.778419440581,1636.523783974826,45763
2020-02-06,1682.4859619140625,1776.6203392921884,1681.160232971421,1736.8453527377064,63867
2020-02-07,1643.15283203125,1714.7479688868023,1640.5011431859816,1712.5382666796365,47518
2020-02-10,1643.15283203125,1683.3699203650317,1613.1006279321139,1657.295134042124,31823
2020-02-11,1732.42578125,1732.42578125,1660.388659264822,1663.0403480545635,33601
2020-02-12,1860.1480712890625,1877.3839333934866,1732.4258277650329,1732.4258277650329,100299
2020-02-13,1774.41064453125,1799.6015733975855,1701.4896623037105,1745.6841689890857,102813
2020-02-14,1739.4969482421875,1820.3729977976147,1723.586930319674,1781.0398818931121,50604
2020-02-17,1697.9541015625,1765.129834321812,1689.115177200309,1714.30610585797,42216
2020-02-18,1664.3662109375,1688.2312948185981,1632.1041894567275,1688.2312948185981,41871
2020-02-19,1636.965576171875,1683.8117705438015,1629.0106252268029,1670.5534419742326,37820
2020-02-20,1631.662353515625,1638.291460214958,1612.216673585891,1635.6397713385545,35310
2020-02-21,1593.213134765625,1626.35901554816,1591.0033169867797,1626.35901554816,41481
2020-02-24,1360.307861328125,1568.9060410337936,1347.9333901042714,1546.808787490009,150836
2020-02-25,1171.1552734375,1402.2926986980851,1171.1552734375,1370.0306754378907,190783
2020-02-26,1005.86767578125,1149.057946957065,1005.86767578125,1149.057946957065,226826
2020-02-27,788.2095336914062,950.1825052104596,742.4681903865257,950.1825052104596,554023
2020-02-28,836.8235473632812,906.8718446551062,708.2174501546806,787.9885870443081,362044
2020-03-02,847.6511840820312,954.6019581696145,840.1381043461435,928.0852435255515,197467
2020-03-03,879.2503051757812,914.8268804160325,867.538756393664,914.3849515221331,155945
2020-03-04,804.782470703125,890.5199082695913,789.3143822499827,879.4712819096092,147291
2020-03-05,700.4833984375,803.2357064389466,700.4833984375,795.5016331882085,233434
2020-03-06,540.9411010742188,658.4985715459924,495.86268079685345,658.4985715459924,432518
2020-03-09,487.9076843261719,525.2520902909765,383.166639589202,441.94534740731035,305984
2020-03-10,497.18853759765625,543.150874526663,446.5857740867547,523.484259355475,330331
2020-03-11,421.1739501953125,502.2709353151587,403.6728900613854,498.51439528604874,257502
2020-03-12,328.27703857421875,362.3952146790573,307.15202269581505,352.6724034196891,367333
2020-03-13,355.1473083496094,437.08397745785,327.83508531352913,340.29793680019844,537543
2020-03-16,313.42767333984375,354.882141482368,296.01502161286135,354.882141482368,253753
2020-03-17,382.28271484375,397.30887419440575,346.0432185963375,346.0432185963375,336024
2020-03-18,494.536865234375,542.4879703836414,397.7508259994467,419.8481085469868,786296
2020-03-19,506.0274658203125,525.9149589729087,441.9453509536002,513.5404879912911,374167
2020-03-20,470.67181396484375,649.8806452220931,440.7962839549776,631.9818614277553,546963
2020-03-23,395.0991516113281,464.04262792520365,375.6535586892523,464.04262792520365,222611
2020-03-24,401.8167419433594,493.65301056785813,395.09916846810705,464.04264772343396,270148
2020-03-25,444.15509033203125,543.8137533857623,376.9794142115292,419.4061479067139,412605
2020-03-26,422.0578308105469,441.945352924764,397.75081763228764,441.945352924764,212130
2020-03-27,420.9087829589844,452.9940166878768,415.42864512209223,424.2675696660036,139236
2020-03-30,410.1252746582031,415.42862333179175,393.33137087690983,415.42862333179175,131000
2020-03-31,399.51861572265625,434.43229737836936,388.91191812223855,428.6869908144271,206761
2020-04-01,397.7508239746094,398.6347395252635,384.75763495336,398.6347395252635,105152
2020-04-02,387.76287841796875,405.17552995506503,380.07303822376366,397.75082978242455,117676
2020-04-03,366.81463623046875,390.2377625018109,366.81463623046875,390.2377625018109,118965
2020-04-06,350.4626770019531,365.48883743517246,344.8941879363613,365.48883743517246,135744
2020-04-07,390.2377624511719,402.9657822450078,346.9271142777876,350.5510697716492,238472
2020-04-08,365.48883056640625,392.624264196352,359.0364260541888,391.121659730437,86818
2020-04-14,203.2948760986328,285.0547698809745,137.00307149969032,283.37537651612206,1200221
2020-04-15,212.13377380371094,242.62799259973872,176.77813521211985,203.29486415581317,617575
2020-04-16,220.97267150878906,233.34714226819798,212.57571951951806,214.3434928071713,247906
2020-04-17,239.97633361816406,243.06995128496516,226.2760185586399,233.34714052948266,223988
2020-04-20,239.4459991455078,282.84502707783815,194.89790124525317,244.30739015346956,549356
2020-04-21,253.0579071044922,258.27287590324966,232.640032982754,239.0924373238004,188637
2020-04-22,260.7477722167969,268.6144008703453,244.04221939184484,255.00246573080094,168190
2020-04-23,252.2624053955078,268.43762100329457,249.34557648986979,262.957483213406,113628
2020-04-24,256.32830810546875,264.2833166985332,244.66093522091742,260.74777015624585,125545
2020-04-27,243.06996154785156,254.1185882892305,220.97267919217452,254.1185882892305,284969
2020-04-28,222.29852294921875,239.44600522653522,219.42586961114208,239.44600522653522,251996
2020-04-29,223.71273803710938,240.41827627945204,202.27839330564555,221.8565703293955,255797
2020-04-30,226.18765258789062,240.41829185065305,216.55323567306394,233.34715500470747,181890
2020-05-04,235.11492919921875,337.9998048221505,229.8999749198983,254.11857859614216,1157417
2020-05-05,212.13377380371094,253.14630995028978,212.13377380371094,239.53437494479746,340332
2020-05-06,183.84927368164062,207.71431412207045,176.77813722108817,203.6926197868182,296308
2020-05-07,185.61705017089844,191.80428565781037,172.84482586952294,183.84927685261465,226970
2020-05-08,197.94732666015625,205.06263864710206,189.19681139801395,190.0365080361215,132390
2020-05-11,207.5817413330078,210.8963380883518,198.87541553622253,198.87541553622253,164241
2020-05-12,232.99359130859375,253.6766194339608,214.34349089674126,220.97266953927357,397774
2020-05-13,240.9486083984375,249.16878616272862,233.34714841382828,238.5621172845448,237251
2020-05-14,217.87905883789062,244.30739425064448,214.43189218568418,240.94860760298113,176572
2020-05-15,225.3921356201172,232.46325770699806,213.45960807571865,226.54119115467793,128834
2020-05-18,175.14295959472656,232.02132718623906,110.83989896576567,225.39214805937053,1237544
2020-05-19,167.0553436279297,187.47321783739648,132.58360513731188,150.26142493020384,867708
2020-05-20,114.90579223632812,140.09668464783653,66.29180238039358,66.29180238039358,8723921
2020-05-22,130.46226501464844,139.21278023723272,121.53497535232985,125.95442296444084,2595713
2020-05-25,159.100341796875,159.100341796875,130.81583755097233,134.79334212586772,2355453
2020-05-26,197.7705535888672,214.3434931512891,172.84482315209976,173.24257647339803,3575059
2020-05-27,179.3414306640625,215.6693361169617,172.35868867840765,203.29486542023196,2841339
2020-05-28,170.14895629882812,179.2530348088446,157.33254238371623,170.1047662981476,1555917
2020-05-29,166.1714630126953,175.36392213235987,161.3100573400853,170.1489675579927,883284
2020-06-02,150.2614288330078,168.3811924258855,133.90945303991853,166.17146128526488,1746571
2020-06-03,154.76927185058594,157.77449524429625,146.94683281522475,152.64793514270931,612788
2020-06-04,169.66282653808594,173.24257757971222,150.43819804424186,154.76926573193796,900939
2020-06-05,188.09194946289062,195.33984602737985,176.77813963348845,176.77813963348845,1360041
2020-06-08,192.68817138671875,210.67534998853034,188.71066700332295,196.66569020657383,1905153
2020-06-09,190.83200073242188,204.17875253831343,176.7781367261009,204.04616809845425,1121926
2020-06-10,172.3586883544922,190.0365077270151,154.68086898196924,190.0365077270151,1413555
2020-06-11,132.0090789794922,159.10033677186198,131.5229456421976,159.10033677186198,2010118
2020-06-12,139.6547393798828,146.63746696517853,121.97691988274552,132.00907515695909,1602194
2020-06-15,120.20914459228516,123.74469853959107,109.42567221005625,123.74469853959107,2097783
2020-06-16,133.0697479248047,136.1191611141525,125.51247829726252,125.51247829726252,1184714
2020-06-17,141.42251586914062,157.06737911566998,137.88695477696953,150.26142581779806,2339995
2020-06-18,135.1468963623047,143.1902994145643,132.58360201410235,143.1902994145643,842079
2020-06-19,129.9319305419922,140.9805715061254,127.45704501380203,138.77084042600688,756143
2020-06-22,126.61734771728516,132.58360427965033,123.74469444038179,129.93192988422385,598279
2020-06-23,122.46305847167969,129.93193413780207,122.46305847167969,128.3851252262037,441906
2020-06-24,125.51248168945312,126.83831166372516,122.55144842076565,122.94920174398501,370074
2020-06-25,127.23606872558594,127.28027316488198,121.09303034532833,125.73346426455102,343142
2020-06-26,121.57917022705078,129.8877424651464,121.57917022705078,128.1641591266089,342920
2020-06-29,117.11552429199219,121.84433815320509,116.18743318970832,121.66756370778035,466234
2020-06-30,120.03236389160156,126.79412738198235,117.82263994990265,124.36343176793653,522287
2020-07-01,120.65108489990234,123.6563154241625,120.03235990693265,121.13722545021928,239131
2020-07-02,121.8885269165039,122.8608080111463,120.03235916726268,122.8608080111463,283356
2020-07-03,121.53498077392578,123.65631745474558,120.0323618780061,122.8608107857658,197541
2020-07-06,121.31400299072266,123.744698586106,120.56270075415756,122.06531966374749,297499
2020-07-07,119.7671890258789,122.37467339696045,118.70652072056095,122.02111007695824,225816
2020-07-08,117.11552429199219,120.20914205099254,111.37023210578305,119.76719150097126,395562
2020-07-09,116.67357635498047,118.88330749988661,115.43613355460451,117.73424470597266,168099
2020-07-10,119.32524871826172,121.26981093626014,114.4638503914954,116.67357427885109,239459
2020-07-13,125.91024017333984,126.30799351286188,121.31400342185155,122.639847886925,301097
2020-07-14,127.23606872558594,129.4899898535979,125.77765426738745,125.9544287151928,313824
2020-07-15,136.56112670898438,140.1850678568337,127.50123774821193,127.50123774821193,526802
2020-07-16,144.51612854003906,147.0794084370367,138.28470323681336,139.2127798703165,794835
2020-07-17,133.90945434570312,149.77528251306686,128.65029533465946,145.84198241036793,849062
2020-07-20,128.16415405273438,135.27946601106794,126.57315522141326,135.1910860093861,409550
2020-07-21,126.39636993408203,130.37388878001252,125.9544266037474,128.16415769187995,334764
2020-07-22,120.73947143554688,127.05929133549277,119.81138756048573,125.95442579849016,334892
2020-07-23,117.07132720947266,124.18665383814161,116.01065888098523,120.73947274777035,443657
2020-07-24,111.6795883178711,118.22037978819398,110.57473001487129,117.07132426578237,429155
2020-07-27,109.60245513916016,113.49157246601993,105.27138724784842,111.81217908850027,511907
2020-07-28,108.98372650146484,110.04439482808465,105.66913707849926,109.60245149655049,359493
2020-07-29,106.72980499267578,109.82342273791942,105.62493944988029,108.9837260803116,371423
2020-07-30,98.55381774902344,108.27661435890455,98.37703608534919,106.7298054792312,564500
2020-07-31,100.40998840332031,102.39874789022527,98.50962335990795,99.43770727074099,326185
2020-08-03,94.13436126708984,102.22196164494312,94.13436126708984,101.64743387911265,434862
2020-08-04,93.2062759399414,95.23922530754867,90.68718603541309,94.35533145362963,473220
2020-08-05,88.61003875732422,93.294662431906,88.38906710012601,93.20627521267261,569642
2020-08-06,81.75989532470703,88.38907446601192,80.2351813792795,88.38907446601192,1026308
2020-08-07,69.69478607177734,81.49472199124233,69.69478607177734,81.38423976856403,1421470
2020-08-10,59.5300407409668,66.73375471702124,56.767884038906054,66.29180415883685,2211051
2020-08-11,61.85025405883789,66.5569730025002,59.53004069839112,59.552139309019005,1915616
2020-08-12,63.64013671875,65.67307896401489,61.87234892753127,64.08208005743978,1066976
2020-08-13,58.336788177490234,64.78919272636516,57.010954543307456,64.67870328182791,1192280
2020-08-14,55.2873649597168,59.11018984307863,54.049918608664385,58.336785422531534,867391
2020-08-17,60.43602752685547,60.78958363009929,55.81769957481503,56.10496345756128,552705
2020-08-18,57.45289611816406,61.342016894649355,56.45852002082802,61.342016894649355,657776
2020-08-19,57.099342346191406,58.53566543945575,56.34803649224289,57.452898466768936,383734
2020-08-20,57.4087028503418,57.541287293209756,55.7072145305858,57.36450923909076,270239
2020-08-21,55.81769943237305,57.67386716510892,55.044295007361505,57.45289550342413,447193
2020-08-24,55.176876068115234,56.34803381996227,54.22669358798572,56.259642989452296,380247
2020-08-25,55.66301727294922,56.08286560234007,55.04429588850443,55.44204560772714,535306
2020-08-26,54.88961410522461,56.25964495769878,54.18250187286567,55.773504395673285,339344
2020-08-27,54.80122756958008,55.022199242691094,53.47539031268404,54.97800562989189,278797
2020-08-28,49.586273193359375,53.718460821581836,48.76867150301973,53.03344718842468,885366
2020-08-31,53.630069732666016,55.90608951363083,50.006121302816254,50.73532854550622,960820
2020-09-01,46.84621047973633,53.03344609850262,45.96231658352836,53.03344609850262,1196521
2020-09-02,44.43760681152344,47.42073882120772,44.194536528577686,46.846211030125914,895719
2020-09-03,49.71885299682617,50.86791217428835,45.034232671964844,45.034232671964844,988708
2020-09-04,46.912498474121094,49.9398276299918,46.404262919168595,49.71885235429888,611938
2020-09-07,48.083656311035156,48.63608547821556,46.93459714689316,48.172043534138076,268293
2020-09-08,46.58103942871094,48.923351287711746,46.47055359908779,48.238334091287605,295892
2020-09-09,46.05070495605469,47.28815129186146,45.5203708121375,46.691524928815284,229551
2020-09-10,46.07280349731445,46.89040151683798,46.07280349731445,46.55894403079808,180957
2020-09-11,46.16119384765625,48.48140723465625,45.76344411560667,46.183292458537046,355717
2020-09-14,46.27167892456055,47.2881536534435,45.564566697357606,46.69152726060166,313207
2020-09-15,46.29377746582031,46.64733357889284,45.7413446857264,46.382164689531,209594
2020-09-16,45.630859375,46.58104189092211,45.52037353953672,46.31587660763323,224551
2020-09-17,46.16119384765625,46.757820250288106,45.69715189207924,45.69715189207924,307750
2020-09-18,45.18891143798828,46.49265365170552,44.879552549087435,46.40426281979466,373869
2020-09-21,44.81325912475586,46.89040211409468,44.7248682952172,46.40426157441894,386136
2020-09-22,44.94584655761719,45.100526008217074,44.194537088407735,45.07843100619709,266160
2020-09-23,44.19453430175781,45.12262177418234,44.19453430175781,44.813259283374165,312663
2020-09-24,42.20578384399414,44.94584554362553,41.00369232949356,44.19453609136585,467110
2020-09-25,38.3343391418457,42.868701045431756,35.35562842593322,42.42675411111986,848253
2020-09-28,40.429161071777344,41.54286536573038,38.76744876698169,39.28010549709326,505102
2020-09-29,40.658973693847656,41.56054139989144,38.891189561291164,40.45567947501909,338326
2020-09-30,41.54286575317383,41.54286575317383,39.61598453833265,41.54286575317383,268598
2020-10-01,44.19453430175781,44.76906567300579,41.94945197655227,41.984806864846966,578784
2020-10-02,44.19453430175781,47.28815199161004,42.67424523216749,44.19453430175781,473738
2020-10-05,43.70839309692383,46.050704938501276,43.107349177692676,45.078427479581066,452525
2020-10-06,43.75259017944336,44.9458429013638,43.75259017944336,44.216632102609154,303682
2020-10-07,40.77387619018555,44.415505432475655,39.686691733413824,44.008917003710955,510301
2020-10-08,40.561744689941406,41.27769563116962,39.68669313853861,41.05672396502736,383082
2020-10-09,30.77707290649414,37.12340893873166,28.470119510017938,35.355628420009864,4392063
2020-10-12,29.91086196899414,31.37812052493852,28.72644793582434,31.333926914141276,1034435
2020-10-13,26.54323959350586,29.91086325926442,26.5167216213262,29.91086325926442,1022997
2020-10-14,27.66577911376953,28.284502285466573,26.34878246784438,26.560915404888988,803540
2020-10-15,26.737693786621094,27.665779457992773,25.853803530342066,27.665779457992773,572393
2020-10-16,26.985183715820312,27.400612682203658,26.560916027232786,26.737694080431137,337263
2020-10-19,30.193706512451172,32.72163518850728,27.047056457465402,27.400612562315153,1029795
2020-10-20,33.05751419067383,35.25839934200793,30.52074676623485,30.52074676623485,1147883
2020-10-21,30.24673843383789,34.81645517731697,29.33633201760607,33.579008827182356,858109
2020-10-22,27.8160400390625,30.688686130513453,27.630423262358516,30.24673918986144,578159
2020-10-23,29.70756721496582,31.378119959593704,27.816039202103447,27.816039202103447,718494
2020-10-26,29.566144943237305,31.740515734628826,28.72644828238537,30.49423063130747,616242
2020-10-27,30.36164665222168,31.289730549918428,29.548467950297518,29.566145395099845,452785
2020-10-28,26.958667755126953,30.891980371112897,26.958667755126953,30.891980371112897,748859
2020-10-29,27.718812942504883,28.638059929969298,26.534400671695067,27.444807132127668,415935
2020-10-30,26.746532440185547,27.842557437897227,26.560915667298367,27.754168412495837,462534
2020-11-02,26.419492721557617,28.726447927559988,26.348782944302368,27.40061253566303,419262
2020-11-03,25.588634490966797,27.40061221199129,25.305789971614715,26.51672015661029,620845
2020-11-04,26.525562286376953,26.773050127919376,25.632831454988423,26.118972024601558,372719
2020-11-05,27.091251373291016,28.620382863615355,26.525562300104866,26.7376952514103,410758
2020-11-06,28.461280822753906,28.66457504128879,27.108927461084505,27.400612510221183,365348
2020-11-09,24.695905685424805,31.378120357866337,21.659741480310977,26.15432551144441,5411445
2020-11-10,24.837329864501953,27.144285153268626,22.097268151721746,23.405426146236355,2607806
2020-11-11,23.24632453918457,24.748939777587147,22.627601360542435,24.748939777587147,1580007
2020-11-12,22.627601623535156,23.423104667021146,22.539212596987536,23.246324809368495,1381141
2020-11-13,22.15913963317871,22.627600917905152,22.04423263905993,22.627600917905152,920793
2020-11-16,23.64407730102539,24.52796940731752,22.17681867832289,22.17681867832289,2853576
2020-11-17,21.02334213256836,23.997633658896557,20.568137088802196,23.73246656575542,2986441
2020-11-18,20.957048416137695,21.65532189215256,19.145072506395458,21.21337676838096,1722016
2020-11-19,17.677814483642578,20.683043216545432,17.284482319631962,20.683043216545432,6056095
2020-11-20,19.343948364257812,20.77143272195258,17.677814890538635,17.677814890538635,3768135
2020-11-23,18.473316192626953,19.445595517355354,17.51429495164305,19.445595517355354,2551834
2020-11-24,23.423105239868164,30.052286002180992,17.67781476464839,18.4954128290701,12599119
2020-11-25,17.907625198364258,22.123786028123096,17.722008418097133,22.09726805625818,8819526
2020-11-26,18.96387481689453,19.887539299938087,18.11975883085797,18.561703948127995,4014961
2020-11-27,17.898788452148438,19.887540719545513,17.898788452148438,19.445595570728663,3326856
2020-11-30,15.852580070495605,18.11975919985563,15.781868489380933,18.11975919985563,3868026
2020-12-01,14.142251014709473,16.170782035751696,13.877084828886488,16.086810563067477,4402614
2020-12-02,14.849364280700684,16.55085446419357,13.258360836014361,14.579777829020607,5252808
2020-12-03,15.914451599121094,18.561704879132844,14.58861618081069,15.247115431078115,9028589
2020-12-04,15.910032272338867,17.682233999640033,15.910032272338867,17.014896025597388,4485781
2020-12-07,16.405012130737305,19.083201039281725,15.247116002475575,16.351979794751923,7913887
2020-12-08,17.88994789123535,20.329487634470947,17.713171636600425,18.95061805094723,12028180
2020-12-09,24.112537384033203,24.306994684096676,18.163952890421204,18.389345717865112,13748850
2020-12-10,41.32189178466797,45.82973386861088,26.25155308244094,26.25155308244094,15197971
2020-12-11,34.68387222290039,47.33235108579308,30.936174514701452,42.16158658533585,3804624
2020-12-14,28.638059616088867,36.10693521699502,27.930947389431353,35.13465770989839,9554342
2020-12-15,22.981157302856445,28.284502406320165,22.769024364905437,28.284502406320165,9194632
2020-12-16,26.781888961791992,28.61154231726611,20.32948653964322,21.99561992848698,11784548
2020-12-17,28.072370529174805,33.01331738857538,26.773049468035655,28.947422089264787,11950542
2020-12-18,20.546039581298828,26.516721041459018,19.2246235219947,25.632830761140454,29280017
2020-12-21,23.785499572753906,23.829693183892715,18.915260765484422,21.169183656613924,11881716
2020-12-22,26.879117965698242,28.629221100210348,22.654120215476286,23.51149433784989,9892248
2020-12-23,29.636856079101562,30.14067406801688,27.179638994012134,28.204952416108416,7698923
2020-12-28,39.315460205078125,39.76624587587403,32.26201173971907,32.26201173971907,12056449
2020-12-29,41.869903564453125,48.6139892760865,35.60311606401455,40.605941041500984,19363464
2020-12-30,38.4227294921875,43.22225660908944,35.82409107897168,42.86870050970422,9310947
2021-01-04,37.56535720825195,39.898826854086295,36.5046888593168,39.775084739757645,4804366
2021-01-05,31.820068359375,37.56535702614643,31.820068359375,37.46812747053033,4340279
2021-01-06,32.35923767089844,34.02095357632919,28.50547710138106,31.448831216435536,4498376
2021-01-07,35.116981506347656,36.85824596740374,32.81886307936921,33.14590303712472,3571927
2021-01-08,35.26723861694336,38.564154252712264,34.47173916490097,36.6461081835394,3298002
2021-01-11,33.41107177734375,35.779896365473945,32.36808085020243,35.364469182792995,1683926
2021-01-12,33.89720916748047,34.89600649394265,32.73047610859647,33.587850261798906,1428583
2021-01-13,34.02979278564453,34.471739740132236,32.447628968438586,34.02979278564453,1328655
2021-01-14,32.26201248168945,33.80882142290453,29.78711781483383,31.820069132265143,4616945
2021-01-15,27.489002227783203,31.802387168169272,27.489002227783203,31.802387168169272,3515130
2021-01-18,28.39056968688965,29.963894736100894,24.775456479884337,27.04705683082606,3759866
2021-01-19,28.814836502075195,30.626814216104915,28.107724304145965,28.72644747733404,2869460
2021-01-20,26.516721725463867,29.380529194860483,26.074776573904508,29.380529194860483,1828311
2021-01-21,30.05228614807129,31.24553713916088,28.726448906437906,28.88554951979851,10069670
2021-01-22,29.61033821105957,31.731676644245056,28.50547628592781,30.93617360395212,7418102
2021-01-25,27.356416702270508,29.10651975374155,26.87027796828265,29.10651975374155,2877899
2021-01-26,27.00286102294922,27.568550068485077,25.986386319947638,27.356417127548482,1500613
2021-01-27,24.748939514160156,27.00286054321596,24.395383415842176,27.00286054321596,2251516
2021-01-28,23.555686950683594,24.96991135419943,22.830897304793204,24.306994567330072,3038805
2021-01-29,25.588634490966797,28.063528997830318,23.467297888990107,23.546848192019972,5225697
2021-02-01,27.40061378479004,28.10772602603727,25.765415824627077,26.720017711222336,2448022
2021-02-02,27.842557907104492,28.50547651106523,27.18847802537711,28.054690849819774,2343010
2021-02-03,27.091251373291016,28.50547766537137,26.516721772956107,28.196115156446997,1397595
2021-02-04,26.516721725463867,26.95866868158071,25.632831422345152,26.95866868158071,1049626
2021-02-05,25.853803634643555,26.251553349295058,25.51792497499102,26.251553349295058,894477
2021-02-08,24.616355895996094,26.286910501276576,24.342350091116987,26.074775752476427,1552926
2021-02-09,23.838531494140625,24.69590558099046,23.776660439615554,24.616355277757982,1153955
2021-02-10,23.71478843688965,25.14669214222382,23.71478843688965,23.926921383464922,1344255
2021-02-11,24.315834045410156,24.527968795267533,23.59988309932607,23.688272127293953,925275
2021-02-12,23.953439712524414,24.784295870988682,23.75898420783676,24.413062306665445,468524
2021-02-15,24.368867874145508,24.527968483376096,23.95343890661173,24.30699501398752,716223
2021-02-16,24.174409866333008,24.863844616518115,23.997631817801306,24.74893942633972,625720
2021-02-17,23.953439712524414,24.306995831795586,23.865048878149143,24.174411384790158,603284
2021-02-18,23.52033233642578,24.068343938260913,23.511493614256576,23.971116189842256,413566
2021-02-19,23.555686950683594,23.935761022318644,22.30056315347477,23.52033206241865,1056793
2021-02-22,23.325876235961914,24.351187831188145,23.157935105420783,24.0153091792206,535171
2021-02-23,23.228647232055664,24.077182603880445,22.318240805191767,23.405425284139376,1057037
2021-02-24,24.041828155517578,24.041828155517578,22.671797324503416,23.2286476573964,1307511
2021-02-25,24.85500717163086,26.50788255169643,24.324672998786475,24.52796902823371,1618245
2021-02-26,24.289318084716797,25.2704361230388,22.981158294210857,24.30699552954905,897132
2021-03-01,23.90040397644043,25.54444054306489,23.90040397644043,24.74893932783835,733542
2021-03-02,24.395383834838867,24.65171219097764,24.006471037274995,24.30699480874127,533212
2021-03-03,24.298154830932617,25.04062374965948,23.953439245466413,24.51028958109348,604042
2021-03-04,24.306995391845703,25.19088567402547,24.1390560577758,25.146692062195203,804648
2021-03-05,24.572162628173828,25.85380444752428,23.997633038931916,24.351189153986184,873125
2021-03-08,24.572162628173828,25.63283097333663,24.306995541883126,25.23508124617931,743167
2021-03-09,24.35118865966797,24.89920207052362,24.218606021492715,24.74894018330857,711413
2021-03-10,24.130216598510742,24.74010105504561,24.130216598510742,24.52796811562365,540416
2021-03-11,23.36123275756836,24.607517902141627,22.981158664759345,24.50145142688044,1526489
2021-03-12,23.19329261779785,24.041827999659315,23.069546897141116,23.423104810047914,820646
2021-03-15,23.52033233642578,23.82085430385096,22.680635684777265,23.29052014635424,1003721
2021-03-16,23.529170989990234,24.086021312370946,23.24632466317076,23.865047845112908,519027
2021-03-17,23.24632453918457,23.812015385248955,23.202130928703113,23.812015385248955,346915
2021-03-18,23.317035675048828,23.750142072279722,23.290519509266534,23.511492971124376,312860
2021-03-19,23.865047454833984,23.865047454833984,23.00767517992544,23.42310413666006,577993
2021-03-22,23.237485885620117,24.262799306502462,23.069546556180512,23.865047788209345,571618
2021-03-23,23.104904174804688,23.40542615267591,22.804382196933467,23.202131926602952,462556
2021-03-24,23.555686950683594,23.67059214210204,22.265206460652443,22.989997911100215,719798
2021-03-25,23.555686950683594,23.953438466451114,23.122580546651132,23.644075975903334,893512
2021-03-26,23.431941986083984,23.997632848414256,23.15793617954801,23.776661180538365,417336
2021-03-29,24.306995391845703,26.958668042942445,23.644076777932153,23.644076777932153,2318445
2021-03-30,26.85260009765625,26.861438820131657,24.413062166835065,24.66055180981884,1483671
2021-03-31,29.345170974731445,31.095274044853138,27.108927360883772,27.108927360883772,3765640
2021-04-06,28.7043514251709,31.03340346115101,27.95304379288645,29.950636526254087,2814438
2021-04-07,26.640466690063477,29.137458078504153,26.51672096842524,28.726448467692943,1953703
2021-04-08,26.29574966430664,27.656939989219573,26.189683190407543,26.905634144923283,869657
2021-04-09,24.80197525024414,26.82608422410787,24.80197525024414,26.295750042428924,988284
2021-04-12,23.82085418701172,26.737693843494256,23.7147877169441,24.81523208085879,2494486
2021-04-13,23.608720779418945,24.678227790159298,23.51149303340231,24.678227790159298,1090416
2021-04-14,24.79755401611328,26.49904419773247,23.68827268166283,24.527969369287558,1609292
2021-04-15,26.29574966430664,26.419493583096013,24.943396257281382,25.168789093304746,1003798
2021-04-16,26.790725708007812,27.798361667432456,26.225036674495897,26.516719913223223,1418697
2021-04-19,26.251554489135742,27.581811102291486,25.482571192871667,27.356418264193664,1180751
2021-04-20,25.71238136291504,26.145487785714305,25.323470356919355,26.145487785714305,649493
2021-04-21,25.292531967163086,25.9598699206603,24.483772655828883,25.6239912633917,596511
2021-04-22,25.681446075439453,26.065937723820124,25.301373788324884,25.301373788324884,379410
2021-04-23,26.07477569580078,26.42833180514178,25.425116976481792,25.98638666846553,412684
2021-04-26,26.384138107299805,26.47252713434543,25.933352445265434,26.29574908025418,368383
2021-04-27,26.02616310119629,26.6272088567152,25.796350904964587,26.490205050305303,392869
2021-04-28,25.875900268554688,26.47252664113628,25.654926802778867,26.42833122615816,393841
2021-04-29,25.129013061523438,25.63283106871774,24.76219886147332,25.63283106871774,724773
2021-04-30,24.903621673583984,25.17762747939508,24.66055139591759,24.969912091036917,568657
2021-05-03,24.59425926208496,25.19088565320249,24.059505732036108,24.828490818264086,1434590
2021-05-04,24.73126220703125,25.19088477647694,23.732464960564943,24.39538355085877,2439459
2021-05-05,37.30030059814453,42.65054284852321,26.39640818257852,29.329342826100017,5639910
2021-05-06,28.59610939025879,37.631440207658834,28.383234768582923,37.56048139891439,2867369
2021-05-07,34.43359375,36.481917999374865,28.69544944840475,29.329341745407138,2644014
2021-05-10,31.902755737304688,34.14503018227626,30.748503082076173,34.14503018227626,1573140
2021-05-11,24.929941177368164,30.970839766327803,24.56095790402933,30.942457686918427,2098381
2021-05-12,23.72365379333496,28.170359368072347,22.895809468805627,24.934670621729694,1819528
2021-05-14,20.97047996520996,24.267664375832254,20.435928560274622,23.728383225967132,1632791
2021-05-18,26.930959701538086,27.83449261291808,21.57125794332914,21.665869087859726,2935367
2021-05-19,24.357545852661133,27.834491259817018,23.74730589488944,27.266826224786545,2266625
2021-05-20,22.304492950439453,25.535450271273174,21.098204016168395,24.314972101481235,1992780
2021-05-21,21.831438064575195,22.98095917844982,21.57125697762453,22.621437206240213,1253694
2021-05-25,17.881437301635742,19.631737116288626,13.718563286081208,15.232336147525796,7203970
2021-05-26,19.570240020751953,23.463473537084212,17.711137984502166,18.20689864780594,8902774
2021-05-27,9.94359302520752,11.807424709825797,9.555688978178118,9.557581056599531,79607378
2021-05-28,9.602993965148926,10.238778352117134,9.177245628685736,9.985221789635093,29966964
2021-05-31,10.691018104553223,11.239760545289206,9.934131699382618,10.401509354583132,25817100
2021-06-01,11.268143653869629,11.814994022391998,11.050539294890033,11.542514877349255,28072059
2021-06-02,11.06946086883545,11.61820331020776,10.59829905625772,11.533053465464006,12058684
2021-06-03,10.1422758102417,11.173533450668605,10.1422758102417,11.16407215617619,10504928
2021-06-04,10.426108360290527,10.630467269178022,10.03820340544804,10.397724476728271,9427541
2021-06-07,10.359880447387695,10.662635563303432,10.316359935202804,10.662635563303432,4211261
2021-06-08,10.155521392822266,10.691018397020837,10.059018172766026,10.501797016121445,5948669
2021-06-09,10.520718574523926,10.643712696175397,10.123353228351082,10.265269939000643,9272853
2021-06-10,10.236886024475098,10.785628471854585,10.155521237954563,10.64371266391388,6362011
2021-06-11,10.359880447387695,10.424215627557688,10.183904515597249,10.388263429346482,2885030
2021-06-14,10.216072082519531,10.59640691040139,10.17444274848206,10.59640691040139,4837382
2021-06-15,10.168766975402832,10.40718600863613,10.011712730979292,10.356096280248904,3855851
2021-06-16,10.009820938110352,10.289869315264006,9.888718888407217,10.276623863166359,3903889
2021-06-17,9.669221878051758,10.047664633594826,9.557581129824747,10.00982035804052,6709286
2021-06-18,9.669221878051758,10.028742946957024,9.559473208260657,9.754371723618624,6451794
2021-06-21,9.555688858032227,9.862227213135785,9.197113384461236,9.828167095142497,10893594
2021-06-22,10.588838577270508,10.849964344611656,9.839520491042096,9.915209040797906,20669816
2021-06-23,11.355185508728027,11.523593120486396,10.814012281092479,10.880239537373395,23837306
2021-06-24,10.586945533752441,11.731735969862678,10.501796592491559,11.54251459659625,14060856
2021-06-25,10.766706466674805,10.84428709402356,10.199041447148147,10.501796545292413,8239454
2021-06-28,10.940791130065918,11.164072636941473,10.766707273935104,10.880240105897103,7830077
2021-06-29,10.513150215148926,11.162180037141878,10.456383350679575,11.162180037141878,7178982
2021-06-30,10.528287887573242,10.851856763736158,10.359880272597822,10.596407223580782,6540513
2021-07-01,11.154610633850098,11.154610633850098,10.573700156694304,10.719401021153947,8667868
2021-07-02,10.82347297668457,11.305988177547938,10.666419635632312,11.239760919410163,4942110
2021-07-05,11.078922271728516,11.118658625723864,10.596407081639779,10.880239599473077,4233972
2021-07-06,11.334370613098145,12.210466968171268,11.164071828624728,11.207592338367027,14412772
2021-07-07,11.54251480102539,12.03070622338272,11.18299373431237,11.415736523805451,8135499
2021-07-08,11.567113876342773,11.731736432461936,11.201916566424378,11.62766489863138,6656762
2021-07-09,11.315449714660645,11.65604820959657,11.164072605800232,11.65604820959657,3823738
2021-07-12,11.033509254455566,11.447905127263326,10.744000488868373,11.447905127263326,5526423
2021-07-13,10.785628318786621,11.130011853479463,10.770490789216083,11.069460832918624,2617736
2021-07-14,10.730754852294922,10.849964819632715,10.530180096432817,10.785628737472772,2718116
2021-07-15,10.284192085266113,10.622898503414321,10.10064693380928,10.621006424885707,3737370
2021-07-16,9.830060005187988,10.359879848420677,9.828167024525282,10.284191299387436,4671106
2021-07-19,9.53109073638916,9.896288060113822,9.420395570326564,9.826275740572338,4840303
2021-07-20,10.028742790222168,10.070371221997702,9.576502666795559,9.576502666795559,2530613
2021-07-21,10.246347427368164,10.395832452922692,10.076047734214315,10.395832452922692,2090259
2021-07-22,10.25202465057373,10.435568894467712,9.992790951762977,10.397724618148686,2447377
2021-07-23,10.31257438659668,10.397724230711336,10.151735992664257,10.246347131075806,1350180
2021-07-26,9.841413497924805,10.106323422775437,9.773293261596,9.95305424445366,3355512
2021-07-27,9.886826515197754,10.312574852736656,9.839520943853714,9.841413924621605,2703886
2021-07-28,10.10064697265625,10.265270437181329,9.82627573481945,9.994683356416312,2219187
2021-07-29,10.121460914611816,10.182011934807878,9.953054207381575,10.172550640528781,1346838
2021-07-30,10.05712604522705,10.123353302649017,9.896287646677669,10.123353302649017,1780681
2021-08-02,10.596406936645508,10.694802232208772,9.977652182554568,10.123353047489202,4519721
2021-08-03,10.388263702392578,10.976743438693452,10.255809181584304,10.691018826265958,3740080
2021-08-04,10.467737197875977,10.569916656271948,10.170659215296025,10.511257710708847,2021404
2021-08-05,10.318251609802246,10.537748045185694,10.132814390524649,10.513150123455333,2306824
2021-08-06,10.382587432861328,10.405294179862533,10.12524580397893,10.31257511332074,1625629
2021-08-09,10.123353004455566,10.501796655539087,10.123353004455566,10.407185517198535,2311263
2021-08-10,9.987113952636719,10.21796467298102,9.987113952636719,10.21796467298102,1371046
2021-08-11,10.040096282958984,10.142275736352286,9.953054359276043,10.079832636803191,1381521
2021-08-12,9.924670219421387,10.083616532967644,9.811137396110825,10.047664336910831,2285692
2021-08-13,9.725988388061523,9.94170158292198,9.725988388061523,9.9341323664733,1857311
2021-08-16,9.799784660339355,10.04198875429652,9.725988185050413,9.744910774637763,2643329
2021-08-17,9.739233016967773,9.875472585577624,9.608670585784282,9.839520389472932,1784824
2021-08-18,9.788431167602539,9.88682646678716,9.703281320055947,9.703281320055947,1414978
2021-08-19,9.883042335510254,9.915209474309604,9.699497188302066,9.894395708697884,2183793
2021-08-20,9.883042335510254,9.987113870405025,9.707066404520061,9.926562847497236,2290996
2021-08-23,9.725988388061523,9.962515349168031,9.725988388061523,9.9341323664733,2127311
2021-08-24,9.55190372467041,9.881149724820872,9.50838321502747,9.725987567799525,2699734
2021-08-25,9.53109073638916,9.744910949808858,9.49135347799717,9.631378117080136,2100382
2021-08-26,9.366466522216797,9.601101385324348,9.231173443721275,9.56893424821203,3641086
2021-08-27,9.178192138671875,9.431748701695511,8.893413122613666,9.366467031311812,4232971
2021-08-30,9.440263748168945,9.508383989171882,9.238743398662443,9.366467271555138,2917649
2021-08-31,9.036274909973145,9.896287242346515,8.834754577114449,9.792215713181362,7288769
2021-09-01,9.295509338378906,9.567042908958953,9.177245858495514,9.366467245853192,6530363
2021-09-02,9.150754928588867,9.29550931206468,8.90287459605446,8.940718873418863,107923720
2021-09-03,9.470539093017578,9.480000387363136,9.153592950670918,9.178191774602153,8013490
2021-09-06,9.483784675598145,10.028742966463076,9.461077929765656,9.792216018218934,10923740
2021-09-07,9.489460945129395,9.555689104426046,9.274695153863,9.502706396532984,4927201
2021-09-08,9.460131645202637,9.724095992259887,9.40052711280474,9.517845001398506,3395712
2021-09-09,9.366466522216797,9.405257287096683,9.145078012365703,9.366466522216797,4957623
2021-09-10,9.158324241638184,9.427018343077862,9.141293730163262,9.401473929283611,2780730
2021-09-13,8.911389350891113,9.291725103220339,8.820563266178551,9.291725103220339,4507913
2021-09-14,8.98802375793457,9.09493385586527,8.607688032588493,8.921796503184229,5922800
2021-09-15,8.798802375793457,8.978562453749353,8.723113826940589,8.978562453749353,4518287
2021-09-16,8.66634750366211,8.958694835046195,8.624719069885165,8.846108495087224,3852304
2021-09-17,8.798802375793457,9.023975943972545,8.3834609451531,8.752443297519843,16168743
2021-09-20,8.325748443603516,8.77514908689486,8.271820149861675,8.760958047995569,10468690
2021-09-21,8.514969825744629,8.552814099990124,8.107197612850642,8.401437003008141,6798419
2021-09-22,8.486587524414062,8.571737373846648,8.311557178104998,8.514970506798678,3109459
2021-09-23,9.408096313476562,9.408096313476562,8.514970307968513,8.514970307968513,7101344
2021-09-24,9.461077690124512,9.638945690842593,9.367413042646968,9.461077690124512,6556102
2021-09-27,9.74491024017334,10.238777891237461,9.589748081814715,10.038203144461594,15758925
2021-09-28,9.2245512008667,9.966300103545878,9.2245512008667,9.915209473068572,10073560
2021-09-29,9.2245512008667,9.390120249030309,8.904766477725692,9.341868187419236,4796267
2021-09-30,9.399581909179688,9.461078522573763,9.063713152443365,9.291725310856684,5177959
2021-10-01,9.160216331481934,9.385389919796337,8.999377925217537,9.3664673297517,4426217
2021-10-04,9.19049072265625,9.42228702012814,9.06371244634951,9.24914966478276,2590205
2021-10-05,9.082634925842285,9.187652945745134,8.912335239020654,9.187652945745134,3150218
2021-10-06,8.98802375793457,9.625700188755506,8.969101169560945,9.272801855639715,7811788
2021-10-07,8.969101905822754,9.196168473552492,8.5055092799573,9.196168473552492,5703911
2021-10-08,8.998431205749512,9.243473868284745,8.851784745751468,8.969101733294156,5011155
2021-10-11,9.216035842895508,9.328622175333631,8.969101118778395,9.083580431866103,3091432
2021-10-12,9.304970741271973,9.346599176290008,9.040060795897759,9.172515317445487,3244369
2021-10-13,9.476215362548828,9.62191622825011,9.244419063916016,9.36646669366781,4222049
2021-10-14,9.413772583007812,9.599209808667801,9.39485089588428,9.599209808667801,2555115
2021-10-15,9.839520454406738,9.926562376529706,9.436478883343758,9.457293550246646,6788489
2021-10-18,9.523521423339844,10.091186483502858,9.424180534064623,9.915209647166057,7247808
2021-10-19,9.461077690124512,9.61434686719358,9.35795174840996,9.61434686719358,4198277
2021-10-20,9.185760498046875,9.582180267390964,9.068443510675811,9.508383792305079,5659866
2021-10-21,9.423233985900879,9.53487473827556,9.130886653142008,9.185760538936881,4600022
2021-10-22,9.177245140075684,9.48756855196081,9.13183255203211,9.46107765003239,3393631
2021-10-25,8.900035858154297,9.269964722545607,8.82813236412217,9.269964722545607,4941598
2021-10-26,9.147915840148926,9.161161291360319,8.80069463760621,8.965317189678501,2680997
2021-10-27,9.461077690124512,9.542443376916891,8.94828745255727,9.271856316777757,6421945
2021-10-28,9.349437713623047,10.416647610281023,9.24536617529074,9.989006278831654,13096163
2021-10-29,9.74491024017334,10.113891694102348,9.392011903777012,9.461077727881168,13689193
2021-11-01,10.363665580749512,10.463952959847724,9.890611667420169,10.113892269978724,16616582
2021-11-02,10.81401252746582,10.937006650703024,10.354204075317007,10.568024280991411,14175935
2021-11-03,10.410969734191895,10.995664370956806,10.089292944708731,10.974850606133355,15128290
2021-11-04,11.18299388885498,11.428982132996785,10.600192221274149,10.70237167583191,17086288
2021-11-05,11.258682250976562,11.542514766185782,10.70047941720882,11.3532933901392,12899679
2021-11-08,11.092167854309082,11.627664856061251,10.93511361262679,11.41006049459075,8154189
2021-11-09,11.21137809753418,11.466826741335577,10.92186843152095,10.927545569315834,8454662
2021-11-10,10.933221817016602,11.353293923156759,10.923760522200409,11.222731483352478,4928214
2021-11-11,10.86888599395752,11.287065996873455,10.743999797057173,11.069460740356337,6654254
2021-11-12,10.827258110046387,11.167856600016563,10.475305344570604,10.974851059717082,8204779
2021-11-15,11.256790161132812,11.315449103445259,10.82536560464022,10.832933918307186,7103108
2021-11-16,10.738324165344238,11.343832595360471,10.709940280978179,11.343832595360471,7390803
2021-11-17,10.706155776977539,11.022155433536476,10.45449129879479,10.834826133729914,7400882
2021-11-18,10.05712604522705,10.68912626639814,10.05712604522705,10.596407203728678,8924581
2021-11-19,9.818707466125488,10.259593346785318,9.5273057155593,10.057126506047709,9524809
2021-11-22,10.123353004455566,10.293652692557085,9.7714011578392,9.820598805411697,5377499
2021-11-23,9.89061164855957,10.079833033074731,9.725988186866584,10.077940954571389,4174501
2021-11-24,9.828166961669922,9.873580451710898,9.614346766904553,9.873580451710898,4198997
2021-11-25,9.521629333496094,9.88682665308118,9.48000089931772,9.775185900154924,5232221
2021-11-26,8.543353080749512,9.080742153238022,8.514970099721808,9.025868269613968,16993912
2021-11-29,8.798802375793457,9.142239414339986,8.57173672923485,8.622826454596602,11876111
2021-11-30,8.571737289428711,8.916119938532308,8.344670725751813,8.704191807438274,27225295
2021-12-01,8.996539115905762,9.092095847153546,8.429820552023266,8.740143982690501,7624493
2021-12-02,9.015461921691895,9.076012946479201,8.72784523066125,8.89341338170613,5388874
2021-12-03,8.902873992919922,9.146023661526506,8.780826364586744,9.065604464790388,4961723
2021-12-06,9.285101890563965,9.375927970515557,8.571736897589318,8.940718354924421,8830335
2021-12-07,9.654084205627441,9.693820559030474,9.145078120462438,9.403365319860841,7279233
2021-12-08,9.58407211303711,9.765724276313053,9.309700887392674,9.655976507878245,7538579
2021-12-09,9.394850730895996,9.648407288938065,9.262395314242493,9.648407288938065,3283471
2021-12-10,9.504598617553711,9.574610934793409,9.193329602621455,9.271856724137086,2874043
2021-12-13,9.13561725616455,9.555689359978164,8.971940285410108,9.495138336680112,5336150
2021-12-14,8.659724235534668,8.999377117198243,8.523484667193472,8.89152052909685,10368396
2021-12-15,8.634180068969727,8.748658483505649,8.49983257519568,8.600119950348411,4428631
2021-12-16,8.798802375793457,9.035329316528342,8.704191238588033,8.818670552196435,7593418
2021-12-17,8.609580993652344,8.753388875394144,8.590658405321788,8.743927581228865,5264019
2021-12-20,8.737305641174316,8.742036288682199,8.335210528070657,8.420359476376268,3700074
2021-12-21,9.033437728881836,9.101557065638467,8.766634812744782,8.798802853780153,5620347
2021-12-22,9.451616287231445,9.451616287231445,8.836646605354535,9.082634839016766,5530984
2021-12-23,9.835736274719238,9.962514549679117,9.451616390779641,9.460131194676874,5751217
2021-12-27,9.94548511505127,9.964406801565836,9.474323300987663,9.767617111332349,5007745
2021-12-28,9.94926929473877,10.180120006241564,9.901963724925713,9.934131765036627,3699610
2021-12-29,9.958730697631836,10.102539487065364,9.915209284200587,9.934131873243402,3206426
2021-12-30,10.170659065246582,10.21228749894371,9.735449431944883,9.934132110240848,3614913
2022-01-03,10.30689811706543,10.501796628450471,10.178227763259418,10.219856194836966,6469737
2022-01-04,10.967281341552734,11.209484520657963,10.312574392732945,10.312574392732945,16096380
2022-01-05,11.120551109313965,11.256790686746402,10.800767284985675,11.041078398427848,6677416
2022-01-06,11.164072036743164,11.436551179714545,10.6437125748503,10.972957679611481,9984039
2022-01-07,11.444119453430176,11.603065769988063,11.207592508148581,11.29652650964633,6917189
2022-01-10,11.107305526733398,11.724168226066595,11.05999995554818,11.561437746921277,7275243
2022-01-11,11.222731590270996,11.39113830866572,11.118659150858841,11.277605476625979,3661774
2022-01-12,11.112982749938965,11.400599433949452,11.112982749938965,11.304096212353924,3147885
2022-01-13,11.561437606811523,11.5898205882672,11.097844097549014,11.116766686705272,6385399
2022-01-14,11.353293418884277,11.599281659506989,11.247328906662688,11.599281659506989,4379509
2022-01-17,11.164072036743164,11.447904552528245,11.154610742351966,11.368430942832353,3426078
2022-01-18,11.031617164611816,11.126228308619165,10.515042736438716,11.126228308619165,5107991
2022-01-19,11.01458740234375,11.03729414877168,10.641820871608283,10.842395627923791,4050603
2022-01-20,11.279497146606445,11.315449344125316,10.831042070267138,10.974850860342617,3722170
2022-01-21,10.914299964904785,11.33437116242497,10.882131923926817,11.296526886010213,4323596
2022-01-24,10.217964172363281,10.914299554002076,10.136598484881521,10.914299554002076,7147801
2022-01-25,10.363665580749512,10.785628862997541,10.293653262319966,10.312574949668196,4061594
2022-01-26,11.353293418884277,11.523593108896723,10.473412890191563,10.480982106164067,11380641
2022-01-27,11.763904571533203,12.028814506766086,11.069461241293645,11.353293765896808,11327219
2022-01-28,11.17542552947998,11.82634743229736,11.12811995929505,11.82634743229736,8506544
2022-01-31,11.37221622467041,11.599281880833868,11.253006258931302,11.542515015653647,5945727
2022-02-01,11.811209678649902,11.826347208184181,11.523593008383846,11.542514694732024,6966039
2022-02-02,12.29940128326416,12.768671021902964,11.917173468617456,11.920958527767514,22584994
2022-02-03,12.271018028259277,12.762993599423096,12.204789870816677,12.647568696914925,7729203
2022-02-04,12.29940128326416,12.61161678211857,11.922850606203191,12.157485475522593,19783863
2022-02-07,12.271018028259277,12.488622382242834,11.977724222587222,12.441316813292028,4508337
2022-02-08,12.394012451171875,12.558635005069485,12.21425146519737,12.401580764931621,4477402
2022-02-09,12.390227317810059,12.687305285789796,12.375089788102521,12.58512583241554,5142704
2022-02-10,12.308862686157227,12.564311322798185,12.157485582624998,12.488622771032071,5009232
2022-02-11,12.163162231445312,12.367521147704867,12.078012382244252,12.346707381742823,3503186
2022-02-14,11.446011543273926,12.02124578937781,10.938898436160995,12.017460730263556,10919629
2022-02-15,11.760120391845703,11.996647344844828,11.449796964546783,11.627664973345853,7324641
2022-02-16,11.911497116088867,12.35238296701762,11.835808565734391,11.939880096902122,5266923
2022-02-17,11.145149230957031,12.015568447868311,11.037293544744958,12.015568447868311,10207440
2022-02-18,10.946467399597168,11.88879108076744,10.91430026002812,11.485749480938075,13442039
2022-02-21,11.0126953125,11.504670908056765,10.880239893326124,11.25868265913902,7638797
2022-02-22,11.088383674621582,11.118658734453517,9.934131905360683,10.590730949898347,7680604
2022-02-23,10.441246032714844,11.34383242899624,10.331497360700313,11.2586825817043,7644336
2022-02-24,10.191473960876465,10.312575107685463,9.65976109429069,9.818707420933515,12678874
2022-02-25,10.65128231048584,10.691018666133141,10.151736589146774,10.189581768558,7159760
2022-02-28,10.240671157836914,10.596407170624945,10.06847938679903,10.316359709590907,7238915
2022-03-01,9.483784675598145,10.435568703893482,9.480000518718963,10.350418858160998,12941531
2022-03-02,9.705174446105957,9.778970921599193,8.965317612665377,9.442155683330332,9829542
2022-03-03,9.498922348022461,9.83762875531987,9.429856521407507,9.701389180557962,4884683
2022-03-04,9.2245512008667,9.517845020666126,8.988024246998323,9.498922431262868,9251876
2022-03-07,8.704191207885742,8.995592931992235,8.193293053791628,8.735412756734389,11737596
2022-03-08,8.646479606628418,8.912336043120643,8.374000444041323,8.457258216575925,9836775
2022-03-09,9.620024681091309,9.782755163839983,8.74771332168823,8.88300641013176,8492162
2022-03-10,9.427018165588379,10.189581746704585,9.2851023522156,9.848982350963938,8413983
2022-03-11,9.754371643066406,9.971976000137005,9.385389282749967,9.650299209442473,7456104
2022-03-14,9.650299072265625,9.985221309420002,9.597317268135988,9.886826014734286,5297895
2022-03-15,9.655976295471191,9.678682138672182,9.382550663927981,9.637053706811896,4114952
2022-03-16,10.123353004455566,10.255808417676601,9.76383194195163,9.934131630053148,7640583
2022-03-17,9.796000480651855,10.409078125858475,9.688143885722655,10.407186047359867,6392641
2022-03-18,10.274730682373047,10.492335951894498,9.735449509398721,9.88682661744213,11777642
2022-03-21,9.718420028686523,10.435569222840163,9.69949743879222,10.388263650383154,6866944
2022-03-22,9.792216300964355,9.905749131126303,9.567042719134681,9.746802807988084,4165845
2022-03-23,9.644622802734375,9.886825979520555,9.584071782968161,9.811137430382455,3895938
2022-03-24,9.504598617553711,9.680575449890354,9.366466963827827,9.674898312187253,5101078
2022-03-25,9.731664657592773,9.843305402146049,9.512167325233518,9.754371402633891,4449262
2022-03-28,9.809246063232422,9.949269799062703,9.66922232740214,9.84141410497392,4506323
2022-03-29,10.566132545471191,10.670204082844224,9.788431426132023,9.886826727915434,11506278
2022-03-30,10.369341850280762,10.691018656764381,10.29176121756896,10.662635674509573,5088822
2022-03-31,10.166874885559082,10.524502983870342,10.093078410797993,10.426108586467617,4793647
2022-04-01,10.085509300231934,10.265270292794455,9.97670711657915,10.038203728385021,3165936
2022-04-04,10.080778121948242,10.274730144255875,9.971975944025168,10.123353044140522,3670170
2022-04-05,10.232155799865723,10.501797289736173,10.057126356328071,10.094970633493949,4649289
2022-04-06,9.867904663085938,10.8423954464582,9.721257304142744,10.643712771957183,9749334
2022-04-07,10.288922309875488,10.473413041875103,9.863173980957072,9.953054474462988,5341349
2022-04-08,10.691018104553223,10.780898596376147,10.227425508462254,10.40718558982941,7273613
2022-04-11,11.003233909606934,11.050539480438143,10.374072253704378,10.691018405311151,6614206
2022-04-12,10.918084144592285,11.097844232366931,10.643712914444423,10.927545439285351,4857930
2022-04-13,10.65317440032959,10.918084340538714,10.610599475725424,10.880240063365981,2519593
2022-04-19,10.97485065460205,11.03634726355545,10.69101813896466,10.757245395111196,6040138
2022-04-20,11.093113899230957,11.438443016712784,10.946466546098668,11.107304938239539,6824826
2022-04-21,11.684432029724121,11.783772918510921,11.126228267173333,11.211378116007012,7732662
2022-04-22,11.717545509338379,12.05341335068472,11.471557260807167,11.684431880166624,7025511
2022-04-25,11.48101806640625,11.902035737560665,11.41952055575393,11.73173604932801,5639465
2022-04-26,11.727006912231445,11.939880631276145,11.476288014037042,11.58982084464996,4155675
2022-04-27,11.594551086425781,11.996647078037356,11.594551086425781,11.92095852694326,6712820
2022-04-28,12.346707344055176,12.587964948628843,11.731736714079533,11.783772933383286,9162678
2022-04-29,12.488622665405273,12.961676561081827,12.242634423106576,12.441317095381878,8141217
2022-05-02,11.93988037109375,12.545389690113375,11.82634754295483,12.488622824904557,6918219
2022-05-03,12.04868221282959,12.341976020642694,11.944610682201038,11.987185604339693,3214448
2022-05-04,11.566167831420898,12.204789853368414,11.514131615421535,12.204789853368414,5808259
2022-05-05,11.07419204711914,12.015569227073367,11.07419204711914,11.864192119059645,7869862
2022-05-06,10.62479019165039,10.889701026057615,10.4639526952814,10.880239731483346,5889242
2022-05-09,10.51125717163086,10.728862431471386,10.317305147794029,10.47341289630364,4154686
2022-05-10,10.36461067199707,10.435568575139092,9.830060172563241,10.407185594338022,9129233
2022-05-11,10.572754859924316,10.667365098686563,10.260539357679354,10.293652986360076,5381571
2022-05-12,10.047664642333984,10.601137736721304,9.85844326439787,10.601137736721304,10121473
2022-05-13,10.29365348815918,10.3362284134752,9.612455585381632,10.217964932548202,13238219
2022-05-16,9.801676750183105,10.558563191256878,9.763832473243353,10.454491655242244,14042269
2022-05-18,9.735448837280273,10.142275463769382,9.655029641399372,10.094969895202027,8925731
2022-05-19,9.640837669372559,9.673952198859078,9.375927749431092,9.555688728957518,6362955
2022-05-20,9.555688858032227,9.80640684015179,9.52730497523181,9.754371526241727,4950755
2022-05-23,9.48473072052002,9.659761067653823,9.427018265078575,9.659761067653823,4796382
2022-05-24,9.254826545715332,9.489461428312934,9.203736815946007,9.461078445614142,6801831
2022-05-25,9.555688858032227,9.555688858032227,9.086419128831398,9.32862230702231,10970594
2022-05-27,9.811138153076172,9.891557355243958,9.555689506488275,9.744910893271669,6747764
2022-05-30,10.757246017456055,10.87077884982355,9.92467101114901,9.995628918593852,20279678
2022-05-31,10.76197624206543,10.955928269190686,10.411916463783779,10.861317128129174,12990569
2022-06-01,10.757246017456055,10.951198052202034,10.638982537621738,10.832934572367718,6749529
2022-06-02,10.691018104553223,10.832933910775784,10.544371651152751,10.757245360486593,4760157
2022-06-03,10.492335319519043,10.856587027719169,10.459221691915156,10.785628223106631,4614109
2022-06-07,10.260539054870605,10.615329469885562,9.986167836683519,10.59640688132433,7134957
2022-06-08,9.877365112304688,10.430838215727713,9.84898213072058,10.430838215727713,6510043
2022-06-09,9.69760513305664,10.009820640767872,9.527305437112794,10.009820640767872,5549860
2022-06-10,9.451616287231445,9.73071814806385,9.423233307125393,9.707065815021918,6751878
2022-06-13,8.942610740661621,9.451616845667948,8.902874385709644,9.451616845667948,7788182
2022-06-14,8.916119575500488,9.129939776391721,8.802586749424048,8.940718399597651,4998833
2022-06-15,8.906658172607422,8.988023859891115,8.490371148730876,8.918011545304651,9381338
2022-06-16,8.350347518920898,9.035329534131243,8.325748694837355,9.035329534131243,7801705
2022-06-17,8.707976341247559,8.819616184427916,8.373054104870446,8.537676654336165,5370666
2022-06-20,8.967209815979004,8.972886953861432,8.46766499170521,8.609581709142196,4027544
2022-06-21,8.62471866607666,9.199952007147196,8.602011920614643,9.03722153437433,5211407
2022-06-22,8.439281463623047,8.573628955958963,8.342778246368363,8.524431308125493,6582178
2022-06-23,8.484695434570312,8.846108597837024,8.363593386548734,8.524431790311498,5919844
2022-06-24,8.2311372756958,8.609580918495254,8.0702988854048,8.607687937855784,5569364
2022-06-27,8.333316802978516,8.586874253538461,8.060838568634408,8.23113735231464,5548106
2022-06-28,8.526323318481445,8.887736458419992,8.467664376776204,8.516862024216984,7515669
2022-06-29,8.026779174804688,8.575521654290142,7.947305559793921,8.575521654290142,6925188
2022-06-30,7.699424743652344,8.06462294918101,7.629413330314782,7.99461063356475,8315896
2022-07-01,8.089221954345703,8.236814902604463,7.758083860000124,7.939736927613686,4649545
2022-07-04,8.66634750366211,8.700407623449825,8.075976605402017,8.238707085793909,9518493
2022-07-05,8.514969825744629,9.101556527689151,8.306825866255066,8.988023704952663,10519255
2022-07-06,8.401437759399414,8.876383759737868,8.363593481746754,8.798803125891727,6079210
2022-07-07,8.567952156066895,8.656886160898335,8.448743090888945,8.600120197178946,3577234
2022-07-08,8.743927955627441,8.846108312886004,8.619041754590132,8.698515365791236,5027783
2022-07-11,8.541460990905762,8.764742486523751,8.473341656074549,8.751497035243274,3958076
2022-07-12,8.615257263183594,8.696622949683988,8.4846948318404,8.564167537677243,4025351
2022-07-13,8.539568901062012,8.878275300893895,8.530107606651832,8.694730159362685,4903328
2022-07-14,8.507401466369629,8.798803219444297,8.467665109753655,8.539569508741852,3859643
2022-07-15,8.637964248657227,8.787449272565025,8.429820281793075,8.554706481455826,3786989
2022-07-18,9.082634925842285,9.199951906406481,8.70419127760296,8.70419127760296,5584411
2022-07-19,8.791234016418457,9.033438118165543,8.658779494161859,8.986132544954431,3798714
2022-07-20,8.637964248657227,8.935042218035312,8.571736991950829,8.89341288329526,3216550
2022-07-21,8.514969825744629,8.751496765348646,8.4846947672597,8.732574177086564,3861307
2022-07-22,8.634180068969727,8.791233406212617,8.514970104934475,8.514970104934475,3985455
2022-07-25,8.846108436584473,8.902874400243187,8.549030459782447,8.609581482689473,3260422
2022-07-26,8.62850284576416,8.883952379470887,8.590658570653389,8.804478770143183,3342560
2022-07-27,8.740143775939941,8.84421530910699,8.55281447487203,8.573629142416923,3300472
2022-07-28,8.609580993652344,8.889628443626659,8.609580993652344,8.723113816799662,3816051
2022-07-29,8.861246109008789,9.012623217567352,8.723114452335164,8.723114452335164,6506646
2022-08-01,9.362682342529297,9.459185558187405,8.857461323667293,8.857461323667293,7494172
2022-08-02,9.205628395080566,9.508383502465211,9.196168002880032,9.413772362230253,5504808
2022-08-03,9.617185592651367,9.640837926350668,9.234012192594792,9.281317762272087,6618617
2022-08-04,9.621916770935059,10.12335367172267,9.621916770935059,10.028743429424697,12506599
2022-08-05,9.398634910583496,9.839520770549074,9.243473649860093,9.773293513201121,6386999
2022-08-08,9.328622817993164,9.423233961286133,9.167784415762357,9.400527214713522,3278200
2022-08-09,9.235904693603516,9.368360114304666,9.116694724744606,9.357006740971496,3053722
2022-08-10,9.122371673583984,9.190491009893197,9.056143513465933,9.129939987463498,2439349
2022-08-11,9.319162368774414,9.339976134440366,9.092095806708866,9.13750929957772,3773080
2022-08-12,9.196167945861816,9.351329204332968,9.158323670458216,9.31916206649319,2354511
2022-08-15,9.264286994934082,9.28510166156161,9.069389388642273,9.205628054070202,2135804
2022-08-16,9.508383750915527,9.792216276758133,9.19616824317228,9.19616824317228,6438495
2022-08-17,9.160216331481934,9.546228326060731,9.15832425293322,9.517845343272532,3629207
2022-08-18,9.129940032958984,9.271856746251665,9.012623046733458,9.129940032958984,3711964
2022-08-19,8.940718650817871,9.141293406083289,8.846108410901785,9.141293406083289,4035913
2022-08-22,8.539568901062012,8.906658281845736,8.497940468847398,8.906658281845736,6252232
2022-08-23,8.935042381286621,8.976670814508559,8.539569107702688,8.609581424841998,4165694
2022-08-24,9.205628395080566,9.243473572997512,8.738251636062202,8.970994427490682,5447911
2022-08-25,8.522539138793945,9.12804753363404,8.429820079352913,9.101556631587655,19878402
2022-08-26,8.26898193359375,8.571737042342928,8.147880792372787,8.56227574782105,8918108
2022-08-29,7.947305202484131,8.189509291446285,7.7297008403897,8.189509291446285,8654190
2022-08-30,8.057053565979004,8.204646507872365,7.871616349416474,7.909460624085643,3836411
2022-08-31,8.034347534179688,8.119497385316377,7.882970422060578,8.064623497970766,3612566
2022-09-01,7.519664764404297,7.805389363819555,7.177173751025257,7.786466774692272,17107151
2022-09-02,7.587785243988037,7.682395485799026,7.479928647999196,7.519665003696535,5494239
2022-09-05,7.139329433441162,7.515880112548182,7.067425038822485,7.515880112548182,6824599
2022-09-06,6.855496883392334,7.266107679521273,6.764670802442687,7.095808439386172,9634280
2022-09-07,6.914155960083008,6.933078098241794,6.6454614177725,6.8119760531140745,7186160
2022-09-08,6.804407119750977,7.1752815598557245,6.747640706678905,7.086347106684066,3776551
2022-09-09,7.040934085845947,7.042826164278423,6.876311532597484,6.876311532597484,3313066
2022-09-12,7.2263712882995605,7.356934173739521,7.084455030014499,7.126083913400086,4905038
2022-09-13,7.197988033294678,7.356934354758295,7.0579643011313875,7.332335530035101,5305665
2022-09-14,6.980383396148682,7.114730896301013,6.880096016234703,7.039042341734945,2849445
2022-09-15,7.26989221572876,7.300167726126052,7.029580662108549,7.040934034899951,3739127
2022-09-16,7.245293617248535,7.353149759845367,7.07688645197237,7.16771298599137,4719709
2022-09-19,7.158251762390137,7.205557333916638,6.887665138403201,7.205557333916638,4213635
2022-09-20,7.216910362243652,7.417485573419598,7.1052700599401435,7.173389398208959,3007664
2022-09-21,6.791162014007568,7.17338939526252,6.791162014007568,7.09013207541532,4493944
2022-09-22,6.609508991241455,6.9009102697158315,6.60761691283285,6.736287267404887,4241132
2022-09-23,6.312431335449219,6.622754766620655,6.265126214942691,6.617078079977573,5021289
2022-09-26,6.437317371368408,6.44488613631526,6.151592772725105,6.231065932515428,4592545
2022-09-27,6.399473190307617,6.53760484440675,6.282155752905542,6.450562918379987,3776304
2022-09-28,6.255664825439453,6.312431239871394,5.9926469698963185,6.310539161398804,5333410
2022-09-29,6.681413173675537,7.190419277328848,6.6378922107364735,6.683305703291573,11273488
2022-09-30,6.86306619644165,6.938754748682789,6.554634849805718,6.717365327352037,5445194
2022-10-03,6.433533191680908,6.8687428138255235,6.337029972747412,6.861173597766125,6926259
2022-10-04,6.679521083831787,6.713581203190149,6.495976388865147,6.575449098422606,7324659
2022-10-05,6.717365264892578,6.764670835173112,6.528143886049152,6.726826559404426,5877247
2022-10-06,6.829006195068359,7.110946192372635,6.751425563024524,6.774131858404996,20803123
2022-10-07,6.592479228973389,6.940646935636323,6.565988325502782,6.78170106367332,8022136
2022-10-10,6.528143882751465,6.594371139743533,6.212143774217152,6.58680237482149,6131011
2022-10-11,6.528143882751465,6.6454613180308675,6.357844190739055,6.433533193377544,3209391
2022-10-12,6.1988983154296875,6.5584193857613915,6.1988983154296875,6.495976285735101,5003502
2022-10-13,6.499760627746582,6.5754491813112415,6.168622980331513,6.244311533896172,4730462
2022-10-14,6.499760627746582,6.740072191339805,6.499760627746582,6.717365444814661,3662900
2022-10-17,6.7306108474731445,6.793053948822388,6.433533322013043,6.52435940517229,6168820
2022-10-18,6.944431304931641,6.96335344263693,6.632215807224682,6.753317398310668,5811268
2022-10-19,6.933078289031982,7.0144435304677755,6.870635186275691,6.925509523788056,2782120
2022-10-20,6.883880615234375,6.931186187344739,6.738180193003021,6.861173868439101,2646182
2022-10-21,6.859281539916992,6.8876649723765855,6.683305612085578,6.844144010031445,2346668
2022-10-24,7.037149906158447,7.071209573529295,6.77413160590532,6.8611735294678,13113732
2022-10-25,7.0068745613098145,7.114730703530205,6.717365351685431,7.02390416982821,18317672
2022-10-26,7.663473606109619,8.022993779163027,7.016335399828181,7.190419250945685,24141217
2022-10-27,7.947305202484131,8.11003568000864,7.68239526967565,7.9094609263686335,10727848
2022-10-28,7.824312210083008,8.07597669870702,7.758084048239723,7.93027582538628,4949175
2022-10-31,7.873508930206299,8.058946158601332,7.824312182048013,7.86594061615675,4631148
2022-11-01,8.024887084960938,8.089222266931364,7.773221690439597,7.892431661648588,5251004
2022-11-02,7.839449405670166,8.094898040421581,7.72402359814374,8.060838823973862,4010522
2022-11-03,7.771329402923584,7.879185997675342,7.610491001183058,7.777006540688797,3063440
2022-11-04,7.949198246002197,8.11003574405417,7.886755144804574,7.956766559917836,5041908
2022-11-07,8.096790313720703,8.145987963416648,7.852695046003595,7.994610857361043,3241965
2022-11-08,8.369269371032715,8.40900572558183,8.068407240802506,8.115712811480423,3948622
2022-11-09,8.163018226623535,8.335209995334205,8.060838773364495,8.333317014629037,3961559
2022-11-10,8.310611724853516,8.35791639550265,8.041916720263798,8.193293831810044,3596900
2022-11-11,8.444957733154297,8.592550677254078,8.340886201827953,8.418466830717726,3651558
2022-11-14,8.354131698608398,8.530107624524437,8.304934050306821,8.50929385951287,2323181
2022-11-15,8.41279125213623,8.42035956640676,8.164910914201162,8.308718810407596,3456272
2022-11-16,7.884861946105957,8.410898546687967,7.884861946105957,8.410898546687967,3459628
2022-11-17,7.90189266204834,8.06083898364132,7.807281520027139,7.900000583572511,2115788
2022-11-18,8.136527061462402,8.153556669029657,7.900000122492899,7.9567660825695254,2602125
2022-11-21,8.017317771911621,8.136527741684482,7.954874669239823,8.136527741684482,2017320
2022-11-22,7.854587078094482,8.041916381073642,7.854587078094482,7.994610810140995,1689865
2022-11-23,8.041915893554688,8.102466912404292,7.782682210655527,7.85269452357384,2314463
2022-11-24,8.272767066955566,8.272767066955566,8.041916350856589,8.051377645463312,2646838
2022-11-25,8.295473098754883,8.312503609888552,8.155449364062273,8.27844348989995,1578853
2022-11-28,8.272767066955566,8.513078175382551,8.127066197759666,8.136527492366389,1430766
2022-11-29,8.314395904541016,8.354132261088019,8.166802949698925,8.268982410042293,1703711
2022-11-30,8.333316802978516,8.526323234035766,8.23113735231464,8.23113735231464,3000195
2022-12-01,8.2122163772583,8.409006079831592,8.2122163772583,8.371161802150718,1293203
2022-12-02,8.376838684082031,8.405221665905689,8.161126398120526,8.231137813437465,2254040
2022-12-05,8.675808906555176,8.749605382542263,8.354132098756905,8.422252339181329,5114991
2022-12-06,8.446850776672363,8.675808508204565,8.378730539375688,8.675808508204565,3878102
2022-12-07,8.346562385559082,8.600119840118468,8.325748620789525,8.492263250339414,2224715
2022-12-08,8.3068265914917,8.39954565796924,8.238707252814041,8.346562947576896,1521181
2022-12-09,8.26519775390625,8.397653170011205,8.155449083679711,8.30871826494096,2702436
2022-12-12,8.013533592224121,8.246275490984065,8.009748532908915,8.23492301987467,1843768
2022-12-13,8.22167682647705,8.308718755969174,8.060839321936966,8.13652787781892,3453138
2022-12-14,7.983257293701172,8.136527376862414,7.8602631723959115,8.136527376862414,3401785
2022-12-15,8.022994041442871,8.132742716783653,7.890539521444295,7.913246268380836,1834621
2022-12-16,7.862156391143799,7.954874553400164,7.720239676597118,7.890539373141643,2305121
2022-12-19,7.824312210083008,7.932167903905447,7.758084048239723,7.805389620333858,1936647
2022-12-20,7.847017765045166,7.860263216469332,7.576431598935086,7.691856504853877,2436417
2022-12-21,7.888647079467773,7.934059668969864,7.777006330738906,7.8508028037433455,1866029
2022-12-22,7.761868953704834,7.975689160871046,7.714563382548367,7.856479193739046,1747830
2022-12-23,7.597245216369629,7.74862231671752,7.5594009412826555,7.74862231671752,2516832
2022-12-27,7.372071743011475,7.706993988042979,7.339904153870588,7.587784925947584,2684713
2022-12-28,6.978491306304932,7.336120312530596,6.798730763932464,7.336120312530596,8374682
2022-12-29,7.06742525100708,7.101485370893044,6.823329529715142,6.980383323928773,5434392
2022-12-30,6.948215484619141,7.095808429888964,6.88955699288181,7.095808429888964,4784082
2023-01-02,7.302060127258301,7.33422771749602,6.969030400448573,6.969030400448573,3401086
2023-01-03,7.351257801055908,7.623736505270501,7.309628915893673,7.379641234380015,4348355
2023-01-04,7.275568962097168,7.4647903397158215,7.09391634935539,7.457221574838946,3473731
2023-01-05,7.320981979370117,7.409915981455999,7.230155898855831,7.402347216603033,3434607
2023-01-06,7.430730819702148,7.5272335888614625,7.218802692106688,7.233940222160924,2635699
2023-01-09,7.5404791831970215,7.566970538002496,7.417485508544649,7.566970538002496,1746438
2023-01-10,7.559401035308838,7.559401035308838,7.3947784817468145,7.474251640873707,1561751
2023-01-11,7.820527076721191,7.83755758778993,7.529126235117436,7.56886259047994,2653439
2023-01-12,7.351257801055908,7.6823954504272,7.023904308701585,7.648335330438272,12589469
2023-01-13,7.582108020782471,7.644551122540529,7.398563323639443,7.430730913766417,4043550
2023-01-16,7.54237174987793,7.642659129511502,7.51966500311585,7.570754732191161,1129050
2023-01-17,7.462898254394531,7.568862315991062,7.379640938547025,7.544263491809402,1888669
2023-01-18,7.714563369750977,7.7675451762645435,7.417485393933343,7.417485393933343,3162891
2023-01-19,7.665365695953369,7.7391621700547715,7.587785064906885,7.674826990594792,1665606
2023-01-20,7.83566427230835,7.917029960337794,7.706993916932019,7.706993916932019,2842078
2023-01-23,8.004072189331055,8.032455171278968,7.758083939705865,7.833772493086119,1937267
2023-01-24,8.159233093261719,8.16680230917744,8.013533130683275,8.021101444320307,2420750
2023-01-25,8.573629379272461,8.770419980322664,8.257628809577236,8.257628809577236,9295593
2023-01-26,8.639856338500977,8.69283814393604,8.354131741649448,8.685269830176004,3339224
2023-01-27,8.77042007446289,8.787449683475515,8.584982844735034,8.609581670130348,3166804
2023-01-30,8.694730758666992,9.23779700470883,8.664455697202076,8.916120190819997,8843940
2023-01-31,8.940718650817871,9.10155705118181,8.719329227722701,8.798802839804381,5845918
2023-02-01,9.489460945129395,9.54622780991528,9.228335171671734,9.31916215532915,14310330
2023-02-02,9.787485122680664,9.91047924092081,9.584071807986527,9.584071807986527,7630189
2023-02-03,10.04293441772461,10.113892324651845,9.740180200286412,9.85844367925805,9138411
2023-02-06,10.478143692016602,10.572754832814969,10.019281734385551,10.028743028921129,9566113
2023-02-07,10.170659065246582,10.738324118171837,10.1470067306575,10.691018546714945,9246758
2023-02-08,10.161197662353516,10.36461098585811,10.024012499095194,10.331497356874333,5385018
2023-02-09,9.948324203491211,10.217964791929388,9.89628798387025,10.123353647578321,7775853
2023-02-10,9.825329780578613,9.948323903616059,9.48946104030738,9.84425146751122,6520695
2023-02-13,9.574610710144043,9.915209189140935,9.417557373076447,9.905748796988934,5954043
2023-02-14,9.773293495178223,9.834791007412521,9.498922269455765,9.498922269455765,3435074
2023-02-15,9.867904663085938,10.284191698942074,9.867904663085938,10.12335330042798,8577011
2023-02-16,10.818742752075195,10.842395085424922,9.588802470037093,10.170658532315713,19078454
2023-02-17,10.97485065460205,11.239760581466893,10.69101813896466,10.785628375991328,14345999
2023-02-20,10.951197624206543,11.13568925908731,10.752514949758671,11.126227964523434,5614649
2023-02-21,10.785628318786621,10.90862243831978,10.738323651663528,10.90862243831978,3015158
2023-02-22,10.359880447387695,10.638982326438835,9.938862756263891,10.59640740236129,8075189
2023-02-23,10.620060920715332,10.71467116384522,10.411916942183577,10.411916942183577,4411088
2023-02-24,10.586945533752441,10.861316750558432,10.492335298258567,10.790358848368356,4592022
2023-02-27,10.747784614562988,10.77616849907881,10.487605322452438,10.539641541786043,4621266
2023-02-28,10.776167869567871,10.8376644778689,10.638981809258263,10.785628261575093,4045412
2023-03-01,10.738324165344238,10.828203759000566,10.620060687321851,10.785628834730208,2948543
2023-03-02,10.738324165344238,10.889701272848297,10.653174316803524,10.676826651496507,3041935
2023-03-03,10.681556701660156,10.785628231680633,10.54910128886063,10.691017995919841,3601843
2023-03-06,10.97485065460205,11.116766461281399,10.780898631076884,10.785628375991328,7831280
2023-03-07,10.9843111038208,11.041077968154907,10.828203354750382,11.031616673719439,4559283
2023-03-08,11.192455291748047,11.287066433419723,10.785628645750045,10.894431729356088,5608883
2023-03-09,11.21137809753418,11.230299784866745,11.121497601437978,11.230299784866745,3106218
2023-03-10,10.880239486694336,11.09311409843244,10.880239486694336,10.984311017833692,3913266
2023-03-13,10.217964172363281,10.818742827323248,10.123353033748959,10.752514669381748,6058485
2023-03-14,10.672096252441406,10.681557547450257,10.061857160830591,10.104432086091666,5602139
2023-03-15,10.061856269836426,10.63425103300408,9.948323446619998,10.596406758598604,4084038
2023-03-16,10.076047897338867,10.317305499119717,9.844251590281672,10.061856857532112,3850893
2023-03-17,9.626646995544434,10.355149528582436,9.522574560625644,10.288922271654991,8068903
2023-03-20,9.867904663085938,9.905748939072858,9.235904442053506,9.47526996136711,5097659
2023-03-21,10.1422758102417,10.180120085932655,9.891556919864932,9.94359313729451,3908581
2023-03-22,9.981437683105469,10.184851008803685,9.910479777049487,10.170659066680997,1978507
2023-03-23,9.948324203491211,9.990899128221317,9.744910874731534,9.773293857125358,1927318
2023-03-24,9.669221878051758,9.934131806931905,9.480000500280225,9.934131806931905,4664178
2023-03-27,9.80640697479248,9.848981897298971,9.427017731359975,9.588802617340374,3270475
2023-03-28,9.5888032913208,9.848982589566951,9.517845382915374,9.81586895912967,1576989
2023-03-29,9.574610710144043,9.67395249710899,9.498922159255844,9.631377574449541,2192339
2023-03-30,10.052395820617676,10.076048155754687,9.565149957197976,9.565149957197976,3050388
2023-03-31,10.156466484069824,10.156466484069824,9.953054073477958,10.014550680907373,1987825
2023-04-03,9.886826515197754,10.142276059088331,9.886826515197754,10.085509193019739,1688822
2023-04-04,9.759101867675781,9.986168432566402,9.759101867675781,9.896287936094671,1713386
2023-04-05,9.839520454406738,9.9057486119055,9.74491021870358,9.78275449344058,912290
2023-04-11,9.910479545593262,10.199041810452135,9.716527519173194,10.061856648918319,3770290
2023-04-12,9.655030250549316,9.896287853413314,9.588802991743849,9.896287853413314,3349485
2023-04-13,9.33240795135498,9.56988049730499,9.22455135541828,9.555689457293509,6179475
2023-04-14,9.508383750915527,9.707066428777479,9.281318091152935,9.319162367780034,4223561
2023-04-17,9.740180015563965,9.754371957591758,9.409988410191923,9.409988410191923,2897876
2023-04-18,9.886826515197754,9.971976363161279,9.735449408719807,9.778024332701571,2897056
2023-04-19,9.621916770935059,9.919940342477851,9.522574978901632,9.844251787727975,2385803
2023-04-20,9.6361083984375,9.673952674575846,9.508383628116066,9.565149591184227,1251739
2023-04-21,9.470539093017578,9.550958290397439,9.370251718879262,9.550958290397439,2207643
2023-04-24,9.655030250549316,9.721257509354784,9.480000808769516,9.555689362341116,1767847
2023-04-25,9.527305603027344,9.607724805036995,9.465808990798195,9.536766897917595,2450027
2023-04-26,9.328622817993164,9.498922515009014,9.290778541131722,9.465808885540095,2568881
2023-04-27,9.470539093017578,9.527305054533544,9.271856423154318,9.366466659773824,2269264
2023-04-28,9.773293495178223,9.773293495178223,9.413772423149018,9.470539288113086,2538617
2023-05-02,9.953054428100586,10.142275806485278,9.792216030903921,9.796945775869672,4243741
2023-05-03,10.00508975982666,10.14700647055959,9.84898200961553,9.995628465322056,3120738
2023-05-04,9.655030250549316,9.934132130199114,9.65029960316625,9.934132130199114,2101394
2023-05-05,10.326766967773438,10.355149950143723,9.995628865098075,10.028743397188604,6344063
2023-05-08,10.31257438659668,10.501796663419778,10.189581169851825,10.454491094214003,2689547
2023-05-09,10.336228370666504,10.350419410860567,10.142276334931806,10.232155930423373,2455213
2023-05-10,10.426108360290527,10.549101579945482,10.24634737351106,10.350418906403215,4578008
2023-05-11,10.482874870300293,10.643713276437651,10.26527049863137,10.501797460329984,4798910
2023-05-12,10.04293441772461,10.747784644122124,9.863174326690364,10.615330125132283,14643710
2023-05-15,11.239760398864746,11.348562575703216,10.265269649877435,10.340958199180605,16905619
2023-05-16,11.424251556396484,11.835808848267087,11.230299528698474,11.34383235694033,11853489
2023-05-19,11.462096214294434,11.868922872422045,11.462096214294434,11.60401293103322,5545370
2023-05-22,12.015568733215332,12.17167648222306,11.589820408855955,11.69862258798404,10440289
2023-05-23,12.157485961914062,12.157485961914062,11.712815029706272,12.081797407786617,6061132
2023-05-24,11.996646881103516,12.176406961431423,11.826347192798044,12.015568567427076,5921479
2023-05-25,12.129101753234863,12.289940152026668,11.807424955651253,11.911497391504017,4705062
2023-05-26,12.209521293640137,12.365629049500626,12.07233612747364,12.242634923325886,4925271
2023-05-30,12.03922176361084,12.341975962022236,11.88311401727013,12.22371249048295,4613818
2023-05-31,12.242634773254395,12.460240040674195,12.110180256135038,12.214251791340065,10775022
2023-06-01,12.611617088317871,12.80556911800373,12.242634716041037,12.394012724193725,6753145
2023-06-02,12.261557579040527,12.796108108871708,12.24263498924465,12.687305924381633,4936709
2023-06-05,11.807424545288086,12.450778118095762,11.755389231448888,12.394012157129604,4987766
2023-06-06,11.797965049743652,12.237905340912912,11.760120772131176,12.200061063300437,5528485
2023-06-07,11.656047821044922,11.845270103091497,11.604012505532953,11.797964532579853,2627098
2023-06-08,11.367486000061035,11.670240219536332,10.889701433527366,11.618203999709486,4842547
2023-06-09,11.466826438903809,11.50467071484955,11.154610936781774,11.258682470062883,2789679
2023-06-12,11.868922233581543,11.868922233581543,11.414790027651174,11.679700857060013,4639158
2023-06-13,11.89257526397705,12.072336258912195,11.821617356409494,11.920959148827073,3446367
2023-06-14,11.845270156860352,12.053413224410464,11.840539509559843,11.920958709111067,2291940
2023-06-15,11.54251480102539,11.82634731709132,11.53305350662483,11.816886022690761,2069194
2023-06-16,11.443174362182617,11.561437839957986,11.372216455973142,11.547245897804597,2428232
2023-06-19,11.225568771362305,11.3911378159465,11.102574649736294,11.381676521449412,2396309
2023-06-20,10.96065902709961,11.164072350839847,10.894431769055334,11.164072350839847,2201224
2023-06-21,11.003233909606934,11.055270127749136,10.691018405311151,10.946467044153739,2886276
2023-06-22,10.648443222045898,10.965389365921478,10.572754671473703,10.93227573783098,5434158
2023-06-23,10.747784614562988,11.00323416153297,10.28419199481606,10.932276254800888,6783950
2023-06-26,10.520718574523926,10.946466901915201,10.326766548687026,10.932275862445337,4621216
2023-06-27,9.934131622314453,10.54910131421292,9.65029910979259,10.515987686503129,10872468
2023-06-28,10.014551162719727,10.303114332282332,9.98143753387393,10.066587380779533,5070588
2023-06-29,9.825329780578613,10.03820349553369,9.69760501023834,10.028743103206743,6405727
2023-06-30,9.74491024017334,9.83006008408886,9.673952337669968,9.81113749553933,5321626
2023-07-03,9.905749320983887,10.085509413282644,9.773293898783557,9.792216488645924,6794295
2023-07-04,9.905749320983887,9.967245933479088,9.74018026880316,9.905749320983887,3384530
2023-07-05,9.778024673461914,10.000359693564844,9.744911043050708,9.858443876865742,4762254
2023-07-06,9.778024673461914,10.482874913987807,9.763832730880502,10.303114819350359,16939865
2023-07-07,9.957784652709961,10.02401281504369,9.541497600212045,9.8016768952384,4974303
2023-07-10,9.848981857299805,9.97197597712141,9.782754601349206,9.97197597712141,3465186
2023-07-11,9.650299072265625,9.839520445784817,9.650299072265625,9.773293190622772,2539381
2023-07-12,9.749641418457031,9.811138030035885,9.536766797071131,9.650299627717366,2979067
2023-07-13,10.014551162719727,10.123353343864123,9.75910162200292,9.839520821605019,5893114
2023-07-14,9.754371643066406,10.028742864139032,9.70233542625444,10.009820275378791,3413457
2023-07-17,9.778024673461914,9.811138303873122,9.640838602011192,9.721257805415018,2078180
2023-07-18,9.69287395477295,9.811137425527543,9.659760327326252,9.811137425527543,2422105
2023-07-19,9.655030250549316,9.778024375672848,9.655030250549316,9.744910746270115,1792106
2023-07-20,9.650299072265625,9.740179563041748,9.640837778019996,9.650299072265625,1881443
2023-07-21,9.787485122680664,9.89155665244755,9.621916082654366,9.63610802400931,2856025
2023-07-24,9.67395305633545,9.763832651786707,9.612455541259587,9.744910964110192,2785531
2023-07-25,9.617185592651367,9.76383204660016,9.60299365106457,9.697604790419161,2609043
2023-07-26,9.602993965148926,9.735449384121823,9.489461135577322,9.602993965148926,3983441
2023-07-27,9.53676700592041,9.68341346926509,9.489461433212167,9.664491781549044,3656588
2023-07-28,9.522574424743652,9.555688955013553,9.330515382394642,9.555688955013553,6733889
2023-07-31,9.593533515930176,9.640838184595909,9.408096291377456,9.508383668685907,3750322
2023-08-01,9.6077241897583,9.749640897187495,9.513113953750855,9.555688875751745,6104779
2023-08-02,9.480000495910645,9.593533322521235,9.321054177744339,9.555689046984371,7162247
2023-08-03,9.522574424743652,9.555688955013553,9.353221225675263,9.413772246407198,5527696
2023-08-04,9.678682327270508,9.82059903814454,9.494191595640844,9.744910486589871,14813197
2023-08-07,9.593533515930176,9.763832308139992,9.584072221285542,9.645568831918226,5578453
2023-08-08,9.199952125549316,9.574610723658326,9.092095534355984,9.574610723658326,14995628
2023-08-09,9.470539093017578,9.65976046853528,9.383497170051566,9.498922073775562,10371368
2023-08-10,9.494192123413086,9.565150031655225,9.413772920130993,9.413772920130993,5443153
2023-08-11,9.532035827636719,9.617185673314296,9.413772353590907,9.413772353590907,7240356
2023-08-14,9.428910255432129,9.550958793449299,9.38538974279623,9.489461279242771,4771282
2023-08-15,9.262394905090332,9.4989218443442,9.234011925017894,9.465808217213246,7903705
2023-08-16,9.286993980407715,9.383497198006786,9.192382841227655,9.271856450776939,4522304
2023-08-17,9.256719589233398,9.461078509694843,9.039114314325463,9.224551546952473,11476780
2023-08-18,9.252934455871582,9.347545601123672,9.143185780017207,9.205628883245536,5797363
2023-08-21,9.550958633422852,9.650299520782992,9.234012479692979,9.271856756155707,11690446
2023-08-22,9.801676750183105,9.844251674525168,9.602994070679724,9.650299642424097,8490561
2023-08-23,9.678682327270508,9.848982019407863,9.59826403073754,9.82059903814454,8270159
2023-08-24,8.923688888549805,9.744910484819599,8.902874221078505,9.631377657508223,35444419
2023-08-25,8.654994010925293,8.967209515639349,8.632287264713595,8.940718612485274,21050854
2023-08-28,8.444957733154297,8.812048014983805,8.401437222659556,8.664455070884024,11539169
2023-08-29,8.547138214111328,8.60768833355524,8.38629981642651,8.514970173662881,10086595
2023-08-30,8.588767051696777,8.679593137423142,8.475234218969135,8.558491088268823,5400772
2023-08-31,8.541460990905762,8.647425503428279,8.492263342641502,8.554706442186239,6004215
2023-09-01,8.700407028198242,8.747712596509354,8.581197068236532,8.58308914660439,8195984
2023-09-04,9.054251670837402,9.120479832680536,8.685270193517221,8.694730586113034,7980819
2023-09-05,8.97477912902832,9.08831196283308,8.885845120995198,9.054251842008025,5401557
2023-09-06,8.768527030944824,9.033437872820663,8.768527030944824,8.970994770515981,9211383
2023-09-07,8.704191207885742,8.827185324907486,8.660670698474256,8.685269521878604,4656990
2023-09-08,8.609580993652344,8.740143424474224,8.524431150722187,8.609580993652344,7393291
2023-09-11,8.760958671569824,8.764742828575155,8.577413522630264,8.60768858323038,4041010
2023-09-12,8.77231216430664,8.92179719539738,8.645532977835781,8.730682827566248,5404561
2023-09-13,8.603903770446777,8.802586434543063,8.573628712154186,8.723113729816014,4306040
2023-09-14,8.42982006072998,8.55849041389351,8.378730335142148,8.514969904135928,10685019
2023-09-15,8.526323318481445,8.541460847937374,8.227353277042454,8.363592846703176,19073369
2023-09-18,8.344670295715332,8.514969984127053,8.316287315072941,8.46766441487061,6886538
2023-09-19,8.393868446350098,8.461988686708123,8.276551457660707,8.325749108270813,5343724
2023-09-20,8.530107498168945,8.615257342220259,8.335209888558595,8.335209888558595,6299756
2023-09-21,8.477126121520996,8.503617025046287,8.390084194675584,8.501724946548585,3733041
2023-09-22,8.376838684082031,8.435497628492485,8.297365974064299,8.36359323241241,3706008
2023-09-25,8.075976371765137,8.331425007086088,8.062730920388447,8.308718261217846,7771207
2023-09-26,7.985149383544922,8.079760523846778,7.918922126700846,8.060838837153629,5914501
2023-09-27,7.9321675300598145,8.089221769372278,7.882969881765214,7.93784466762849,4671055
2023-09-28,8.032455444335938,8.032455444335938,7.786467186348571,7.947305593318868,8705821
2023-09-29,8.081652641296387,8.17437170360433,8.026778757114817,8.041916286998143,5009405
2023-10-02,8.026779174804688,8.1743721289745,8.005964506207789,8.079760983292696,5522429
2023-10-03,7.767545223236084,7.975689195870704,7.752407693037629,7.9473053116850325,8806128
2023-10-04,7.860263347625732,8.147880931415283,7.606706785607675,7.68428741699783,12379020
2023-10-05,8.21032428741455,8.231138053629191,7.981365640823489,7.996503171419251,9678639
2023-10-06,8.284119606018066,8.427928397933485,8.15355716802845,8.231137799429742,8107342
2023-10-09,7.852694988250732,8.119497000369723,7.843233693622159,8.08922194029275,7899647
2023-10-10,8.136527061462402,8.136527061462402,7.852694554243264,7.852694554243264,5399217
2023-10-11,8.168694496154785,8.193293320359453,8.060838807164084,8.062730885598489,3420112
2023-10-12,8.287904739379883,8.439281846573879,8.193293596244269,8.278443444610575,8443798
2023-10-13,8.132742881774902,8.29736634926521,8.077868994130643,8.231138185643587,6458713
2023-10-16,8.183832168579102,8.187617227792598,7.869724586024425,8.089221929258578,6941449
2023-10-17,8.041915893554688,8.2159997343928,7.928383071566179,8.087329383261556,4098848
2023-10-18,7.735376834869385,8.022993504845312,7.710778011046487,7.977580916288282,7928381
2023-10-19,7.773221492767334,7.824312123613924,7.616168150067242,7.710778390931202,6073937
2023-10-20,7.493174076080322,7.65212040064319,7.419377600471804,7.642659105808543,9831443
2023-10-23,7.459113597869873,7.517772540293505,7.349365380121962,7.474251578650536,5280848
2023-10-24,7.731593132019043,7.794036234445149,7.436407679951826,7.436407679951826,7571555
2023-10-25,7.455329418182373,7.843233463800354,7.451544810213969,7.758083619195687,4984051
2023-10-26,7.483712673187256,7.604814718941662,7.381533216828917,7.408024120160433,4599419
2023-10-27,7.500742435455322,7.5594009263827076,7.275568863789859,7.4666827683999175,9865281
2023-10-30,7.597245216369629,7.737269846242249,7.455329410363153,7.521556666195683,12669024
2023-10-31,7.582108020782471,7.682395399294542,7.534802900409636,7.568862569032502,9320714
2023-11-01,7.714563369750977,7.7675451762645435,7.474251808543319,7.729700899857893,24270366
2023-11-02,8.514969825744629,8.732574177086564,8.233029396134548,8.233029396134548,41552199
2023-11-03,9.056143760681152,9.056143760681152,8.60958164984444,8.696623577785948,27438358
2023-11-06,9.101556777954102,9.364574626534285,8.988023952095809,9.241580506284794,18601903
2023-11-07,8.902873992919922,9.042897719454288,8.71554469731513,9.006946425330595,12904516
2023-11-08,9.177245140075684,9.20562812038775,8.798802394985858,8.798802394985858,12044689
2023-11-09,9.309700965881348,9.347545242072787,9.037221816391494,9.14886256649805,16196838
2023-11-10,9.084527015686035,9.232119957480407,8.969101211085608,9.22265866324979,13725766
2023-11-13,8.950180053710938,9.186707009779115,8.925581228625157,9.08263547392946,7558789
2023-11-14,9.008838653564453,9.071281753137942,8.802586765989622,8.802586765989622,8010479
2023-11-15,9.249150276184082,9.36457518737766,8.997485785345438,9.022084610868557,12956961
2023-11-16,9.258611679077148,9.330516077948937,9.152647159327339,9.27185713126103,6024670
2023-11-17,9.423233985900879,9.447832811039008,8.944503837239207,8.988024349718115,14086528
2023-11-20,9.53676700592041,9.579341931129955,9.355113931541105,9.447832998413864,9496808
2023-11-21,9.345653533935547,9.69760540669024,9.29834796125204,9.560419336135944,8398789
2023-11-22,9.451616287231445,9.451616287231445,9.254825700301659,9.31916177855076,3498816
2023-11-23,9.461077690124512,9.517844553267878,9.338083571879451,9.442155101650497,5334514
2023-11-24,9.38728141784668,9.48946087138855,9.347545063944697,9.46580853757414,7136585
2023-11-27,9.095880508422852,9.409988082342103,9.095880508422852,9.319162002453346,4412993
2023-11-28,9.164000511169434,9.199952710519865,9.050467677458007,9.082635719701685,2989441
2023-11-29,9.432695388793945,9.513114591040887,9.186707134594034,9.186707134594034,7084951
2023-11-30,9.411880493164062,9.494191771951346,9.315377272342216,9.494191771951346,7184334
2023-12-01,9.782754898071289,9.853712803353263,9.522574708999093,9.522574708999093,13604499
2023-12-04,9.64556884765625,9.87263540810436,9.56988029493312,9.76383232407098,3743798
2023-12-05,9.730718612670898,9.759101594132137,9.52730529059482,9.55568917433477,5087457
2023-12-06,10.118622779846191,10.165928350991862,9.792216233726375,9.830060510187167,10137246
2023-12-07,10.161197662353516,10.161197662353516,9.825329822913815,10.028743146418408,6360185
2023-12-08,10.269999504089355,10.392993623586548,10.099700717482902,10.170658620425483,7305225
2023-12-11,10.217964172363281,10.50179668592756,10.17065860305612,10.265269741670442,7985416
2023-12-12,10.397724151611328,10.482873995078213,10.137544876376893,10.21796407273132,5948368
2023-12-13,10.30311393737793,10.51598764420406,10.217964093736004,10.407185467229903,5702515
2023-12-14,10.582216262817383,10.643712873528466,10.35988034977863,10.397724626126692,7547000
2023-12-15,10.894432067871094,10.955928680273422,10.577485906385068,10.643713166245844,11192171
2023-12-18,10.520718574523926,10.884970292228818,10.515987927274404,10.861317055981205,6010384
2023-12-19,10.345688819885254,10.553831878798258,10.213233407803516,10.501796565209345,5053431
2023-12-20,10.350419044494629,10.511257444378437,10.284191786523197,10.350419044494629,3768714
2023-12-21,10.208502769470215,10.364610514928431,10.175389141991,10.284191318645187,3028586
2023-12-22,10.260539054870605,10.955927943479596,10.151735975200886,10.880239393792033,15343092
2023-12-27,10.199042320251465,10.312575153420198,10.142276354806475,10.312575153420198,3119982
2023-12-28,10.071317672729492,10.21323347771237,9.981437181691705,10.203772183439195,3793932
2023-12-29,10.1422758102417,10.1422758102417,9.990898707477879,10.028742983168835,2813031
2024-01-02,10.407185554504395,10.482874104536677,10.123353040743991,10.142275629391406,5976194
2024-01-03,10.426108360290527,10.549101579945482,10.312574630598913,10.34095851416117,5292382
2024-01-04,10.776167869567871,10.776167869567871,10.359879943774782,10.407185512925635,7359452
2024-01-05,11.003233909606934,11.017425851539912,10.558562987439508,10.766706957729602,8765681
2024-01-08,11.055270195007324,11.08365317676724,10.75724572855268,10.908622834310528,6069846
2024-01-09,11.201916694641113,11.263413305726985,11.022155704183225,11.069461275476286,6135752
2024-01-10,11.329641342163086,11.40059924718491,11.10730543020833,11.201916571756573,9070720
2024-01-11,11.9020357131958,12.01556853769226,11.400598846100097,11.424251179515686,21747375
2024-01-12,11.646587371826172,12.015568834999902,11.641856724570264,11.949341577974609,13004262
2024-01-15,11.462096214294434,11.514132433993197,11.272874827588131,11.29652716257189,6128343
2024-01-16,11.277605056762695,11.395868531852676,11.145149639841584,11.353293608637985,5474315
2024-01-17,11.239760398864746,11.282335320632614,10.927544907419504,11.164071849561576,6664495
2024-01-18,11.339101791381836,11.37694606773525,11.149880409614765,11.301257515028421,7964662
2024-01-19,11.452634811401367,11.769580969500437,11.414790534416944,11.585090231986216,14332970
2024-01-22,11.656047821044922,11.708084038835601,11.40532983120702,11.542514993184204,5449261
2024-01-23,12.124371528625488,12.341976800221241,11.82634795710899,11.86892288193688,16091678
2024-01-24,12.668383598327637,12.885987956339664,12.427126004262979,12.677843990469992,16005172
2024-01-25,12.692036628723145,12.867066976004635,12.550120813732882,12.67784468631262,10144390
2024-01-26,12.673114776611328,12.800838647533082,12.469701449428047,12.59269557521977,6114499
2024-01-29,12.526467323303223,12.62580911361235,12.356168529211292,12.535928618052422,7468213
2024-01-30,12.412934303283691,12.677844236258151,12.375090027144482,12.564311407840526,5062295
2024-01-31,12.266287803649902,12.384551278961176,12.062874481749919,12.375089984389383,5183336
2024-02-01,12.304132461547852,12.436587882827899,12.006107989237428,12.072336151016822,3720502
2024-02-02,12.91910171508789,13.075209465498007,12.512275975937143,12.512275975937143,12905179
2024-02-05,13.519880294799805,13.586107551428379,13.013712771072958,13.013712771072958,11451316
2024-02-06,13.765869140625,13.784790828086336,13.273892634727906,13.567186459747903,7492446
2024-02-07,13.794251441955566,13.817903775684242,13.515149573019453,13.813174030761463,6176820
2024-02-08,13.869939804077148,13.945628353714454,13.694910371395386,13.813173842988512,4544280
2024-02-09,13.945629119873047,14.030778968462732,13.680719181588596,13.851018878767967,6345121
2024-02-12,14.078083992004395,14.078083992004395,13.765868494184591,14.002395441155878,5584411
2024-02-13,13.978742599487305,14.068623094510315,13.827365493519325,14.068623094510315,4855741
2024-02-14,14.267305374145508,14.324072238441216,13.907784306349214,13.907784306349214,7100083
2024-02-15,14.172694206237793,14.518024233982688,14.10173630271824,14.309880268350465,7600817
2024-02-16,15.672276496887207,16.178444034714698,15.024192245115257,15.137725074903587,34738481
2024-02-19,15.97976016998291,16.178443746420424,15.847305655396182,16.036527937283584,13291984
2024-02-20,16.694072723388672,16.694072723388672,15.563474180329683,16.027066790206394,18042929
2024-02-21,16.6136531829834,17.23335446849027,16.367664927772065,16.84071884828059,18694042
2024-02-22,16.01760482788086,16.8123354987007,15.752694002755126,16.689340478101933,15414925
2024-02-23,15.695928573608398,16.012873820970967,15.530360430143986,15.97503044727514,8987500
2024-02-26,16.064910888671875,16.173713075069795,15.686468108905743,15.686468108905743,7356626
2024-02-27,16.556886672973633,16.556886672973633,16.003414470378942,16.107485102367146,6600169
2024-02-28,16.21628761291504,16.717725411966345,16.159521648446535,16.60419167847186,9645775
2024-02-29,16.5379638671875,16.57107749573537,15.904071570680921,16.17844369814317,9011531
2024-03-01,16.62311363220215,16.85964058042257,16.50958170760849,16.66568855506412,8024504
2024-03-04,16.75556755065918,16.878562569917676,16.589999414608137,16.727185472797483,6485907
2024-03-05,16.802875518798828,16.859641484138443,16.51904208298575,16.67042099815389,6093523
2024-03-06,16.542695999145508,17.015749914549772,16.38658734087451,16.935329810561157,8451915
2024-03-07,16.254133224487305,16.651498595448324,16.140599487973788,16.556887449113315,9924777
2024-03-08,16.187904357910156,16.400777160354384,15.951377417810043,16.244670318258127,18226237
2024-03-11,16.429161071777344,16.83125795339098,16.008143406385916,16.164250248757444,6218422
2024-03-12,16.391319274902344,16.64203727848671,16.02233598513651,16.566348722429684,7153503
2024-03-13,16.58053970336914,16.58053970336914,16.239942104611416,16.386587666382965,5731306
2024-03-14,16.083831787109375,16.556885663200827,16.05544790490325,16.556885663200827,6690053
2024-03-15,16.003414154052734,16.131137117851964,15.800000834583738,16.09329374457448,8205819
2024-03-18,15.762155532836914,16.225748130325368,15.563473764437887,16.017605067541997,8219699
2024-03-19,15.700658798217773,15.747965272479401,15.52562935484344,15.63443153880897,4734207
2024-03-20,15.795269966125488,15.800001515837563,15.47832470860081,15.700658822016301,4441206
2024-03-21,15.624969482421875,15.960839117358544,15.520898853233474,15.894610056620158,5006570
2024-03-22,15.326947212219238,15.747964898071922,15.166108812668586,15.606049087776036,9638750
2024-03-25,15.208683967590332,15.213413712697264,14.86335392666689,15.137725159084141,7469522
2024-03-26,15.55874252319336,15.55874252319336,14.991078383067517,15.090419269235023,4920648
2024-03-27,15.487785339355469,15.591855969311323,15.431017572589655,15.563473890485819,2045307
2024-04-02,15.795269966125488,15.795269966125488,15.355329679891623,15.431018234267476,4370932
2024-04-03,15.941916465759277,15.941916465759277,15.137724491250138,15.762155482149616,3808291
2024-04-04,16.206825256347656,16.29197509975088,15.861496137904533,16.036527374098572,4896265
2024-04-05,15.549281120300293,16.249400672717595,15.28437209236572,16.074371235752622,9569418
2024-04-08,16.793413162231445,16.982635440811936,15.894610045810186,15.913532634579713,13317254
2024-04-09,17.171855926513672,17.408382872621456,16.935328980405888,16.935328980405888,9504260
2024-04-10,16.954252243041992,17.181317903783395,16.727186582300586,17.171856609016153,7368859
2024-04-11,15.90880298614502,16.85017922617061,15.809460296781232,16.85017922617061,17472752
2024-04-12,15.549281120300293,16.13586874776204,15.449940234824828,16.083832530258487,7848437
2024-04-15,15.308024406433105,15.70538975237533,14.995808906375457,15.317485700926659,8883469
2024-04-16,15.21341323852539,15.26544945586707,14.721437655373999,15.128263392794898,10072828
2024-04-17,15.714851379394531,15.88515107476722,15.279640846269052,15.289102140962806,5290438
2024-04-18,15.681737899780273,15.932455895604459,15.378981880365497,15.800001377743751,5197376
2024-04-19,15.714851379394531,15.790539932387121,15.05257518729128,15.383713283342907,5870827
2024-04-22,15.624969482421875,16.11694596341984,15.624969482421875,15.979759901583552,4354449
2024-04-23,15.208683967590332,15.776347217410018,15.156647748626787,15.771617472303088,4289051
2024-04-24,15.227604866027832,15.360061189255749,15.038384382863981,15.232336415727476,6408426
2024-04-25,14.201078414916992,14.853892405447693,13.780059826798864,14.546407548297156,33041207
2024-04-26,14.07335376739502,14.475449769776336,13.917246013797417,14.475449769776336,9733214
2024-04-29,13.737485885620117,14.12538994480482,13.548263601090165,13.983473231407356,12080822
2024-04-30,13.817904472351074,14.063892725557723,13.529342196742062,13.586108161464372,8191917
2024-05-02,13.817904472351074,13.955090541274346,13.69491124802649,13.855749651870934,4130969
2024-05-03,13.77532958984375,14.035508866846515,13.76586829555453,13.813173864721946,3210372
2024-05-06,14.32407283782959,14.456527356264283,13.699640913562341,13.775330369883397,7968043
2024-05-07,13.699640274047852,14.565329762268172,13.680718587559925,14.565329762268172,9875678
2024-05-08,13.860479354858398,14.03550970049022,13.491497878449879,13.623952397251403,6548611
2024-05-10,13.82263469696045,13.926707132899036,13.704371221414755,13.841557286141542,6496974
2024-05-13,13.997665405273438,14.210540027756107,13.813174667307617,13.869940631783837,6592972
2024-05-14,14.087545394897461,14.139580710082276,13.675988106996003,13.955089978753367,6003192
2024-05-15,13.685449600219727,14.087545599461397,13.68071895290174,14.087545599461397,4369353
2024-05-16,13.907784461975098,14.054430918151805,13.472574838433733,13.723293729937344,7784327
2024-05-21,13.699640274047852,13.997664731171268,13.628682370730411,13.974012397491686,6069418
2024-05-22,13.718563079833984,13.832095907393649,13.642874528127543,13.67125750944778,3046278
2024-05-23,13.860479354858398,14.03077905306463,13.571917080127406,13.657066929230522,5379435
2024-05-24,13.855749130249023,13.893593406065435,13.694910732459599,13.851018482987133,2637168
2024-05-27,14.191617012023926,14.28622815301557,13.58610769469057,13.718563111623128,7465819
2024-05-28,13.879401206970215,14.238922271700332,13.869939912621838,14.196347349411324,4617687
2024-05-29,13.160359382629395,13.79425168220824,13.160359382629395,13.718563130223785,12723835
2024-05-30,13.25497055053711,13.482036206949365,12.885988182158158,13.131976427744126,4992957
2024-05-31,13.302275657653809,13.552993639517826,13.207664519639554,13.254970088646681,9295701
2024-06-03,14.248383522033691,14.655209252691579,14.219999639076242,14.380838033387041,12914578
2024-06-04,13.969282150268555,14.262575066319187,13.775330121250928,14.25311377166498,6588000
2024-06-05,13.832096099853516,14.19161717660085,13.832096099853516,14.17742523460391,4890194
2024-06-06,12.75826358795166,13.680719070476254,12.696766976846758,13.529341964114597,22594114
2024-06-07,13.00898265838623,13.056288230327018,12.815030625479862,12.819761272901815,6441688
2024-06-10,13.046826362609863,13.117784266265986,12.89544926086915,12.966407164525272,3260437
2024-06-11,12.923832893371582,13.094132592554113,12.772455783999886,13.008982742962846,5086869
2024-06-12,13.307005882263184,13.307005882263184,12.819760940075497,12.961676749934709,7010703
2024-06-13,13.36850357055664,13.81317449745322,13.122515321441195,13.221857111471126,7019752
2024-06-14,13.05628776550293,13.58137697874335,13.04682647099586,13.340120284764044,4330293
2024-06-17,13.221857070922852,13.434730787856337,12.990059862323458,13.098862946742322,4828285
2024-06-18,13.20766544342041,13.45365369763963,13.174551813482966,13.321198275611108,3523062
2024-06-19,13.22658634185791,13.42526901190756,13.22658634185791,13.245508930566777,3037697
2024-06-20,11.968263626098633,12.833952249937466,11.95880323357987,12.772455638311202,29294900
2024-06-21,11.859460830688477,12.020299224830008,11.722275672319928,11.968263008408135,14469124
2024-06-24,11.77904224395752,12.08652710670935,11.542515287644001,11.542515287644001,9005555
2024-06-25,11.774311065673828,11.949341402456652,11.65604759284937,11.750658732020414,4132228
2024-06-26,11.760120391845703,12.03449162123354,11.674970544401422,11.85946127901155,5179802
2024-06-27,11.821617126464844,11.887844385269199,11.708084296109353,11.71281494349234,3943125
2024-06-28,11.9020357131958,11.91149700747351,11.693891750479615,11.854730144085938,6108433
2024-07-01,11.968263626098633,12.299401725781157,11.868922737561116,11.930419349187378,7376438
2024-07-02,11.8831148147583,12.015569334313104,11.71281511558356,11.977725056971911,6442303
2024-07-03,12.110179901123047,12.20952078605037,11.821616736237337,11.92095852344336,6290010
2024-07-04,10.123353004455566,11.069460778746341,9.94359292434294,11.069460778746341,61326796
2024-07-05,10.217964172363281,10.511257077966043,10.090239405917552,10.236885858718933,23936982
2024-07-08,10.066587448120117,10.241616888126972,9.886826458499394,10.241616888126972,13028444
2024-07-09,9.839520454406738,10.298383300656376,9.796945532542779,10.104431279844418,14482770
2024-07-10,9.94359302520752,9.94359302520752,9.56988001747807,9.744910354499936,14023893
2024-07-11,10.000359535217285,10.057126402365324,9.763832576278155,9.938862922895758,11618422
2024-07-12,10.776167869567871,10.82347253644004,10.397724218639727,10.615329475822179,25218813
2024-07-15,10.676826477050781,10.927545371182159,10.56329364827772,10.785628658506793,9160417
2024-07-16,10.672096252441406,10.724132472711332,10.558563419171458,10.563294066675883,6384034
2024-07-17,10.818742752075195,10.87077806590033,10.629520476162655,10.672095398015108,5098380
2024-07-18,11.145149230957031,11.239760368469478,10.700479230573087,10.842395034563081,8828706
2024-07-19,10.818742752075195,11.078922028036915,10.757245241720016,11.069460733785553,6607162
2024-07-22,10.359880447387695,10.823473062589047,10.359880447387695,10.51598820157912,9742391
2024-07-23,10.284192085266113,10.421378154796272,10.14227627055379,10.31257506775283,8718872
2024-07-24,10.227425575256348,10.43083799156283,10.165928063820566,10.2652698506481,5531047
2024-07-25,10.284192085266113,10.355149992622275,10.000359553562722,10.14227627055379,6903649
2024-07-26,10.473413467407227,10.558563317106268,10.265270392897063,10.345689595137408,5426256
2024-07-29,10.506526947021484,10.634251719742677,10.473413317563116,10.506526947021484,3845015
2024-07-30,10.738324165344238,10.77143779482591,10.501797209299465,10.501797209299465,4655921
2024-07-31,10.776167869567871,10.81874279157577,10.596406887250364,10.672095436980255,6184710
2024-08-01,10.359880447387695,10.804551375376096,10.359880447387695,10.795090080630258,4784911
2024-08-02,10.033473014831543,10.312574894381873,9.953054716184267,10.217964653590457,6667947
2024-08-05,9.815868377685547,9.981437422343213,9.30970085148997,9.574610781575013,11996563
2024-08-06,9.886826515197754,10.435568977319669,9.744910703444361,10.170659040983264,8918692
2024-08-07,9.981437683105469,10.161197771932539,9.896287834926799,10.000359370323658,4192566
2024-08-08,9.470539093017578,9.70706603798438,9.366466659773824,9.607724251913403,11361910
2024-08-09,9.659760475158691,9.834790811556761,9.546227649770223,9.555688944122268,5537254
2024-08-12,9.792216300964355,9.858443559655809,9.617185957207147,9.707066452773212,3802351
2024-08-13,9.768563270568848,9.830060785463987,9.645569143057315,9.759101975619018,2868416
2024-08-14,9.749641418457031,9.905749173380446,9.70233584678475,9.905749173380446,5721340
2024-08-15,9.74491024017334,9.778023867856335,9.560418610930153,9.754371534448106,4563028
2024-08-16,9.792216300964355,9.792216300964355,9.636108546706835,9.744910729493862,4052685
2024-08-19,9.801676750183105,9.990899037160599,9.725988196303602,9.792216357657217,4092457
2024-08-20,9.877365112304688,10.014551177472184,9.749641244036848,9.83952083609964,3921630
2024-08-21,9.962514877319336,10.00035915321283,9.744910516501417,9.8395207550958,3813051
2024-08-22,9.839520454406738,10.076047397082657,9.839520454406738,10.000358847608657,4694253
2024-08-23,10.31257438659668,10.31257438659668,9.934131637507855,9.971975912416736,8763455
2024-08-26,10.170659065246582,10.501797163166103,10.137545435910376,10.426108609746565,5671625
2024-08-27,10.284192085266113,10.454491784743897,9.948324236050201,10.03820383097126,5256668
2024-08-28,10.104432106018066,10.29838414268822,10.085509515963048,10.284192200146958,3002863
2024-08-29,10.156466484069824,10.269999307055519,10.085508582488599,10.123352856817164,2626021
2024-08-30,10.478143692016602,10.478143692016602,10.161197543304393,10.161197543304393,4932045
2024-09-02,10.284192085266113,10.407186212413542,10.265270397701219,10.3882636225699,2767586
2024-09-03,10.832934379577637,10.941736562541994,10.397724745441478,10.407186040206742,8277816
2024-09-04,11.041078567504883,11.08838413997144,10.634251907482735,10.638982554957266,6221614
2024-09-05,10.738324165344238,11.29652702369577,10.506526954415076,11.164072505769086,8148161
2024-09-06,9.94359302520752,10.530179742944503,9.94359302520752,10.530179742944503,10118296
2024-09-09,10.170659065246582,10.255808913413244,9.943593404987972,9.962515092203493,4712967
2024-09-10,10.199042320251465,10.369342021143941,10.137545707306266,10.232155950474167,2852139
2024-09-11,10.407185554504395,10.5964069295851,10.19431094361442,10.199041590776273,5158850
2024-09-12,10.40245532989502,10.568024378170636,10.359880405987612,10.525449454263228,4634417
2024-09-13,10.691018104553223,10.705209143808265,10.312574450828576,10.312574450828576,8058488
2024-09-16,10.728862762451172,10.738324057144526,10.492335808789651,10.605868638273733,2309339
2024-09-17,11.201916694641113,11.23029967650546,10.738324080982308,10.738324080982308,6137595
2024-09-18,11.305988311767578,11.34383258862111,11.09784433793379,11.182994186423919,6221581
2024-09-19,11.54251480102539,11.618203351672479,11.324910443484683,11.334370835606547,5445602
2024-09-20,11.400599479675293,11.627665141287126,11.334371318329458,11.566168529621779,5654361
2024-09-23,11.197185516357422,11.400598831677419,11.06946075060598,11.400598831677419,4005467
2024-09-24,11.495209693908691,11.53778461814588,11.21137806869908,11.216107813811007,4988374
2024-09-25,11.651317596435547,11.764851330693588,11.514132429481757,11.542515411906896,4532299
2024-09-26,11.968263626098633,12.072336064313632,11.656048116011103,11.656048116011103,6361608
2024-09-27,12.10071849822998,12.185868342992453,11.968263083901835,11.968263083901835,5366868
2024-09-30,12.261557579040527,12.261557579040527,11.911497788325454,12.119641764686406,5471437
2024-10-01,11.897305488586426,12.33251511575188,11.712814755012376,12.29940148688256,4611818
2024-10-02,11.405329704284668,11.731736242397355,11.230299366022997,11.731736242397355,9059422
2024-10-03,11.660778045654297,11.797964104937591,11.315448927310294,11.353293201892122,4298315
2024-10-04,10.31257438659668,11.556706615998728,10.142275600646052,11.55197596885028,24894364
2024-10-07,11.050539016723633,11.078921997119835,10.482873995127514,10.501796583577436,9699811
2024-10-08,11.18299388885498,11.23976075376413,10.856587348033168,10.974850822838416,4106020
2024-10-09,11.305988311767578,11.481018656139367,11.16407249913652,11.211378070773115,4072934
2024-10-10,11.088383674621582,11.301257388369228,10.59640718526232,11.301257388369228,5256576
2024-10-11,11.206646919250488,11.296526508810183,11.041077877109888,11.088383446618444,4743479
2024-10-14,11.674970626831055,11.693892314019644,11.069461298057833,11.164072440836962,4766517
2024-10-15,11.826347351074219,12.034491317091161,11.69862258313573,11.71281452477735,3932022
2024-10-16,11.575628280639648,11.826347165365728,11.405329495007887,11.717544987991246,3513098
2024-10-17,11.42898178100586,11.646587037130613,11.42898178100586,11.589820173969775,8077464
2024-10-18,11.362754821777344,11.580359181289978,11.362754821777344,11.428982078624022,3140630
2024-10-21,10.96065902709961,11.476287856303884,10.96065902709961,11.353293732594004,4187205
2024-10-22,10.880239486694336,11.164072001585579,10.870778192332933,10.951197389847474,3798573
2024-10-23,10.733592987060547,10.880239439917048,10.733592987060547,10.880239439917048,2825483
2024-10-24,10.681556701660156,10.95119727211037,10.63425113264042,10.738323564939577,6141765
2024-10-25,9.425126075744629,9.971976464959884,9.296455714380594,9.934132187954065,33825055
2024-10-28,9.34186840057373,9.565149907865957,9.179137917563315,9.366467225992006,12741444
2024-10-29,9.579341888427734,9.659761090989637,9.271857020612964,9.271857020612964,7941562
2024-10-30,9.872634887695312,10.005089396839452,9.602993417769017,9.673952221700432,7432855
2024-10-31,10.028742790222168,10.099700692992686,9.792215846134651,9.839520513129205,5238320
2024-11-01,10.00508975982666,10.104431547567582,9.867904598624737,10.019281701583566,3478115
2024-11-04,9.617185592651367,10.01928158149034,9.569880022974072,9.98616795339984,3553352
2024-11-05,9.901018142700195,10.118622500778631,9.707066118402912,9.844251278435252,5403795
2024-11-06,10.047664642333984,10.355149494265007,9.962514796693057,9.962514796693057,4165829
2024-11-07,10.15173625946045,10.194311182636683,9.839520757687211,9.976706821761454,2804101
2024-11-08,10.279460906982422,10.312574535220088,10.009820331585775,10.109162118577471,2807658
2024-11-11,10.6011381149292,10.700479905813982,10.279461309822263,10.279461309822263,4915999
2024-11-12,10.109162330627441,10.596407274537034,10.109162330627441,10.539641311304226,3350137
2024-11-13,10.047664642333984,10.2605392564363,10.00508971951352,10.076047623454725,2523376
2024-11-14,10.30311393737793,10.359879898286758,9.934131582355816,9.98143715129896,2899756
2024-11-15,10.435568809509277,10.629520836850118,10.22269509530233,10.22269509530233,4017929
2024-11-18,10.549101829528809,10.752515155144048,10.421377959591634,10.421377959591634,2822262
2024-11-19,10.416646957397461,10.624790021016302,10.213233638711083,10.59640704002804,3850847
2024-11-20,10.246347427368164,10.54910163539393,10.246347427368164,10.454491396525233,2932931
2024-11-21,10.426108360290527,10.482874322857628,10.180120116423208,10.23215543172993,2734049
2024-11-22,10.222695350646973,10.454491659788596,10.199042113625133,10.388263498406179,2560953
2024-11-25,10.681556701660156,10.691017995919841,10.251077737910046,10.251077737910046,8288198
2024-11-26,10.648443222045898,10.818742911972686,10.501796768097106,10.501796768097106,7411599
2024-11-27,10.449760437011719,10.714670361119023,10.236885826929885,10.648443105661867,4429275
2024-11-28,10.757246017456055,10.799820942378709,10.445030502875756,10.445030502875756,5260088
2024-11-29,10.638981819152832,10.752514643853258,10.553831975057841,10.709939721805764,3096041
2024-12-02,10.085509300231934,10.662635652662546,10.009820746188367,10.634251768187157,7235044
2024-12-03,10.378803253173828,10.449761160688926,10.113892408441972,10.123353703384984,4012631
2024-12-04,10.435568809509277,10.539641245248362,10.298383647324185,10.38826323892594,2712743
2024-12-05,11.017425537109375,11.050539165062565,10.501796724550223,10.501796724550223,11420621
2024-12-06,10.993772506713867,11.239760750790595,10.880239679204312,11.007964448507078,4945213
2024-12-09,10.970120429992676,11.159341813613768,10.847126305069285,10.974851077368045,2943930
2024-12-10,10.899162292480469,11.10257471162956,10.851856722010028,10.913353332026505,2341187
2024-12-11,10.705209732055664,10.937006945117012,10.653174414796705,10.851857095793045,3216839
2024-12-12,10.728862762451172,10.80455131544056,10.601137990927057,10.709940173064462,2444040
2024-12-13,10.686287879943848,10.761976433225996,10.586946089836824,10.672095937848923,4059221
2024-12-16,10.530179977416992,10.672095787248681,10.407185854499462,10.672095787248681,4135407
2024-12-17,10.549101829528809,10.549101829528809,10.322036169330799,10.407186017474736,5633313
2024-12-18,10.719401359558105,10.76670693026866,10.549101665911593,10.549101665911593,2191185
2024-12-19,10.388263702392578,10.539641715468644,10.260539829081564,10.539641715468644,6367146
2024-12-20,10.298383712768555,10.501797035974459,10.175389589381759,10.449760817774237,5496050
2024-12-23,10.50179672241211,10.577485272655045,10.307844699629753,10.312574444526083,2905020
2024-12-27,10.45449161529541,10.76197647704083,10.45449161529541,10.530180168885707,2538259
2024-12-30,10.407185554504395,10.468682163051115,10.284191435132263,10.37880257381196,3193551
