Price,Close,High,Low,Open,Volume
Ticker,OSEBX.OL,OSEBX.OL,OSEBX.OL,OSEBX.OL,OSEBX.OL
Date,,,,,
2013-03-05,479.0400085449219,479.2699890136719,472.57000732421875,472.57000732421875,0
2013-03-06,477.0899963378906,480.1300048828125,477.07000732421875,479.0199890136719,0
2013-03-07,475.8800048828125,479.29998779296875,475.8800048828125,477.0899963378906,0
2013-03-08,478.94000244140625,480.6499938964844,475.8500061035156,475.8500061035156,0
2013-03-11,479.3699951171875,479.3699951171875,476.7900085449219,478.9599914550781,0
2013-03-12,480.9200134277344,482.3399963378906,477.9800109863281,479.0899963378906,0
2013-03-13,478.510009765625,481.6199951171875,478.3699951171875,480.9200134277344,0
2013-03-14,482.0799865722656,482.0799865722656,477.989990234375,478.5299987792969,0
2013-03-15,480.45001220703125,483.8299865722656,479.04998779296875,482.0899963378906,0
2013-03-18,479.1000061035156,480.44000244140625,473.7699890136719,480.44000244140625,0
2013-03-19,477.489990234375,480.8500061035156,477.45001220703125,479.1400146484375,0
2013-03-20,475.8800048828125,479.9700012207031,475.1199951171875,477.489990234375,0
2013-03-21,474.1300048828125,478.2799987792969,472.489990234375,475.8800048828125,0
2013-03-22,474.6099853515625,475.7900085449219,472.44000244140625,474.1199951171875,0
2013-03-25,471.3399963378906,477.94000244140625,471.3299865722656,474.6000061035156,0
2013-03-26,472.29998779296875,473.9100036621094,470.4100036621094,471.3599853515625,0
2013-03-27,471.2099914550781,474.19000244140625,470.1000061035156,472.3299865722656,0
2013-04-02,475.0199890136719,476.0199890136719,470.1400146484375,471.2200012207031,0
2013-04-03,476.4100036621094,478.489990234375,473.70001220703125,475.0299987792969,0
2013-04-04,471.0899963378906,476.4200134277344,470.69000244140625,476.3900146484375,0
2013-04-05,463.1000061035156,472.6099853515625,461.8299865722656,471.1199951171875,0
2013-04-08,466.3800048828125,467.3800048828125,463.1499938964844,463.1499938964844,0
2013-04-09,468.0899963378906,470.2099914550781,466.55999755859375,466.6300048828125,0
2013-04-10,472.5199890136719,472.5400085449219,468.1000061035156,468.1000061035156,0
2013-04-11,473.5400085449219,475.79998779296875,472.5199890136719,472.5199890136719,0
2013-04-12,470.25,473.5799865722656,469.6099853515625,473.5799865722656,0
2013-04-15,463.1600036621094,470.8299865722656,462.8500061035156,470.25,0
2013-04-16,462.8599853515625,463.42999267578125,458.5199890136719,463.1300048828125,0
2013-04-17,457.2300109863281,465.6099853515625,457.2300109863281,462.95001220703125,0
2013-04-18,460.7300109863281,462.8900146484375,457.0,457.25,0
2013-04-19,465.989990234375,466.9800109863281,460.760009765625,460.760009765625,0
2013-04-22,465.010009765625,468.0299987792969,464.9100036621094,465.9700012207031,0
2013-04-23,471.3699951171875,471.3699951171875,464.8699951171875,465.2200012207031,0
2013-04-24,474.4599914550781,475.0400085449219,471.1400146484375,471.2799987792969,0
2013-04-25,480.3299865722656,480.3299865722656,473.8299865722656,474.5400085449219,0
2013-04-26,480.67999267578125,480.8999938964844,477.3699951171875,480.32000732421875,0
2013-04-29,477.92999267578125,481.19000244140625,476.510009765625,480.6700134277344,0
2013-04-30,480.1300048828125,480.3500061035156,477.57000732421875,478.0,0
2013-05-02,476.5,480.0199890136719,474.3500061035156,480.0199890136719,0
2013-05-03,483.7099914550781,483.7099914550781,476.5,476.5,0
2013-05-06,485.1099853515625,485.8599853515625,482.8299865722656,483.70001220703125,0
2013-05-07,485.9700012207031,486.6000061035156,483.2900085449219,485.07000732421875,0
2013-05-08,487.8299865722656,489.3399963378906,485.92999267578125,485.9800109863281,0
2013-05-10,488.1600036621094,490.94000244140625,487.5299987792969,487.79998779296875,0
2013-05-13,489.4599914550781,489.8599853515625,487.95001220703125,488.1700134277344,0
2013-05-14,488.8699951171875,491.0199890136719,486.07000732421875,489.510009765625,0
2013-05-15,488.5,489.79998779296875,486.45001220703125,488.9800109863281,0
2013-05-16,489.2699890136719,490.69000244140625,488.25,488.5199890136719,0
2013-05-21,494.3599853515625,494.489990234375,489.2799987792969,489.30999755859375,0
2013-05-22,494.45001220703125,495.510009765625,492.6400146484375,494.4100036621094,0
2013-05-23,486.1199951171875,494.2200012207031,483.4100036621094,494.2200012207031,0
2013-05-24,487.1499938964844,490.2799987792969,486.1400146484375,486.1400146484375,0
2013-05-27,491.260009765625,491.260009765625,487.1499938964844,487.1499938964844,0
2013-05-28,496.2300109863281,496.69000244140625,491.260009765625,491.2699890136719,0
2013-05-29,491.75,496.239990234375,491.6499938964844,496.239990234375,0
2013-05-30,491.9700012207031,494.6000061035156,490.6400146484375,491.5799865722656,0
2013-05-31,491.7099914550781,493.75,488.8900146484375,492.8599853515625,0
2013-06-03,488.510009765625,491.80999755859375,486.510009765625,491.7099914550781,0
2013-06-04,486.57000732421875,491.8500061035156,486.1400146484375,488.7099914550781,0
2013-06-05,482.8900146484375,487.4700012207031,482.8699951171875,486.510009765625,0
2013-06-06,479.70001220703125,484.0400085449219,479.4100036621094,482.8900146484375,0
2013-06-07,480.7799987792969,481.5799865722656,474.04998779296875,479.7300109863281,0
2013-06-10,478.3500061035156,482.7300109863281,477.8999938964844,480.7799987792969,0
2013-06-11,470.010009765625,478.6600036621094,470.0,478.3599853515625,0
2013-06-12,474.0299987792969,476.70001220703125,469.9700012207031,470.0299987792969,0
2013-06-13,472.8599853515625,474.2300109863281,466.6000061035156,474.0199890136719,0
2013-06-14,474.0299987792969,477.989990234375,472.8900146484375,472.8900146484375,0
2013-06-17,478.07000732421875,478.5,473.989990234375,474.1499938964844,0
2013-06-18,481.2099914550781,481.25,476.489990234375,478.07000732421875,0
2013-06-19,477.2300109863281,481.55999755859375,476.5400085449219,481.1499938964844,0
2013-06-20,471.3500061035156,477.1099853515625,470.45001220703125,477.1099853515625,0
2013-06-21,471.2300109863281,474.8800048828125,470.8800048828125,471.3299865722656,0
2013-06-24,457.9800109863281,471.3399963378906,457.9800109863281,470.8999938964844,0
2013-06-25,465.94000244140625,467.8599853515625,457.9700012207031,457.9700012207031,0
2013-06-26,470.7699890136719,472.9100036621094,465.7200012207031,466.010009765625,0
2013-06-27,470.6300048828125,473.75,466.25,470.79998779296875,0
2013-06-28,468.7900085449219,473.9800109863281,467.760009765625,470.9700012207031,0
2013-07-01,473.8900146484375,473.8900146484375,468.0,468.7699890136719,0
2013-07-02,476.8599853515625,476.95001220703125,472.70001220703125,473.8900146484375,0
2013-07-03,470.92999267578125,476.8900146484375,470.6000061035156,476.8900146484375,0
2013-07-04,478.54998779296875,478.54998779296875,471.32000732421875,471.32000732421875,0
2013-07-05,479.07000732421875,482.989990234375,478.4800109863281,478.54998779296875,0
2013-07-12,491.8999938964844,494.0400085449219,491.29998779296875,493.4100036621094,0
2013-07-15,494.260009765625,494.739990234375,491.20001220703125,491.9200134277344,0
2013-07-16,493.55999755859375,494.5299987792969,492.2200012207031,494.30999755859375,0
2013-07-17,495.07000732421875,495.4700012207031,490.6400146484375,493.5799865722656,0
2013-07-18,491.75,495.1099853515625,489.70001220703125,495.04998779296875,0
2013-07-19,496.17999267578125,496.8900146484375,491.69000244140625,491.7799987792969,0
2013-07-22,496.2900085449219,497.2300109863281,495.3999938964844,496.1499938964844,0
2013-07-23,497.6099853515625,498.1400146484375,496.29998779296875,497.3800048828125,0
2013-07-24,498.0299987792969,499.3399963378906,495.6199951171875,497.6099853515625,0
2013-07-25,496.1600036621094,498.9800109863281,494.6000061035156,498.07000732421875,0
2013-07-26,494.2200012207031,497.2900085449219,493.75,496.1600036621094,0
2013-07-29,494.25,495.2200012207031,491.8599853515625,494.2200012207031,0
2013-07-30,493.4599914550781,495.8900146484375,491.8599853515625,494.25,66008300
2013-07-31,495.3599853515625,496.44000244140625,493.4599914550781,493.4599914550781,64528500
2013-08-01,497.7699890136719,497.7699890136719,493.6099853515625,495.4100036621094,89442100
2013-08-02,497.2900085449219,499.45001220703125,495.6600036621094,497.79998779296875,114725500
2013-08-05,497.17999267578125,499.8900146484375,496.4700012207031,497.260009765625,95824000
2013-08-06,494.0299987792969,497.2300109863281,493.5,497.17999267578125,94680700
2013-08-07,494.57000732421875,495.3999938964844,491.3800048828125,494.0799865722656,142769900
2013-08-08,499.4599914550781,499.6000061035156,494.44000244140625,494.5400085449219,94499800
2013-08-09,500.510009765625,502.2300109863281,499.489990234375,499.54998779296875,81687000
2013-08-12,500.07000732421875,502.1700134277344,498.2900085449219,500.5199890136719,72574300
2013-08-13,500.3599853515625,501.4800109863281,499.6099853515625,500.07000732421875,77910000
2013-08-14,503.5299987792969,503.54998779296875,500.8399963378906,500.8399963378906,127918600
2013-08-15,499.79998779296875,504.010009765625,498.4200134277344,503.45001220703125,89378100
2013-08-16,501.6700134277344,501.9800109863281,499.4599914550781,499.75,85240200
2013-08-19,503.510009765625,503.5799865722656,500.70001220703125,501.760009765625,77447300
2013-08-20,498.260009765625,503.3800048828125,497.1700134277344,503.3500061035156,109129900
2013-08-21,498.25,499.79998779296875,497.3800048828125,498.45001220703125,124770900
2013-08-22,502.1000061035156,502.70001220703125,497.3900146484375,498.25,136940800
2013-08-23,501.239990234375,502.55999755859375,500.54998779296875,502.1400146484375,146866400
2013-08-26,500.79998779296875,503.3599853515625,499.57000732421875,501.239990234375,64047400
2013-08-27,496.7799987792969,500.79998779296875,495.989990234375,500.79998779296875,114419200
2013-08-28,500.44000244140625,500.82000732421875,495.32000732421875,496.6700134277344,123687800
2013-08-29,502.010009765625,502.8999938964844,500.0,500.44000244140625,80769100
2013-08-30,496.7799987792969,502.9100036621094,496.70001220703125,501.9700012207031,66378200
2013-09-02,502.9700012207031,503.5799865722656,496.7699890136719,496.7799987792969,0
2013-09-03,503.3800048828125,504.67999267578125,501.19000244140625,502.9700012207031,77375400
2013-09-04,503.1199951171875,503.80999755859375,500.8399963378906,503.4100036621094,67531200
2013-09-05,503.04998779296875,503.6499938964844,500.7799987792969,503.1600036621094,93808700
2013-09-06,502.79998779296875,504.2200012207031,500.8999938964844,502.8800048828125,103325900
2013-09-09,503.3999938964844,504.760009765625,502.3399963378906,502.80999755859375,73235600
2013-09-10,505.0,506.4599914550781,503.4200134277344,503.4200134277344,96415500
2013-09-11,508.07000732421875,508.70001220703125,504.3399963378906,504.760009765625,147617600
2013-09-12,505.7300109863281,508.1000061035156,505.7300109863281,508.0899963378906,96783900
2013-09-13,506.3800048828125,507.0299987792969,504.8800048828125,505.7300109863281,84769400
2013-09-16,506.54998779296875,509.0799865722656,505.2300109863281,506.4100036621094,111538400
2013-09-17,505.9599914550781,506.45001220703125,503.6000061035156,505.9800109863281,105663700
2013-09-18,506.32000732421875,507.25,504.6099853515625,506.0,98872900
2013-09-19,509.9800109863281,511.8399963378906,506.3699951171875,506.3900146484375,138176500
2013-09-20,511.29998779296875,512.25,509.0299987792969,509.9800109863281,176971000
2013-09-23,508.989990234375,512.0900268554688,508.8500061035156,511.45001220703125,103671900
2013-09-24,508.739990234375,510.2699890136719,508.44000244140625,508.9800109863281,181047000
2013-09-25,510.44000244140625,511.5799865722656,507.7799987792969,508.7099914550781,113549800
2013-09-26,509.9700012207031,512.6699829101562,509.19000244140625,510.44000244140625,132567500
2013-09-27,508.1499938964844,511.2699890136719,507.8500061035156,510.010009765625,78074700
2013-09-30,501.760009765625,508.1499938964844,501.739990234375,508.1499938964844,77441700
2013-10-01,503.3299865722656,504.3999938964844,501.5899963378906,501.82000732421875,69853500
2013-10-02,504.6600036621094,504.95001220703125,502.1400146484375,503.3299865722656,58607800
2013-10-03,508.69000244140625,508.80999755859375,504.6199951171875,504.6600036621094,66220000
2013-10-04,507.4599914550781,508.79998779296875,506.3399963378906,508.69000244140625,101706800
2013-10-07,504.30999755859375,507.510009765625,503.3599853515625,507.5,56501500
2013-10-08,498.2699890136719,504.6600036621094,498.1099853515625,504.3299865722656,75801600
2013-10-09,497.2799987792969,498.3999938964844,494.6199951171875,498.2699890136719,62074700
2013-10-10,504.5199890136719,504.54998779296875,497.3500061035156,497.3500061035156,92886300
2013-10-11,505.04998779296875,506.05999755859375,502.8599853515625,504.5899963378906,79398900
2013-10-14,507.010009765625,507.8699951171875,505.04998779296875,505.05999755859375,71572900
2013-10-15,512.72998046875,512.9500122070312,506.95001220703125,506.95001220703125,95953900
2013-10-16,512.97998046875,513.010009765625,510.55999755859375,512.72998046875,85396900
2013-10-17,514.0900268554688,514.4199829101562,511.5899963378906,512.97998046875,120497300
2013-10-18,519.4099731445312,519.52001953125,514.1199951171875,514.1400146484375,116473400
2013-10-21,525.0399780273438,525.0700073242188,519.4199829101562,519.4199829101562,82493900
2013-10-22,528.6900024414062,528.9400024414062,524.0599975585938,525.02001953125,106408400
2013-10-23,527.6199951171875,528.9000244140625,526.3300170898438,528.7100219726562,110493000
2013-10-24,532.9199829101562,532.9199829101562,527.2000122070312,527.77001953125,117074000
2013-10-25,537.5800170898438,537.5900268554688,530.8800048828125,532.9199829101562,150150000
2013-10-28,534.22998046875,539.5399780273438,534.22998046875,537.5900268554688,89452400
2013-10-29,537.6300048828125,538.52001953125,534.219970703125,534.239990234375,84816400
2013-10-30,536.0499877929688,541.0,535.010009765625,537.6500244140625,339920600
2013-10-31,532.3300170898438,536.0900268554688,529.6300048828125,536.0900268554688,120492300
2013-11-01,534.97998046875,535.8300170898438,531.2899780273438,532.2899780273438,123301600
2013-11-04,536.72998046875,537.9099731445312,535.010009765625,535.010009765625,111587600
2013-11-05,534.280029296875,538.6300048828125,533.2999877929688,536.72998046875,110274600
2013-11-06,542.8800048828125,542.8800048828125,533.9099731445312,534.2899780273438,87216800
2013-11-07,539.530029296875,543.3200073242188,539.1400146484375,542.8800048828125,114055600
2013-11-08,537.97998046875,539.5,534.0,539.5,97173500
2013-11-11,542.3400268554688,542.4299926757812,537.9199829101562,538.0,67977200
2013-11-12,536.72998046875,542.3300170898438,536.22998046875,541.97998046875,601026800
2013-11-13,535.1799926757812,536.719970703125,532.7999877929688,536.719970703125,154242400
2013-11-14,539.3900146484375,540.72998046875,535.2000122070312,535.2000122070312,109636800
2013-11-15,543.739990234375,543.969970703125,539.3900146484375,539.3900146484375,88267700
2013-11-18,544.6900024414062,546.1300048828125,543.9600219726562,543.969970703125,81019300
2013-11-19,543.1099853515625,544.760009765625,542.1500244140625,544.6699829101562,104937600
2013-11-20,540.5499877929688,543.77001953125,538.969970703125,543.1099853515625,100819100
2013-11-21,536.8099975585938,540.5499877929688,536.8099975585938,540.5499877929688,103641700
2013-11-22,538.8200073242188,541.5900268554688,536.8499755859375,536.8499755859375,73426600
2013-11-25,538.6099853515625,541.969970703125,538.0900268554688,538.8900146484375,68497700
2013-11-26,537.510009765625,540.969970703125,537.4400024414062,538.6099853515625,140608100
2013-11-27,541.530029296875,541.989990234375,537.5800170898438,537.5800170898438,109717000
2013-11-28,543.6099853515625,544.4299926757812,541.0499877929688,541.510009765625,93658100
2013-11-29,542.7899780273438,545.3699951171875,542.780029296875,543.72998046875,124338000
2013-12-02,542.3699951171875,543.219970703125,540.6300048828125,542.7999877929688,107668200
2013-12-03,538.0700073242188,543.4500122070312,537.1799926757812,542.3400268554688,137352800
2013-12-04,533.97998046875,538.7899780273438,532.27001953125,538.0700073242188,109886200
2013-12-05,533.4400024414062,534.0999755859375,530.3800048828125,533.989990234375,95628700
2013-12-06,532.22998046875,534.7100219726562,530.5900268554688,533.4299926757812,120315700
2013-12-09,534.1599731445312,536.469970703125,532.2100219726562,532.2100219726562,66845800
2013-12-10,533.6900024414062,537.22998046875,532.4000244140625,534.1599731445312,110367700
2013-12-11,530.27001953125,534.8200073242188,530.27001953125,533.6799926757812,108319500
2013-12-12,525.3200073242188,530.4099731445312,524.22998046875,530.280029296875,99933100
2013-12-13,527.6799926757812,528.97998046875,525.3300170898438,525.3300170898438,96195300
2013-12-16,530.6300048828125,531.02001953125,526.8699951171875,527.6900024414062,86627900
2013-12-17,530.5999755859375,531.0900268554688,527.9500122070312,530.6300048828125,106689300
2013-12-18,527.9199829101562,531.489990234375,526.97998046875,530.5999755859375,91410100
2013-12-19,530.97998046875,533.5999755859375,527.9199829101562,527.9199829101562,107420400
2013-12-20,537.27001953125,537.27001953125,531.0999755859375,531.6099853515625,251789000
2013-12-23,544.239990234375,544.780029296875,537.2999877929688,537.2999877929688,71838100
2013-12-27,549.7000122070312,549.739990234375,544.260009765625,544.260009765625,78213900
2013-12-30,548.8599853515625,551.7000122070312,548.4299926757812,549.7100219726562,75450300
2014-01-02,546.9299926757812,550.6799926757812,546.3699951171875,549.0900268554688,95256900
2014-01-03,547.7899780273438,548.5499877929688,544.6099853515625,546.9299926757812,127602500
2014-01-06,546.5900268554688,549.2999877929688,545.4400024414062,547.760009765625,87843200
2014-01-07,547.0399780273438,547.0399780273438,543.9000244140625,546.510009765625,131409400
2014-01-08,550.219970703125,550.219970703125,546.27001953125,547.0399780273438,162435100
2014-01-09,553.6300048828125,553.6300048828125,549.9000244140625,550.219970703125,120213500
2014-01-10,556.510009765625,560.7999877929688,553.6400146484375,553.6400146484375,118795600
2014-01-13,558.280029296875,559.0999755859375,556.3300170898438,556.530029296875,125738900
2014-01-14,556.77001953125,558.1900024414062,553.6799926757812,557.9099731445312,138850200
2014-01-15,562.9500122070312,563.030029296875,556.77001953125,556.77001953125,160203000
2014-01-16,564.8200073242188,564.8300170898438,561.47998046875,562.9400024414062,130390300
2014-01-17,563.1900024414062,566.0999755859375,562.52001953125,564.510009765625,183153800
2014-01-20,561.8699951171875,563.6500244140625,560.8800048828125,563.1699829101562,84958900
2014-01-21,565.1599731445312,565.9099731445312,561.4400024414062,561.8699951171875,79060700
2014-01-22,562.2899780273438,566.9500122070312,562.0,565.1400146484375,75783000
2014-01-23,556.719970703125,563.0499877929688,556.719970703125,562.2899780273438,97472000
2014-01-24,548.0999755859375,558.8099975585938,548.0999755859375,556.719970703125,107994400
2014-01-27,544.3400268554688,548.0800170898438,540.97998046875,548.0800170898438,116723200
2014-01-28,543.6500244140625,548.1500244140625,540.260009765625,544.4099731445312,93191400
2014-01-29,537.219970703125,547.030029296875,534.6099853515625,543.7899780273438,125203400
2014-01-30,539.9199829101562,541.4099731445312,534.5399780273438,536.8099975585938,97037500
2014-01-31,535.72998046875,541.969970703125,533.739990234375,539.9000244140625,95656000
2014-02-03,534.7100219726562,540.3499755859375,534.5499877929688,535.72998046875,72495800
2014-02-04,534.6099853515625,535.52001953125,530.3900146484375,534.6900024414062,89427400
2014-02-05,532.6500244140625,535.8699951171875,531.6900024414062,534.6099853515625,76735600
2014-02-06,537.77001953125,538.75,532.6699829101562,532.6699829101562,84561800
2014-02-07,548.5999755859375,548.6099853515625,536.1599731445312,537.7999877929688,88633300
2014-02-10,547.239990234375,550.4500122070312,546.219970703125,548.5900268554688,71106900
2014-02-11,550.4199829101562,550.4199829101562,547.25,547.25,117244000
2014-02-12,548.2100219726562,550.25,546.1900024414062,549.5,257922700
2014-02-13,544.6599731445312,548.8099975585938,541.9099731445312,548.25,114595700
2014-02-14,547.280029296875,547.5800170898438,544.5399780273438,544.6599731445312,93444800
2014-02-18,548.0399780273438,549.3900146484375,545.3599853515625,548.8900146484375,101719900
2014-02-19,548.9400024414062,550.739990234375,546.6300048828125,548.030029296875,82640700
2014-02-20,551.3699951171875,551.3900146484375,545.219970703125,548.9000244140625,92003000
2014-02-21,553.969970703125,555.5700073242188,551.3300170898438,551.3300170898438,65109900
2014-02-24,556.52001953125,556.52001953125,553.1599731445312,553.97998046875,62028400
2014-02-25,551.47998046875,557.6400146484375,550.5599975585938,556.5599975585938,59669800
2014-02-26,552.3300170898438,553.530029296875,550.6199951171875,551.510009765625,267787300
2014-02-27,552.5900268554688,554.4400024414062,549.219970703125,552.3400268554688,129369400
2014-02-28,555.719970703125,556.22998046875,552.6300048828125,552.6300048828125,91115600
2014-03-03,553.1500244140625,555.5,550.760009765625,555.5,110347300
2014-03-04,558.5999755859375,558.719970703125,552.1099853515625,553.1500244140625,110526000
2014-03-05,557.0599975585938,559.8300170898438,556.0700073242188,558.6400146484375,132257200
2014-03-06,558.2100219726562,559.5800170898438,557.030029296875,557.0499877929688,109099100
2014-03-07,556.719970703125,559.4500122070312,555.1799926757812,558.25,82040100
2014-03-10,552.4000244140625,556.719970703125,551.1400146484375,556.719970703125,86371000
2014-03-11,554.3400268554688,555.22998046875,552.0999755859375,552.3699951171875,83516800
2014-03-12,546.22998046875,554.3599853515625,544.2999877929688,554.3400268554688,125790900
2014-03-13,543.4299926757812,548.4400024414062,543.4000244140625,546.2999877929688,129116900
2014-03-14,539.719970703125,543.4099731445312,536.0,543.4099731445312,107129800
2014-03-17,544.6300048828125,545.27001953125,539.719970703125,539.719970703125,79373300
2014-03-18,546.9600219726562,548.030029296875,540.3099975585938,544.6199951171875,100966300
2014-03-19,546.719970703125,548.8800048828125,546.530029296875,547.0,90840100
2014-03-20,548.5399780273438,548.7899780273438,544.5900268554688,546.72998046875,70705700
2014-03-21,554.5499877929688,554.9000244140625,548.489990234375,548.5,121325200
2014-03-24,552.469970703125,556.0499877929688,551.3800048828125,554.5499877929688,78033700
2014-03-25,556.989990234375,557.0999755859375,552.1400146484375,552.469970703125,82653100
2014-03-26,562.0,562.1199951171875,557.02001953125,557.02001953125,85931700
2014-03-27,560.1900024414062,562.0,558.510009765625,562.0,89621400
2014-03-28,560.6599731445312,563.010009765625,560.0800170898438,560.1900024414062,98330500
2014-03-31,561.9500122070312,563.6699829101562,559.1699829101562,560.6300048828125,76480700
2014-04-01,560.1400146484375,563.8599853515625,558.7100219726562,561.9500122070312,78284600
2014-04-02,560.1500244140625,562.719970703125,559.77001953125,559.9199829101562,72993500
2014-04-03,559.0399780273438,561.6199951171875,557.3400268554688,560.219970703125,60012500
2014-04-04,561.9600219726562,561.989990234375,557.5599975585938,559.0399780273438,60172200
2014-04-07,553.3200073242188,561.9299926757812,551.7899780273438,561.9299926757812,55576600
2014-04-08,548.239990234375,554.3599853515625,547.510009765625,553.3300170898438,93506400
2014-04-09,554.219970703125,556.4400024414062,548.4299926757812,548.4299926757812,95931100
2014-04-10,554.1799926757812,557.5499877929688,552.8099975585938,554.239990234375,88288000
2014-04-11,541.8499755859375,554.1699829101562,541.8200073242188,554.1400146484375,108296700
2014-04-14,545.2899780273438,545.6900024414062,540.1500244140625,541.8300170898438,77880300
2014-04-15,545.8200073242188,549.2100219726562,543.969970703125,545.2899780273438,99115000
2014-04-16,550.530029296875,550.530029296875,545.8200073242188,545.8200073242188,45675600
2014-04-22,561.1300048828125,561.1900024414062,550.530029296875,550.530029296875,114694500
2014-04-23,559.4099731445312,562.4500122070312,557.739990234375,561.239990234375,88198700
2014-04-24,562.8900146484375,565.6500244140625,559.8400268554688,559.8400268554688,95135300
2014-04-25,566.239990234375,566.239990234375,562.4099731445312,563.3099975585938,85928200
2014-04-28,566.8200073242188,567.1400146484375,564.5499877929688,566.2100219726562,77412000
2014-04-29,576.1199951171875,576.2899780273438,566.8200073242188,566.8200073242188,89579800
2014-04-30,578.3699951171875,580.9299926757812,575.5599975585938,576.25,108702400
2014-05-02,583.4400024414062,583.4400024414062,578.5,578.5,75359600
2014-05-05,582.0399780273438,584.1099853515625,579.280029296875,583.489990234375,65268200
2014-05-06,582.77001953125,585.010009765625,580.4000244140625,582.0499877929688,64506200
2014-05-07,583.780029296875,586.0999755859375,579.5999755859375,583.1500244140625,90496000
2014-05-08,589.0499877929688,589.1099853515625,583.8200073242188,583.8200073242188,96308200
2014-05-09,589.3699951171875,589.4500122070312,586.1099853515625,589.0599975585938,150871800
2014-05-12,596.010009765625,596.02001953125,588.4400024414062,589.3699951171875,95984700
2014-05-13,595.469970703125,597.1500244140625,593.489990234375,595.989990234375,136867600
2014-05-14,597.780029296875,598.0,595.219970703125,595.75,84873200
2014-05-15,595.489990234375,600.75,594.4000244140625,597.7999877929688,94415900
2014-05-16,593.5999755859375,597.489990234375,588.4500122070312,594.6300048828125,102231200
2014-05-19,594.4299926757812,595.9500122070312,591.5700073242188,593.5999755859375,63122800
2014-05-20,591.75,595.1599731445312,589.510009765625,594.4500122070312,80992800
2014-05-21,595.1799926757812,595.3499755859375,591.5,591.7100219726562,77065000
2014-05-22,599.0599975585938,599.0800170898438,595.3499755859375,595.3499755859375,100324200
2014-05-23,601.8200073242188,601.8499755859375,597.25,599.0599975585938,88197900
2014-05-26,600.7999877929688,606.3699951171875,600.5900268554688,601.8699951171875,71576600
2014-05-27,603.97998046875,604.969970703125,600.8599853515625,600.8599853515625,104537700
2014-05-28,605.4400024414062,607.489990234375,602.5800170898438,603.989990234375,89385000
2014-05-30,605.260009765625,607.5599975585938,604.239990234375,605.4500122070312,121359600
2014-06-02,610.7899780273438,611.510009765625,605.260009765625,605.260009765625,74540700
2014-06-03,612.010009765625,612.010009765625,608.760009765625,610.8499755859375,76778000
2014-06-04,609.1799926757812,612.219970703125,606.1199951171875,611.989990234375,77923000
2014-06-05,616.6799926757812,619.6300048828125,609.1599731445312,609.1599731445312,102030000
2014-06-06,620.77001953125,620.77001953125,616.1400146484375,616.469970703125,74639500
2014-06-10,621.5599975585938,623.8200073242188,618.4099731445312,620.7899780273438,74409300
2014-06-11,618.8200073242188,622.8200073242188,616.0599975585938,621.5499877929688,69608600
2014-06-12,622.52001953125,622.5399780273438,616.219970703125,618.8099975585938,66117300
2014-06-13,622.9000244140625,624.0,618.739990234375,622.47998046875,55914300
2014-06-16,620.7000122070312,622.9299926757812,618.5700073242188,622.9299926757812,70951900
2014-06-17,614.7100219726562,620.8400268554688,613.739990234375,620.719970703125,79406300
2014-06-18,623.75,623.75,614.8300170898438,614.8300170898438,72766800
2014-06-19,630.9000244140625,630.9099731445312,623.7899780273438,623.7899780273438,75074500
2014-06-20,629.4600219726562,631.3699951171875,627.8800048828125,630.8599853515625,79796700
2014-06-23,631.1500244140625,631.9600219726562,629.2000122070312,629.510009765625,49059400
2014-06-24,627.4199829101562,632.3699951171875,626.6599731445312,631.0800170898438,52390500
2014-06-25,618.25,627.3099975585938,612.1799926757812,627.27001953125,74546800
2014-06-26,616.47998046875,620.8599853515625,614.6699829101562,618.3200073242188,61042400
2014-06-27,617.3499755859375,619.5399780273438,616.0599975585938,616.510009765625,63347800
2014-06-30,617.8800048828125,620.239990234375,616.0,617.3900146484375,57634000
2014-07-01,622.5,622.510009765625,617.9000244140625,617.9000244140625,56078200
2014-07-02,622.6500244140625,625.97998046875,621.4299926757812,622.510009765625,60404500
2014-07-03,628.8300170898438,628.8300170898438,622.6199951171875,622.6500244140625,79396300
2014-07-04,627.969970703125,629.7999877929688,626.6199951171875,628.7999877929688,40899000
2014-07-07,627.97998046875,630.469970703125,627.8099975585938,628.0599975585938,61502700
2014-07-08,619.530029296875,627.989990234375,619.3800048828125,627.989990234375,60684800
2014-07-09,619.9000244140625,623.3699951171875,619.0800170898438,619.52001953125,86772900
2014-07-10,606.8200073242188,619.9000244140625,605.3099975585938,619.9000244140625,85628400
2014-07-11,608.3400268554688,610.719970703125,606.4400024414062,606.8300170898438,49028500
2014-07-14,616.1900024414062,616.3099975585938,608.2999877929688,608.3699951171875,48843000
2014-07-15,617.7100219726562,620.1300048828125,615.9500122070312,616.1900024414062,55281200
2014-07-16,624.4000244140625,624.4600219726562,617.6799926757812,617.6799926757812,64939900
2014-07-17,621.7899780273438,625.3300170898438,619.969970703125,624.4099731445312,51991700
2014-07-18,615.5599975585938,621.7100219726562,615.5599975585938,621.7100219726562,118469900
2014-07-21,617.989990234375,618.3900146484375,612.3900146484375,615.5599975585938,65332400
2014-07-22,624.7000122070312,624.7000122070312,617.989990234375,617.989990234375,83970800
2014-07-23,626.7999877929688,628.5900268554688,624.1799926757812,624.7000122070312,60343700
2014-07-24,626.260009765625,628.8200073242188,625.3200073242188,626.7999877929688,63350500
2014-07-25,622.1900024414062,626.280029296875,619.1099853515625,626.260009765625,49904600
2014-07-28,616.9400024414062,622.1500244140625,616.47998046875,622.1500244140625,44043700
2014-07-29,619.8599853515625,620.2999877929688,616.0499877929688,616.9500122070312,48547000
2014-07-30,616.2899780273438,619.8699951171875,615.969970703125,619.8599853515625,57569800
2014-07-31,612.2899780273438,619.0700073242188,611.0399780273438,616.2899780273438,64723400
2014-08-01,606.1599731445312,612.27001953125,603.3300170898438,612.27001953125,77867500
2014-08-04,608.0399780273438,610.989990234375,606.2999877929688,606.2999877929688,71684400
2014-08-05,608.72998046875,613.02001953125,607.0900268554688,608.0999755859375,70629800
2014-08-06,602.469970703125,608.739990234375,598.5,608.739990234375,77403600
2014-08-07,594.7899780273438,602.4500122070312,594.280029296875,602.4500122070312,110317500
2014-08-08,588.27001953125,594.72998046875,582.3099975585938,594.72998046875,92818800
2014-08-11,601.1599731445312,601.8599853515625,588.280029296875,588.280029296875,71673800
2014-08-12,593.5599975585938,602.219970703125,593.4600219726562,601.260009765625,72557800
2014-08-13,594.530029296875,596.6099853515625,593.6099853515625,593.6099853515625,65271800
2014-08-14,596.6500244140625,597.22998046875,591.969970703125,594.5399780273438,76586800
2014-08-15,600.9400024414062,601.3400268554688,595.489990234375,596.6599731445312,178074600
2014-08-18,602.010009765625,605.5,600.6799926757812,600.9099731445312,109251400
2014-08-19,603.8200073242188,605.3099975585938,601.030029296875,602.1099853515625,98582800
2014-08-20,607.02001953125,607.0499877929688,603.2999877929688,603.8400268554688,80140900
2014-08-21,608.280029296875,608.7999877929688,605.3699951171875,607.0399780273438,67744600
2014-08-22,606.1500244140625,610.280029296875,604.0599975585938,608.2999877929688,64119400
2014-08-25,610.0900268554688,610.9299926757812,606.1500244140625,606.1500244140625,33751200
2014-08-26,615.219970703125,615.22998046875,609.5399780273438,610.3699951171875,63956700
2014-08-27,616.02001953125,617.2999877929688,613.9199829101562,615.219970703125,64025900
2014-08-28,613.6199951171875,616.8599853515625,612.1699829101562,616.0700073242188,69771400
2014-08-29,610.1699829101562,614.989990234375,609.8400268554688,613.6400146484375,73340300
2014-09-01,613.5900268554688,615.7899780273438,610.1900024414062,610.1900024414062,69474500
2014-09-02,615.260009765625,616.6099853515625,613.0700073242188,613.6099853515625,134519300
2014-09-03,617.72998046875,619.9099731445312,614.1500244140625,615.280029296875,88318900
2014-09-04,621.02001953125,622.02001953125,615.010009765625,617.739990234375,84431600
2014-09-05,616.1400146484375,621.02001953125,615.3300170898438,621.02001953125,108695300
2014-09-08,615.5,618.1699829101562,614.6500244140625,616.1900024414062,47997000
2014-09-09,613.7100219726562,617.1599731445312,613.030029296875,615.510009765625,86298600
2014-09-10,612.8099975585938,614.530029296875,610.739990234375,613.7000122070312,57005100
2014-09-11,611.1199951171875,615.8599853515625,609.2899780273438,612.8300170898438,61009600
2014-09-12,613.8699951171875,615.530029296875,611.0800170898438,611.1199951171875,56876100
2014-09-15,611.989990234375,613.8499755859375,609.5599975585938,613.8499755859375,76397500
2014-09-16,612.9099731445312,612.9500122070312,609.22998046875,612.0,76995400
2014-09-17,617.0999755859375,618.510009765625,613.0599975585938,613.0599975585938,67756600
2014-09-18,618.969970703125,620.989990234375,617.0700073242188,617.0999755859375,72563200
2014-09-19,618.280029296875,621.8499755859375,618.2100219726562,618.969970703125,89660900
2014-09-22,615.6500244140625,618.3400268554688,613.9199829101562,618.280029296875,70389500
2014-09-23,608.02001953125,617.6599731445312,607.4500122070312,615.6500244140625,99012600
2014-09-24,608.5499877929688,610.739990234375,603.469970703125,608.0399780273438,65383800
2014-09-25,604.719970703125,612.469970703125,604.6199951171875,608.5999755859375,97806400
2014-09-26,606.8499755859375,607.260009765625,599.4299926757812,604.6699829101562,70512200
2014-09-29,607.219970703125,616.6099853515625,605.0399780273438,606.8800048828125,64955400
2014-09-30,609.3800048828125,610.97998046875,607.219970703125,607.219970703125,69196400
2014-10-01,602.8400268554688,609.780029296875,601.2999877929688,609.3099975585938,76462300
2014-10-02,585.8099975585938,602.5900268554688,585.6699829101562,602.5900268554688,109497900
2014-10-03,584.6099853515625,591.6699829101562,582.3599853515625,585.7999877929688,76889900
2014-10-06,584.489990234375,586.6900024414062,580.3900146484375,584.4099731445312,70225300
2014-10-07,574.510009765625,584.5599975585938,572.3200073242188,584.5499877929688,108178000
2014-10-08,570.8900146484375,574.4500122070312,567.1400146484375,574.4500122070312,113836000
2014-10-09,563.1799926757812,579.8200073242188,562.75,570.9199829101562,106760000
2014-10-10,552.6500244140625,563.1699829101562,550.3900146484375,563.1699829101562,124704200
2014-10-13,555.489990234375,560.6099853515625,547.0999755859375,552.6400146484375,99771600
2014-10-14,558.2100219726562,562.3699951171875,552.3300170898438,555.47998046875,104624800
2014-10-15,547.260009765625,560.280029296875,539.780029296875,558.22998046875,159129800
2014-10-16,532.8200073242188,552.4600219726562,528.3599853515625,547.27001953125,148003600
2014-10-17,553.5399780273438,553.5599975585938,532.8699951171875,532.8699951171875,122156300
2014-10-20,548.5800170898438,555.6699829101562,545.1300048828125,553.5499877929688,93411500
2014-10-21,567.1199951171875,567.1500244140625,546.4199829101562,548.5499877929688,131113200
2014-10-22,574.5800170898438,574.5800170898438,562.5800170898438,567.1500244140625,110264000
2014-10-23,573.1300048828125,575.6900024414062,564.6500244140625,574.5700073242188,97972700
2014-10-24,573.5800170898438,575.010009765625,571.2100219726562,573.1300048828125,86113500
2014-10-27,571.2100219726562,581.5,568.530029296875,574.010009765625,70137200
2014-10-28,579.2000122070312,579.2899780273438,571.22998046875,571.22998046875,68194000
2014-10-29,585.7899780273438,587.47998046875,576.9099731445312,579.22998046875,89619700
2014-10-30,581.0599975585938,586.5,572.8499755859375,585.7899780273438,113241100
2014-10-31,585.280029296875,588.8400268554688,581.0599975585938,581.0599975585938,108237900
2014-11-03,585.2000122070312,590.0,584.4000244140625,585.3400268554688,80628000
2014-11-04,577.9500122070312,584.9400024414062,577.4299926757812,584.9400024414062,145886700
2014-11-05,585.239990234375,585.47998046875,577.02001953125,578.010009765625,108164600
2014-11-06,584.6599731445312,589.0800170898438,582.7999877929688,585.22998046875,121414000
2014-11-07,587.6799926757812,590.6400146484375,584.6599731445312,584.6599731445312,103337000
2014-11-10,591.5700073242188,594.8699951171875,587.6900024414062,587.6900024414062,85662900
2014-11-11,593.6599731445312,594.1599731445312,590.7999877929688,591.7999877929688,91124000
2014-11-12,590.8499755859375,594.8099975585938,589.3099975585938,593.6500244140625,84139300
2014-11-13,587.219970703125,592.9000244140625,585.3699951171875,590.8400268554688,82927100
2014-11-14,598.6300048828125,599.1500244140625,587.1900024414062,587.219970703125,86198200
2014-11-17,598.3400268554688,599.8599853515625,592.47998046875,598.6400146484375,72237200
2014-11-18,600.8900146484375,605.4500122070312,598.27001953125,598.27001953125,73307900
2014-11-19,602.3400268554688,604.6300048828125,599.4600219726562,600.8900146484375,74593600
2014-11-20,600.3499755859375,604.77001953125,597.9299926757812,602.3499755859375,79070200
2014-11-21,606.5700073242188,608.5599975585938,600.2999877929688,600.3499755859375,123613000
2014-11-24,607.510009765625,609.8900146484375,606.1599731445312,606.5800170898438,84988700
2014-11-25,606.1199951171875,607.9500122070312,602.5999755859375,607.510009765625,85027000
2014-11-26,596.8400268554688,604.9600219726562,596.3099975585938,604.9099731445312,77451200
2014-11-27,582.22998046875,596.7999877929688,581.3900146484375,596.7999877929688,99677600
2014-11-28,566.3400268554688,582.4400024414062,560.9099731445312,582.2000122070312,135391100
2014-12-01,564.1699829101562,566.52001953125,556.3800048828125,566.3200073242188,121637000
2014-12-02,570.280029296875,575.4500122070312,564.219970703125,564.219970703125,128076800
2014-12-03,574.8699951171875,575.3200073242188,570.2899780273438,570.2899780273438,108868600
2014-12-04,568.9400024414062,576.4099731445312,566.9400024414062,574.8599853515625,102752600
2014-12-05,567.719970703125,570.02001953125,565.9199829101562,569.6500244140625,78878800
2014-12-08,561.8900146484375,568.1199951171875,560.2100219726562,567.719970703125,80164500
2014-12-09,553.4600219726562,561.7999877929688,551.02001953125,561.7999877929688,127024200
2014-12-10,554.9099731445312,559.010009765625,553.260009765625,553.489990234375,0
2014-12-11,553.3300170898438,556.5499877929688,550.4199829101562,554.8699951171875,0
2014-12-12,544.6799926757812,553.2999877929688,544.219970703125,553.260009765625,0
2014-12-15,542.280029296875,551.010009765625,540.8900146484375,544.6799926757812,0
2014-12-16,536.239990234375,542.7899780273438,532.4500122070312,542.1599731445312,0
2014-12-17,552.010009765625,552.1199951171875,536.0599975585938,536.280029296875,0
2014-12-18,573.6500244140625,573.6500244140625,552.0499877929688,552.0599975585938,0
2014-12-19,577.5999755859375,579.1599731445312,567.1300048828125,573.6599731445312,0
2014-12-22,580.4299926757812,586.9299926757812,577.5999755859375,577.5999755859375,0
2014-12-23,582.8099975585938,583.0399780273438,578.760009765625,581.3499755859375,0
2014-12-29,580.7000122070312,585.0499877929688,577.8200073242188,582.4199829101562,0
2014-12-30,576.0399780273438,580.6699829101562,574.260009765625,580.5399780273438,0
2015-01-02,579.3599853515625,581.3800048828125,572.9600219726562,576.280029296875,0
2015-01-05,565.4500122070312,582.9299926757812,564.969970703125,579.280029296875,0
2015-01-06,569.97998046875,570.5800170898438,561.0900268554688,565.4500122070312,0
2015-01-07,573.3599853515625,575.489990234375,565.989990234375,569.97998046875,0
2015-01-08,580.0700073242188,581.1400146484375,573.5700073242188,573.5700073242188,0
2015-01-09,580.4400024414062,584.3800048828125,578.9000244140625,579.6400146484375,0
2015-01-12,573.6300048828125,580.6799926757812,573.010009765625,580.4099731445312,0
2015-01-13,582.7000122070312,584.5800170898438,572.6900024414062,573.6300048828125,0
2015-01-14,575.260009765625,582.739990234375,571.8099975585938,582.739990234375,0
2015-01-15,579.6500244140625,581.9600219726562,567.22998046875,575.260009765625,0
2015-01-16,578.8200073242188,583.1199951171875,574.5700073242188,579.6400146484375,0
2015-01-19,592.7899780273438,592.7899780273438,579.0499877929688,579.0499877929688,0
2015-01-20,588.6400146484375,593.1300048828125,586.1099853515625,592.8200073242188,0
2015-01-21,593.8499755859375,593.9000244140625,587.02001953125,588.7000122070312,0
2015-01-22,599.3200073242188,599.8699951171875,593.0900268554688,593.9000244140625,0
2015-01-23,603.280029296875,604.52001953125,599.3099975585938,599.3099975585938,0
2015-01-26,603.3499755859375,604.0599975585938,595.1400146484375,602.780029296875,0
2015-01-27,597.4299926757812,605.0399780273438,595.9000244140625,603.3499755859375,0
2015-01-28,599.2000122070312,604.1699829101562,597.5499877929688,597.5499877929688,0
2015-01-29,596.5900268554688,599.25,594.4299926757812,599.1500244140625,0
2015-01-30,596.1900024414062,600.260009765625,593.8200073242188,597.010009765625,0
2015-02-02,601.7999877929688,604.4000244140625,594.6900024414062,596.3900146484375,0
2015-02-03,614.6699829101562,614.6699829101562,601.8200073242188,601.8200073242188,0
2015-02-04,605.510009765625,615.8599853515625,602.8599853515625,614.469970703125,0
2015-02-05,612.3099975585938,613.9400024414062,602.2100219726562,605.510009765625,0
2015-02-06,615.7100219726562,616.1699829101562,609.8300170898438,612.3099975585938,0
2015-02-09,617.5800170898438,618.2100219726562,611.8300170898438,615.72998046875,0
2015-02-10,615.1699829101562,618.8800048828125,612.5700073242188,617.5599975585938,0
2015-02-11,603.510009765625,620.5599975585938,603.4400024414062,615.1599731445312,0
2015-02-12,611.3499755859375,613.77001953125,603.530029296875,603.530029296875,0
2015-02-13,616.6599731445312,616.72998046875,609.9199829101562,611.3499755859375,0
2015-02-16,621.010009765625,621.4500122070312,616.6500244140625,616.6500244140625,0
2015-02-17,616.3900146484375,622.6199951171875,615.8099975585938,621.0,0
2015-02-18,620.6799926757812,622.9000244140625,616.3699951171875,616.4099731445312,0
2015-02-19,614.52001953125,621.260009765625,613.1400146484375,620.6799926757812,0
2015-02-20,614.030029296875,617.3200073242188,612.6900024414062,614.52001953125,0
2015-02-23,613.5700073242188,619.6199951171875,611.25,614.030029296875,0
2015-02-24,614.5399780273438,615.489990234375,609.4600219726562,613.6300048828125,0
2015-02-25,617.469970703125,617.9099731445312,611.9199829101562,614.5399780273438,0
2015-02-26,619.4400024414062,619.97998046875,617.0700073242188,617.5700073242188,0
2015-02-27,615.6400146484375,619.6799926757812,613.239990234375,619.4500122070312,0
2015-03-02,613.25,619.5399780273438,610.9500122070312,615.6599731445312,0
2015-03-03,616.9199829101562,617.72998046875,613.4199829101562,613.6300048828125,0
2015-03-04,609.25,616.9099731445312,606.8400268554688,616.8900146484375,0
2015-03-05,616.5999755859375,616.8499755859375,609.25,609.25,0
2015-03-06,618.3099975585938,621.4600219726562,616.4600219726562,616.469970703125,0
2015-03-09,614.260009765625,618.4199829101562,613.0499877929688,618.2999877929688,0
2015-03-10,603.5,615.3099975585938,601.3099975585938,614.260009765625,0
2015-03-11,608.6599731445312,609.2899780273438,603.260009765625,603.5,0
2015-03-12,612.3599853515625,617.5599975585938,608.6900024414062,608.6900024414062,0
2015-03-13,611.469970703125,616.0399780273438,610.0900268554688,612.4000244140625,0
2015-03-16,610.760009765625,612.1400146484375,606.780029296875,611.4199829101562,0
2015-03-17,611.489990234375,615.530029296875,610.4299926757812,610.780029296875,0
2015-03-18,617.6099853515625,617.7100219726562,611.489990234375,611.489990234375,0
2015-03-19,614.010009765625,622.9099731445312,612.4199829101562,617.7000122070312,0
2015-03-20,623.1599731445312,623.1900024414062,613.1900024414062,614.0,0
2015-03-23,622.3699951171875,624.010009765625,618.760009765625,623.1400146484375,0
2015-03-24,620.9500122070312,622.8099975585938,618.1599731445312,622.2999877929688,0
2015-03-25,616.5700073242188,620.97998046875,615.030029296875,620.9500122070312,0
2015-03-26,611.3599853515625,619.0399780273438,608.4199829101562,616.6799926757812,0
2015-03-27,616.469970703125,616.6300048828125,611.3599853515625,611.3599853515625,0
2015-03-30,619.5399780273438,621.1799926757812,616.1099853515625,616.47998046875,0
2015-03-31,619.2000122070312,623.3099975585938,616.280029296875,619.5599975585938,0
2015-04-01,622.1599731445312,623.4099731445312,615.3099975585938,619.2000122070312,0
2015-04-07,644.7999877929688,645.02001953125,622.4000244140625,622.8499755859375,0
2015-04-08,642.8300170898438,648.6199951171875,641.760009765625,644.7999877929688,0
2015-04-09,645.010009765625,646.2999877929688,639.5499877929688,642.8300170898438,0
2015-04-10,656.3099975585938,656.3900146484375,645.0499877929688,645.0499877929688,0
2015-04-13,656.9199829101562,658.8900146484375,654.47998046875,656.3200073242188,0
2015-04-14,656.3200073242188,659.72998046875,653.1799926757812,656.9199829101562,0
2015-04-15,661.3200073242188,661.3400268554688,656.4400024414062,656.469970703125,0
2015-04-16,660.010009765625,666.6799926757812,659.6599731445312,661.4099731445312,0
2015-04-17,651.1699829101562,660.1400146484375,649.4299926757812,659.969970703125,0
2015-04-20,651.4099731445312,654.72998046875,649.47998046875,650.9600219726562,0
2015-04-21,655.0499877929688,656.72998046875,651.4199829101562,651.4199829101562,0
2015-04-22,646.010009765625,655.0800170898438,645.010009765625,655.0399780273438,0
2015-04-23,651.0800170898438,651.4600219726562,640.9099731445312,646.010009765625,0
2015-04-24,651.3699951171875,654.5,648.0599975585938,651.0800170898438,0
2015-04-27,652.0800170898438,652.7999877929688,645.1799926757812,651.3699951171875,0
2015-04-28,644.8499755859375,652.0499877929688,644.489990234375,652.0499877929688,0
2015-04-29,632.1699829101562,646.489990234375,631.9299926757812,644.8499755859375,0
2015-04-30,639.3599853515625,640.5399780273438,631.8699951171875,632.1699829101562,0
2015-05-04,647.9199829101562,649.2899780273438,639.2999877929688,639.3499755859375,0
2015-05-05,648.97998046875,650.22998046875,644.0599975585938,647.9199829101562,0
2015-05-06,645.9600219726562,654.0999755859375,645.0399780273438,648.97998046875,0
2015-05-07,640.97998046875,646.8900146484375,640.219970703125,645.9299926757812,0
2015-05-08,648.0499877929688,648.6900024414062,640.9500122070312,640.9600219726562,0
2015-05-11,654.3200073242188,655.8499755859375,648.0700073242188,648.0700073242188,0
2015-05-12,651.27001953125,654.3099975585938,647.4299926757812,654.3099975585938,0
2015-05-13,657.9299926757812,659.97998046875,651.27001953125,651.27001953125,0
2015-05-15,653.6400146484375,660.1199951171875,653.3400268554688,657.9600219726562,0
2015-05-18,653.0800170898438,657.5700073242188,651.7000122070312,653.7000122070312,0
2015-05-19,651.0,656.7100219726562,649.9299926757812,653.0800170898438,0
2015-05-20,651.0499877929688,652.1099853515625,648.030029296875,651.02001953125,0
2015-05-21,652.9299926757812,652.97998046875,649.97998046875,650.72998046875,0
2015-05-22,652.4299926757812,656.7100219726562,649.22998046875,652.9299926757812,0
2015-05-26,643.2899780273438,652.47998046875,643.0499877929688,652.4299926757812,0
2015-05-27,646.4500122070312,646.9500122070312,640.9000244140625,643.2999877929688,0
2015-05-28,645.4099731445312,647.6099853515625,640.6900024414062,646.5599975585938,0
2015-05-29,645.6799926757812,647.280029296875,642.1300048828125,645.5599975585938,0
2015-06-01,645.1400146484375,660.469970703125,639.22998046875,645.6699829101562,0
2015-06-02,650.5800170898438,650.5800170898438,641.3900146484375,645.0700073242188,0
2015-06-03,655.3400268554688,656.5900268554688,649.5399780273438,650.5599975585938,0
2015-06-04,649.280029296875,654.9600219726562,647.4299926757812,654.9600219726562,0
2015-06-05,650.0599975585938,651.3099975585938,643.1400146484375,649.0900268554688,0
2015-06-08,651.7000122070312,651.7000122070312,647.0800170898438,650.0800170898438,0
2015-06-09,643.530029296875,651.7000122070312,640.27001953125,651.7000122070312,0
2015-06-10,643.6799926757812,644.280029296875,641.22998046875,643.510009765625,0
2015-06-11,645.97998046875,649.2100219726562,643.47998046875,643.6400146484375,0
2015-06-12,636.5499877929688,645.9600219726562,636.5499877929688,645.9600219726562,0
2015-06-15,627.3699951171875,636.2999877929688,627.1099853515625,636.2999877929688,0
2015-06-16,628.6199951171875,628.9500122070312,620.9000244140625,627.4000244140625,0
2015-06-17,631.6099853515625,632.47998046875,628.6500244140625,628.6500244140625,0
2015-06-18,628.6199951171875,631.5800170898438,625.0700073242188,631.52001953125,0
2015-06-19,632.22998046875,632.22998046875,627.2000122070312,628.6400146484375,0
2015-06-22,639.8099975585938,640.010009765625,632.2000122070312,632.22998046875,0
2015-06-23,643.8200073242188,644.5800170898438,639.3800048828125,639.9400024414062,0
2015-06-24,646.5900268554688,647.4000244140625,643.4600219726562,643.8200073242188,0
2015-06-25,643.5499877929688,648.010009765625,641.8699951171875,646.4400024414062,0
2015-06-26,642.5999755859375,644.4299926757812,637.719970703125,643.5700073242188,0
2015-06-29,631.3900146484375,642.4400024414062,624.1500244140625,642.4400024414062,0
2015-06-30,629.1099853515625,631.219970703125,624.6699829101562,631.0999755859375,0
2015-07-01,629.8200073242188,636.1699829101562,629.8200073242188,630.3699951171875,0
2015-07-02,632.52001953125,633.1799926757812,629.0800170898438,629.9099731445312,0
2015-07-03,627.7999877929688,632.4600219726562,626.27001953125,632.3900146484375,0
2015-07-06,620.3300170898438,627.5900268554688,619.4000244140625,627.5900268554688,0
2015-07-07,615.760009765625,620.8099975585938,615.4400024414062,620.3300170898438,0
2015-07-08,618.0999755859375,619.72998046875,613.52001953125,615.8099975585938,0
2015-07-09,626.5800170898438,628.3499755859375,617.97998046875,618.0800170898438,0
2015-07-10,634.8699951171875,638.6400146484375,627.3300170898438,627.3300170898438,0
2015-07-13,639.2000122070312,642.5399780273438,634.8499755859375,634.8699951171875,0
2015-07-14,644.0399780273438,644.0800170898438,636.4400024414062,639.0999755859375,0
2015-07-15,646.4199829101562,648.9000244140625,643.6799926757812,644.3300170898438,0
2015-07-16,649.6599731445312,651.4299926757812,646.6400146484375,647.0499877929688,0
2015-07-17,649.0499877929688,654.510009765625,648.1799926757812,649.7000122070312,0
2015-07-20,648.5599975585938,655.489990234375,647.6199951171875,649.0,0
2015-07-21,650.9099731445312,652.239990234375,648.239990234375,648.5599975585938,0
2015-07-22,644.5700073242188,650.9299926757812,643.6699829101562,650.9299926757812,0
2015-07-23,645.5900268554688,648.1699829101562,643.8699951171875,644.5700073242188,0
2015-07-24,641.8099975585938,646.1799926757812,641.7999877929688,645.6400146484375,0
2015-07-27,626.6599731445312,641.6500244140625,626.6500244140625,641.6500244140625,0
2015-07-28,628.52001953125,632.97998046875,626.6799926757812,626.6799926757812,0
2015-07-29,638.4199829101562,638.4199829101562,628.6199951171875,628.6199951171875,0
2015-07-30,641.780029296875,644.4600219726562,638.52001953125,638.52001953125,0
2015-07-31,638.9299926757812,642.3300170898438,635.9500122070312,641.780029296875,0
2015-08-03,639.72998046875,643.1799926757812,637.6699829101562,638.9199829101562,0
2015-08-04,638.6799926757812,640.02001953125,636.1199951171875,639.72998046875,0
2015-08-05,644.0599975585938,644.7899780273438,638.6900024414062,638.9299926757812,0
2015-08-06,635.47998046875,644.1799926757812,635.3300170898438,644.0599975585938,0
2015-08-07,636.2000122070312,639.9199829101562,635.52001953125,635.530029296875,0
2015-08-10,635.1599731445312,636.219970703125,629.9500122070312,636.1900024414062,0
2015-08-11,624.8400268554688,638.030029296875,624.5999755859375,635.1599731445312,0
2015-08-12,617.5900268554688,624.8400268554688,615.010009765625,624.8400268554688,0
2015-08-13,620.97998046875,625.6400146484375,617.97998046875,617.97998046875,0
2015-08-14,612.6599731445312,621.0800170898438,611.8300170898438,620.97998046875,0
2015-08-17,612.5999755859375,617.1400146484375,611.219970703125,612.6300048828125,0
2015-08-18,612.6900024414062,614.4299926757812,610.72998046875,612.5700073242188,0
2015-08-19,606.4299926757812,612.75,606.0999755859375,612.7100219726562,0
2015-08-20,595.5900268554688,606.4099731445312,595.5900268554688,606.4099731445312,0
2015-08-21,585.6400146484375,595.5700073242188,583.5999755859375,595.5700073242188,0
2015-08-24,555.25,585.6099853515625,540.760009765625,585.6099853515625,0
2015-08-25,570.989990234375,576.97998046875,555.1799926757812,555.239990234375,0
2015-08-26,575.3800048828125,583.27001953125,559.3699951171875,571.030029296875,0
2015-08-27,586.1699829101562,588.6599731445312,576.02001953125,576.02001953125,0
2015-08-28,593.4000244140625,596.780029296875,585.3099975585938,586.2000122070312,0
2015-08-31,594.0999755859375,594.1500244140625,587.6500244140625,593.1599731445312,0
2015-09-01,582.5900268554688,595.4400024414062,581.7100219726562,594.0800170898438,0
2015-09-02,582.2100219726562,588.1400146484375,577.780029296875,582.5900268554688,0
2015-09-03,597.1300048828125,597.1900024414062,582.2999877929688,582.2999877929688,0
2015-09-04,582.22998046875,596.9500122070312,582.2100219726562,596.9500122070312,104196100
2015-09-07,580.1699829101562,587.9500122070312,579.77001953125,582.6199951171875,0
2015-09-08,590.260009765625,592.5,580.1699829101562,580.1699829101562,0
2015-09-09,597.219970703125,600.3699951171875,590.280029296875,590.280029296875,0
2015-09-10,585.22998046875,597.239990234375,584.1599731445312,597.239990234375,0
2015-09-11,579.010009765625,586.5,577.9099731445312,585.22998046875,0
2015-09-14,574.8900146484375,582.22998046875,572.780029296875,579.02001953125,0
2015-09-15,578.6599731445312,578.6599731445312,571.010009765625,574.9299926757812,0
2015-09-16,587.72998046875,588.0499877929688,578.7100219726562,578.7100219726562,0
2015-09-17,592.5399780273438,593.3300170898438,588.1099853515625,588.1099853515625,0
2015-09-18,584.3300170898438,592.5599975585938,582.2899780273438,592.5599975585938,0
2015-09-21,587.1199951171875,590.3400268554688,583.280029296875,583.280029296875,0
2015-09-22,579.2899780273438,587.6799926757812,576.1400146484375,587.1099853515625,0
2015-09-23,575.4299926757812,580.6900024414062,575.4299926757812,579.2899780273438,0
2015-09-24,566.6699829101562,578.77001953125,566.239990234375,575.47998046875,0
2015-09-25,579.9400024414062,581.6599731445312,566.6900024414062,566.6900024414062,0
2015-09-28,570.530029296875,581.219970703125,570.489990234375,579.6799926757812,0
2015-09-29,571.2899780273438,574.22998046875,562.5800170898438,570.530029296875,0
2015-09-30,581.7899780273438,581.8800048828125,571.3300170898438,571.3300170898438,0
2015-10-01,586.1099853515625,590.280029296875,581.7899780273438,581.7899780273438,0
2015-10-02,581.47998046875,590.27001953125,579.9600219726562,586.0999755859375,0
2015-10-05,601.2999877929688,601.2999877929688,581.9199829101562,581.9199829101562,0
2015-10-06,613.010009765625,614.760009765625,599.3599853515625,601.3499755859375,0
2015-10-07,622.97998046875,623.1300048828125,612.3800048828125,613.0499877929688,0
2015-10-08,614.6599731445312,622.9400024414062,611.3200073242188,622.9400024414062,0
2015-10-09,618.8099975585938,624.4099731445312,614.7100219726562,614.7100219726562,0
2015-10-12,612.8599853515625,622.02001953125,611.739990234375,618.8099975585938,0
2015-10-13,609.8900146484375,612.97998046875,606.4000244140625,612.9500122070312,0
2015-10-14,608.0,611.1799926757812,605.2899780273438,609.8900146484375,0
2015-10-15,615.0900268554688,615.0900268554688,606.989990234375,608.0,0
2015-10-16,614.02001953125,619.9299926757812,614.02001953125,615.1500244140625,0
2015-10-19,613.8599853515625,618.5499877929688,610.8400268554688,614.010009765625,0
2015-10-20,613.3300170898438,613.8900146484375,608.4099731445312,613.27001953125,0
2015-10-21,614.7100219726562,616.6199951171875,608.9500122070312,613.2999877929688,0
2015-10-22,615.6300048828125,615.6300048828125,608.0700073242188,614.7100219726562,0
2015-10-23,623.8200073242188,627.719970703125,615.6199951171875,615.6300048828125,0
2015-10-26,623.530029296875,628.6099853515625,621.3200073242188,623.8300170898438,0
2015-10-27,616.0499877929688,623.6300048828125,614.8099975585938,623.530029296875,0
2015-10-28,622.760009765625,624.1199951171875,612.47998046875,616.0499877929688,0
2015-10-29,615.489990234375,622.8499755859375,613.7999877929688,622.760009765625,0
2015-10-30,615.239990234375,620.3499755859375,613.1300048828125,614.97998046875,0
2015-11-02,617.9199829101562,618.4299926757812,614.0599975585938,615.22998046875,0
2015-11-03,623.6099853515625,623.6199951171875,617.3499755859375,617.9299926757812,0
2015-11-04,633.77001953125,635.6400146484375,623.97998046875,624.1500244140625,0
2015-11-05,628.6300048828125,634.239990234375,627.8699951171875,633.9000244140625,0
2015-11-06,626.8900146484375,631.4500122070312,626.280029296875,628.5399780273438,0
2015-11-09,628.52001953125,632.77001953125,626.8099975585938,626.9099731445312,0
2015-11-10,624.0399780273438,628.52001953125,621.7000122070312,628.469970703125,0
2015-11-11,623.52001953125,627.6900024414062,623.489990234375,623.97998046875,0
2015-11-12,611.5,623.5,611.4400024414062,623.5,0
2015-11-13,608.8699951171875,616.4099731445312,608.0399780273438,611.280029296875,0
2015-11-16,613.1099853515625,615.6699829101562,605.3099975585938,608.8800048828125,0
2015-11-17,622.0599975585938,623.2100219726562,613.1900024414062,613.22998046875,0
2015-11-18,627.1199951171875,628.219970703125,619.3900146484375,622.0599975585938,0
2015-11-19,628.1500244140625,633.97998046875,627.1699829101562,627.1799926757812,0
2015-11-20,625.8099975585938,629.25,625.0399780273438,628.2000122070312,0
2015-11-23,624.9600219726562,630.3300170898438,620.969970703125,625.7999877929688,0
2015-11-24,624.8499755859375,625.8300170898438,618.8200073242188,624.969970703125,0
2015-11-25,624.489990234375,627.9199829101562,622.4199829101562,624.8599853515625,0
2015-11-26,628.280029296875,629.4099731445312,624.6099853515625,624.8800048828125,0
2015-11-27,625.4199829101562,628.47998046875,623.3499755859375,628.3499755859375,0
2015-11-30,628.760009765625,629.8900146484375,623.5399780273438,625.4199829101562,0
2015-12-01,632.4600219726562,633.3900146484375,628.4000244140625,628.780029296875,0
2015-12-02,632.5900268554688,634.25,630.0399780273438,632.27001953125,0
2015-12-03,623.5599975585938,635.8499755859375,623.5599975585938,632.5900268554688,0
2015-12-04,614.6300048828125,625.8699951171875,613.6099853515625,623.5700073242188,0
2015-12-07,617.0,621.5700073242188,614.72998046875,614.72998046875,0
2015-12-08,607.1699829101562,617.030029296875,604.5599975585938,616.9600219726562,0
2015-12-09,610.9500122070312,611.4000244140625,601.3099975585938,607.25,0
2015-12-10,604.3499755859375,610.9400024414062,602.3300170898438,610.9400024414062,0
2015-12-11,594.8099975585938,605.4299926757812,594.6500244140625,604.4000244140625,0
2015-12-14,585.4199829101562,597.5399780273438,584.719970703125,594.780029296875,0
2015-12-15,601.9400024414062,602.010009765625,585.469970703125,585.469970703125,0
2015-12-16,603.8099975585938,604.969970703125,596.3300170898438,601.7000122070312,0
2015-12-17,600.8499755859375,609.02001953125,600.1099853515625,603.8699951171875,0
2015-12-18,590.1400146484375,600.8800048828125,588.27001953125,600.8699951171875,0
2015-12-21,591.1400146484375,594.5499877929688,584.1599731445312,590.1500244140625,0
2015-12-22,589.9000244140625,592.510009765625,585.8200073242188,591.0399780273438,0
2015-12-23,605.260009765625,605.469970703125,590.0800170898438,590.0800170898438,0
2015-12-28,602.1599731445312,608.9500122070312,601.3699951171875,605.3599853515625,0
2015-12-29,609.47998046875,609.8200073242188,601.6500244140625,602.2000122070312,0
2015-12-30,610.260009765625,612.1300048828125,607.9000244140625,609.47998046875,0
2016-01-04,600.6099853515625,610.260009765625,596.6599731445312,610.260009765625,0
2016-01-05,590.27001953125,603.760009765625,590.25,600.6099853515625,0
2016-01-06,581.75,591.3800048828125,579.0999755859375,590.2899780273438,0
2016-01-07,565.3800048828125,581.77001953125,556.239990234375,581.77001953125,0
2016-01-08,563.75,573.3300170898438,562.6099853515625,565.4000244140625,0
2016-01-11,554.77001953125,563.6799926757812,553.0499877929688,563.6799926757812,0
2016-01-12,554.510009765625,560.760009765625,544.5800170898438,554.77001953125,0
2016-01-13,556.8099975585938,563.489990234375,554.5800170898438,554.5800170898438,0
2016-01-14,542.1699829101562,556.77001953125,536.1500244140625,556.77001953125,0
2016-01-15,535.6400146484375,545.3300170898438,527.4199829101562,542.1900024414062,0
2016-01-18,528.469970703125,537.25,527.5499877929688,535.6400146484375,0
2016-01-19,543.6799926757812,544.9600219726562,528.5700073242188,528.5700073242188,0
2016-01-20,518.0499877929688,543.6900024414062,517.9600219726562,543.6900024414062,0
2016-01-21,530.6400146484375,533.010009765625,517.1699829101562,517.1699829101562,0
2016-01-22,552.6199951171875,552.6199951171875,530.6500244140625,530.6500244140625,0
2016-01-25,547.0700073242188,555.3099975585938,543.6500244140625,552.6599731445312,0
2016-01-26,551.02001953125,551.02001953125,533.6400146484375,547.010009765625,0
2016-01-27,547.1199951171875,551.739990234375,542.8400268554688,550.989990234375,0
2016-01-28,552.3200073242188,560.4400024414062,547.0700073242188,547.1199951171875,0
2016-01-29,560.9299926757812,560.97998046875,551.530029296875,553.989990234375,0
2016-02-01,556.7000122070312,563.0,554.0399780273438,560.969970703125,0
2016-02-02,539.4600219726562,556.0399780273438,539.4600219726562,555.77001953125,0
2016-02-03,540.469970703125,549.5599975585938,538.8499755859375,539.47998046875,0
2016-02-04,552.219970703125,554.469970703125,540.530029296875,540.530029296875,0
2016-02-05,560.739990234375,563.5999755859375,550.7100219726562,552.22998046875,0
2016-02-08,536.0999755859375,562.8599853515625,536.0599975585938,560.739990234375,0
2016-02-09,531.47998046875,540.5999755859375,527.280029296875,536.1199951171875,0
2016-02-10,530.6400146484375,534.2999877929688,526.469970703125,531.47998046875,0
2016-02-11,515.22998046875,530.5900268554688,513.3099975585938,530.5900268554688,0
2016-02-12,522.3099975585938,524.3200073242188,515.3300170898438,515.3699951171875,0
2016-02-15,539.1500244140625,539.8300170898438,522.6400146484375,522.6400146484375,0
2016-02-16,532.1300048828125,547.239990234375,532.1300048828125,539.1500244140625,0
2016-02-17,554.8200073242188,554.8200073242188,532.030029296875,532.1300048828125,0
2016-02-18,557.739990234375,563.75,554.1699829101562,554.8200073242188,0
2016-02-19,550.239990234375,557.989990234375,548.9099731445312,557.6599731445312,0
2016-02-22,564.6599731445312,564.6799926757812,550.469970703125,550.469970703125,0
2016-02-23,561.780029296875,566.0900268554688,559.5499877929688,564.8900146484375,0
2016-02-24,545.3400268554688,561.8099975585938,545.1199951171875,561.780029296875,0
2016-02-25,556.4500122070312,558.4600219726562,545.3900146484375,545.3900146484375,0
2016-02-26,566.3400268554688,568.4199829101562,556.8300170898438,556.8300170898438,0
2016-02-29,572.5,572.5,562.8499755859375,566.3200073242188,0
2016-03-01,574.9199829101562,579.4099731445312,572.030029296875,572.489990234375,0
2016-03-02,571.1300048828125,581.1099853515625,568.6400146484375,575.030029296875,0
2016-03-03,576.3599853515625,578.4099731445312,570.989990234375,571.1500244140625,0
2016-03-04,588.0499877929688,588.0499877929688,576.5599975585938,576.5800170898438,0
2016-03-07,585.4600219726562,594.8699951171875,578.3400268554688,588.0499877929688,0
2016-03-08,586.1500244140625,590.3099975585938,580.8800048828125,585.4600219726562,0
2016-03-09,583.0399780273438,586.3699951171875,580.3900146484375,586.1400146484375,0
2016-03-10,582.3499755859375,591.2899780273438,579.2899780273438,583.1900024414062,0
2016-03-11,585.030029296875,586.739990234375,581.7999877929688,582.3400268554688,0
2016-03-14,589.5399780273438,590.7899780273438,583.780029296875,585.030029296875,0
2016-03-15,582.780029296875,589.52001953125,580.97998046875,589.52001953125,0
2016-03-16,586.0,586.2999877929688,581.9600219726562,582.7899780273438,0
2016-03-17,585.780029296875,590.72998046875,579.3099975585938,586.0399780273438,0
2016-03-18,590.280029296875,591.25,583.0399780273438,585.7899780273438,0
2016-03-21,588.4199829101562,591.1500244140625,585.1500244140625,590.2899780273438,0
2016-03-22,589.0,589.8599853515625,583.0399780273438,588.219970703125,0
2016-03-23,586.22998046875,590.22998046875,586.2100219726562,589.0,0
2016-03-29,569.75,587.6300048828125,569.510009765625,586.2000122070312,0
2016-03-30,585.1199951171875,585.219970703125,569.75,569.75,0
2016-03-31,577.75,585.1500244140625,575.77001953125,585.1199951171875,0
2016-04-01,569.7899780273438,577.6799926757812,566.6900024414062,577.6699829101562,0
2016-04-04,566.8499755859375,572.0499877929688,565.1900024414062,569.7899780273438,86095600
2016-04-05,559.8400268554688,566.8499755859375,557.6400146484375,566.8499755859375,0
2016-04-06,562.8900146484375,564.9299926757812,559.739990234375,559.7899780273438,0
2016-04-07,560.4299926757812,568.1199951171875,559.8200073242188,562.9099731445312,0
2016-04-08,566.239990234375,566.760009765625,559.3599853515625,560.4299926757812,0
2016-04-11,571.6699829101562,572.719970703125,563.8300170898438,566.3099975585938,0
2016-04-12,574.3400268554688,576.0499877929688,571.510009765625,571.6799926757812,0
2016-04-13,588.9500122070312,588.9500122070312,575.9299926757812,576.0,0
2016-04-14,589.1400146484375,591.9199829101562,584.0499877929688,588.989990234375,0
2016-04-15,584.719970703125,590.4500122070312,583.8599853515625,589.1500244140625,0
2016-04-18,585.4600219726562,585.4600219726562,573.6400146484375,584.719970703125,0
2016-04-19,595.9199829101562,595.9299926757812,585.4500122070312,585.4500122070312,0
2016-04-20,597.27001953125,601.1300048828125,592.219970703125,595.9199829101562,0
2016-04-21,599.0599975585938,605.52001953125,597.27001953125,597.27001953125,0
2016-04-22,595.22998046875,599.1599731445312,591.7999877929688,599.0399780273438,0
2016-04-25,592.219970703125,596.4000244140625,591.6400146484375,595.27001953125,0
2016-04-26,594.8599853515625,596.9299926757812,592.47998046875,592.47998046875,0
2016-04-27,606.3200073242188,606.6500244140625,594.7999877929688,594.7999877929688,0
2016-04-28,610.9600219726562,612.0,603.7899780273438,606.2999877929688,0
2016-04-29,606.280029296875,611.969970703125,603.9099731445312,610.9600219726562,0
2016-05-02,601.4099731445312,606.6799926757812,600.1099853515625,606.280029296875,0
2016-05-03,592.5999755859375,603.1699829101562,591.5999755859375,601.3300170898438,0
2016-05-04,595.6099853515625,596.760009765625,590.72998046875,592.5999755859375,0
2016-05-06,595.9400024414062,597.1599731445312,589.5399780273438,595.5999755859375,0
2016-05-09,593.5800170898438,599.489990234375,592.8800048828125,595.9400024414062,0
2016-05-10,594.1900024414062,598.510009765625,592.3599853515625,593.5900268554688,0
2016-05-11,599.02001953125,599.25,594.1900024414062,594.1900024414062,0
2016-05-12,600.4299926757812,607.4099731445312,598.8499755859375,599.0700073242188,0
2016-05-13,597.3099975585938,601.6199951171875,596.3200073242188,600.4400024414062,0
2016-05-18,605.3499755859375,605.3699951171875,597.2899780273438,597.3099975585938,0
2016-05-19,594.6500244140625,605.7100219726562,594.6500244140625,605.3499755859375,0
2016-05-20,605.0599975585938,605.4600219726562,594.780029296875,594.780029296875,0
2016-05-23,605.3800048828125,607.9199829101562,602.1400146484375,605.0700073242188,0
2016-05-24,610.77001953125,610.77001953125,602.4400024414062,605.4000244140625,0
2016-05-25,619.6199951171875,619.6199951171875,611.3099975585938,611.3099975585938,0
2016-05-26,622.25,622.2999877929688,616.25,619.6199951171875,0
2016-05-27,618.8200073242188,622.260009765625,616.780029296875,622.260009765625,0
2016-05-30,622.8900146484375,623.760009765625,618.8499755859375,618.8499755859375,0
2016-05-31,617.3099975585938,624.0499877929688,617.0499877929688,622.8900146484375,0
2016-06-01,611.6300048828125,617.3800048828125,610.7999877929688,617.3099975585938,0
2016-06-02,611.3099975585938,616.47998046875,610.02001953125,611.6300048828125,0
2016-06-03,609.260009765625,615.7000122070312,609.260009765625,611.3200073242188,0
2016-06-06,615.1099853515625,615.1099853515625,609.260009765625,609.260009765625,0
2016-06-07,621.7999877929688,621.7999877929688,614.97998046875,615.1199951171875,0
2016-06-08,622.7000122070312,624.4099731445312,618.969970703125,621.8300170898438,0
2016-06-09,612.5399780273438,622.9000244140625,612.030029296875,622.7000122070312,0
2016-06-10,604.780029296875,612.6500244140625,603.8200073242188,612.5399780273438,0
2016-06-13,595.780029296875,604.760009765625,593.0700073242188,604.760009765625,0
2016-06-14,587.3400268554688,595.780029296875,587.3400268554688,595.780029296875,0
2016-06-15,590.1300048828125,593.489990234375,587.239990234375,587.3499755859375,0
2016-06-16,575.25,589.97998046875,574.989990234375,589.97998046875,0
2016-06-17,590.8699951171875,592.3900146484375,575.260009765625,575.260009765625,0
2016-06-20,603.760009765625,605.3800048828125,591.0399780273438,591.0399780273438,0
2016-06-21,603.1900024414062,604.4199829101562,600.3200073242188,603.780029296875,0
2016-06-22,606.9199829101562,608.4000244140625,602.8099975585938,603.1599731445312,0
2016-06-23,610.9400024414062,615.0700073242188,606.1799926757812,606.989990234375,0
2016-06-24,592.1599731445312,609.0999755859375,573.3499755859375,609.0999755859375,0
2016-06-27,573.010009765625,592.02001953125,572.969970703125,591.8900146484375,0
2016-06-28,587.3499755859375,588.7000122070312,573.3499755859375,573.3499755859375,0
2016-06-29,599.6799926757812,600.0,587.719970703125,588.0399780273438,0
2016-06-30,602.8599853515625,605.8699951171875,597.7899780273438,599.72998046875,0
2016-07-01,611.5700073242188,611.5800170898438,602.780029296875,602.8599853515625,0
2016-07-04,608.5900268554688,615.3499755859375,608.5900268554688,611.5700073242188,0
2016-07-05,597.2899780273438,608.5999755859375,596.3800048828125,608.5999755859375,0
2016-07-06,592.219970703125,602.5599975585938,592.1300048828125,597.2899780273438,0
2016-07-07,608.0800170898438,608.1699829101562,592.1400146484375,592.2100219726562,0
2016-07-08,610.3200073242188,610.5700073242188,600.9600219726562,608.0800170898438,0
2016-07-11,620.0599975585938,620.8900146484375,610.3099975585938,610.3099975585938,0
2016-07-12,617.2899780273438,620.2999877929688,614.0700073242188,620.0499877929688,0
2016-07-13,619.489990234375,620.3499755859375,614.5399780273438,617.2999877929688,0
2016-07-14,621.0499877929688,623.3499755859375,618.1900024414062,619.47998046875,0
2016-07-15,622.3599853515625,623.3099975585938,618.8800048828125,620.6799926757812,0
2016-07-18,619.3099975585938,623.0800170898438,618.3499755859375,620.8499755859375,0
2016-07-19,624.9000244140625,625.5,619.3699951171875,619.4400024414062,0
2016-07-20,624.5800170898438,627.2899780273438,623.27001953125,624.9000244140625,0
2016-07-21,631.72998046875,632.6199951171875,624.6099853515625,624.6099853515625,0
2016-07-22,625.25,631.780029296875,624.8800048828125,631.72998046875,0
2016-07-25,618.5599975585938,627.530029296875,618.5399780273438,625.5599975585938,0
2016-07-26,620.2999877929688,620.4000244140625,615.8800048828125,618.5599975585938,0
2016-07-27,623.0800170898438,623.5,615.0,620.2999877929688,0
2016-07-28,615.6300048828125,623.0999755859375,615.52001953125,623.0900268554688,0
2016-07-29,612.6300048828125,617.25,612.260009765625,615.6400146484375,0
2016-08-01,610.5499877929688,618.8800048828125,608.6799926757812,612.6300048828125,0
2016-08-02,604.72998046875,610.47998046875,603.7899780273438,610.47998046875,0
2016-08-03,601.4500122070312,604.97998046875,599.52001953125,604.7100219726562,0
2016-08-04,608.219970703125,609.8300170898438,601.6699829101562,601.6900024414062,0
2016-08-05,612.780029296875,613.02001953125,608.1500244140625,608.2000122070312,0
2016-08-08,614.7999877929688,615.3499755859375,612.760009765625,612.780029296875,0
2016-08-09,622.8099975585938,622.8099975585938,613.239990234375,614.8099975585938,0
2016-08-10,619.9600219726562,622.469970703125,618.0700073242188,622.0900268554688,0
2016-08-11,621.3699951171875,621.3699951171875,616.9199829101562,619.9600219726562,0
2016-08-12,621.25,626.02001953125,620.6799926757812,621.3699951171875,0
2016-08-15,619.0599975585938,622.5599975585938,617.5399780273438,621.25,0
2016-08-16,617.72998046875,620.1099853515625,615.4199829101562,619.0599975585938,0
2016-08-17,606.9500122070312,618.9500122070312,606.9199829101562,617.6300048828125,0
2016-08-18,609.6400146484375,612.8699951171875,606.8699951171875,608.5700073242188,0
2016-08-19,612.530029296875,613.97998046875,609.489990234375,609.6400146484375,0
2016-08-22,612.4099731445312,614.8499755859375,609.760009765625,612.5800170898438,0
2016-08-23,618.02001953125,618.3499755859375,611.3400268554688,612.4000244140625,0
2016-08-24,619.280029296875,621.0599975585938,615.6799926757812,618.02001953125,0
2016-08-25,616.6799926757812,619.4199829101562,613.4299926757812,619.0700073242188,0
2016-08-26,618.4099731445312,618.4099731445312,614.0800170898438,616.719970703125,0
2016-08-29,616.6799926757812,618.5,613.5800170898438,618.2899780273438,0
2016-08-30,622.0900268554688,623.0900268554688,616.4400024414062,616.6799926757812,0
2016-08-31,618.9299926757812,622.1500244140625,618.6799926757812,622.1300048828125,0
2016-09-01,616.280029296875,621.2000122070312,615.5999755859375,618.9299926757812,0
2016-09-02,623.1099853515625,623.3200073242188,614.2899780273438,616.260009765625,0
2016-09-05,627.0499877929688,629.3300170898438,623.3099975585938,623.3300170898438,0
2016-09-06,622.4099731445312,628.0999755859375,622.3900146484375,627.0499877929688,0
2016-09-07,626.4000244140625,626.4099731445312,622.469970703125,622.469970703125,0
2016-09-08,624.9299926757812,630.239990234375,624.0700073242188,626.4400024414062,0
2016-09-09,619.530029296875,627.0,618.8599853515625,625.0399780273438,0
2016-09-12,608.489990234375,619.530029296875,602.6500244140625,619.530029296875,0
2016-09-13,603.0999755859375,611.719970703125,602.6199951171875,608.469970703125,0
2016-09-14,602.5800170898438,606.260009765625,600.9199829101562,603.1099853515625,0
2016-09-15,596.8200073242188,601.75,596.719970703125,601.75,0
2016-09-16,601.25,602.4299926757812,596.7899780273438,596.8200073242188,0
2016-09-19,607.3599853515625,607.5700073242188,601.2999877929688,601.3599853515625,0
2016-09-20,609.1599731445312,609.6099853515625,604.6500244140625,607.3599853515625,0
2016-09-21,610.0599975585938,612.7999877929688,608.010009765625,609.2000122070312,0
2016-09-22,618.3200073242188,621.1199951171875,610.0800170898438,610.0800170898438,0
2016-09-23,617.7899780273438,618.3400268554688,613.719970703125,618.3400268554688,0
2016-09-26,609.0399780273438,617.72998046875,608.4299926757812,617.72998046875,0
2016-09-27,604.7899780273438,611.5999755859375,602.1300048828125,609.0499877929688,0
2016-09-28,609.4299926757812,610.4400024414062,604.7899780273438,604.7899780273438,0
2016-09-29,623.0800170898438,623.0800170898438,609.5999755859375,609.5999755859375,0
2016-09-30,622.6900024414062,623.1500244140625,614.469970703125,623.010009765625,0
2016-10-03,622.6400146484375,626.010009765625,622.2999877929688,622.6900024414062,0
2016-10-04,630.8499755859375,630.8499755859375,622.6400146484375,622.6400146484375,0
2016-10-05,631.719970703125,632.52001953125,626.22998046875,630.8699951171875,0
2016-10-06,633.1699829101562,634.010009765625,630.0,631.7999877929688,0
2016-10-07,629.3900146484375,636.4299926757812,628.1400146484375,633.2000122070312,0
2016-10-10,639.5499877929688,639.5499877929688,629.1900024414062,629.3900146484375,0
2016-10-11,638.5499877929688,642.1699829101562,636.469970703125,639.510009765625,0
2016-10-12,635.0900268554688,640.0399780273438,635.0599975585938,638.5499877929688,0
2016-10-13,630.6300048828125,635.0499877929688,629.1300048828125,634.8200073242188,0
2016-10-14,637.52001953125,637.52001953125,630.5800170898438,630.5800170898438,0
2016-10-17,632.1099853515625,637.530029296875,630.030029296875,637.510009765625,0
2016-10-18,633.7000122070312,635.4000244140625,631.3400268554688,632.0499877929688,0
2016-10-19,638.1400146484375,638.25,633.489990234375,633.7000122070312,0
2016-10-20,638.3099975585938,641.760009765625,636.47998046875,638.1400146484375,0
2016-10-21,641.530029296875,642.510009765625,638.219970703125,638.2999877929688,0
2016-10-24,642.0399780273438,644.8800048828125,640.9099731445312,641.719970703125,0
2016-10-25,645.9199829101562,646.0599975585938,642.02001953125,642.02001953125,0
2016-10-26,633.4400024414062,646.1199951171875,633.4099731445312,645.9199829101562,0
2016-10-27,642.77001953125,644.7000122070312,632.1500244140625,633.4600219726562,0
2016-10-28,642.239990234375,643.6500244140625,638.1300048828125,642.72998046875,0
2016-10-31,638.2000122070312,643.5999755859375,638.2000122070312,642.219970703125,0
2016-11-01,639.5999755859375,643.52001953125,637.2999877929688,638.2100219726562,0
2016-11-02,626.7000122070312,639.8400268554688,626.6699829101562,639.8400268554688,0
2016-11-03,630.0599975585938,632.3400268554688,626.6699829101562,626.7000122070312,0
2016-11-04,625.9000244140625,631.5399780273438,623.8599853515625,630.0999755859375,0
2016-11-07,633.0999755859375,634.6500244140625,626.47998046875,626.5499877929688,0
2016-11-08,635.4500122070312,637.8499755859375,632.8300170898438,633.1199951171875,0
2016-11-09,637.8400268554688,639.77001953125,616.75,635.4000244140625,0
2016-11-10,645.989990234375,648.239990234375,637.8300170898438,637.8599853515625,0
2016-11-11,640.280029296875,648.75,638.3800048828125,646.0,0
2016-11-14,638.8300170898438,644.8499755859375,636.3200073242188,640.280029296875,0
2016-11-15,646.5999755859375,646.719970703125,638.8300170898438,638.8300170898438,0
2016-11-16,645.25,649.4299926757812,643.0999755859375,646.5999755859375,0
2016-11-17,647.7999877929688,648.969970703125,644.8599853515625,645.25,0
2016-11-18,647.6799926757812,649.3800048828125,644.4400024414062,647.8099975585938,0
2016-11-21,653.3800048828125,653.8300170898438,647.6799926757812,647.6799926757812,0
2016-11-22,657.0599975585938,658.3300170898438,653.3800048828125,653.4299926757812,0
2016-11-23,656.9600219726562,660.2999877929688,654.1199951171875,657.0399780273438,0
2016-11-24,658.5499877929688,659.5499877929688,656.530029296875,656.9600219726562,0
2016-11-25,658.4400024414062,659.77001953125,657.530029296875,657.9199829101562,0
2016-11-28,654.8599853515625,658.5,651.47998046875,658.4500122070312,0
2016-11-29,649.7999877929688,656.9500122070312,648.8499755859375,654.0900268554688,0
2016-11-30,656.6300048828125,660.510009765625,647.6599731445312,649.8099975585938,0
2016-12-01,662.7899780273438,663.0700073242188,656.3200073242188,656.7000122070312,0
2016-12-02,657.5499877929688,663.010009765625,656.0599975585938,662.8099975585938,0
2016-12-05,663.6500244140625,664.6300048828125,657.02001953125,657.5599975585938,0
2016-12-06,663.0999755859375,664.1300048828125,661.6699829101562,663.5800170898438,0
2016-12-07,669.469970703125,669.469970703125,663.0700073242188,663.1099853515625,0
2016-12-08,677.8599853515625,677.8599853515625,669.22998046875,669.3699951171875,0
2016-12-09,683.030029296875,683.1099853515625,676.1300048828125,677.7999877929688,0
2016-12-12,686.0999755859375,692.27001953125,683.0499877929688,683.0599975585938,0
2016-12-13,683.530029296875,686.0800170898438,681.030029296875,686.0800170898438,0
2016-12-14,680.9199829101562,683.5499877929688,679.0999755859375,683.5499877929688,0
2016-12-15,675.27001953125,682.030029296875,674.47998046875,680.9199829101562,0
2016-12-16,680.3699951171875,682.1500244140625,675.1199951171875,675.27001953125,0
2016-12-19,678.6900024414062,681.260009765625,678.6300048828125,680.3699951171875,0
2016-12-20,678.0999755859375,680.25,674.8099975585938,678.75,0
2016-12-21,675.6099853515625,680.1099853515625,675.6099853515625,678.1400146484375,0
2016-12-22,678.0399780273438,678.0399780273438,674.030029296875,675.6099853515625,0
2016-12-23,679.739990234375,679.8599853515625,677.5999755859375,678.1500244140625,0
2016-12-27,683.6500244140625,684.6900024414062,679.489990234375,679.75,0
2016-12-28,685.6099853515625,686.4400024414062,683.6500244140625,683.6500244140625,0
2016-12-29,686.3599853515625,686.4500122070312,682.6699829101562,685.6099853515625,0
2016-12-30,683.8699951171875,686.530029296875,683.4500122070312,686.4000244140625,0
2017-01-03,693.97998046875,694.9500122070312,690.9000244140625,691.5399780273438,0
2017-01-04,692.1300048828125,694.3300170898438,690.3400268554688,693.9299926757812,0
2017-01-05,696.219970703125,696.3400268554688,691.22998046875,692.1300048828125,0
2017-01-06,694.5700073242188,696.5999755859375,692.5700073242188,696.219970703125,0
2017-01-09,689.52001953125,698.3900146484375,689.0499877929688,694.780029296875,0
2017-01-10,690.239990234375,691.9500122070312,687.3599853515625,689.5599975585938,0
2017-01-11,694.9099731445312,694.9099731445312,685.739990234375,690.22998046875,0
2017-01-12,692.9299926757812,696.0999755859375,690.97998046875,694.8400268554688,0
2017-01-13,696.239990234375,696.3900146484375,692.9299926757812,692.9299926757812,0
2017-01-16,691.5,696.6199951171875,690.9600219726562,696.25,0
2017-01-17,689.8699951171875,691.8200073242188,688.2999877929688,691.52001953125,0
2017-01-18,693.25,695.3900146484375,689.8699951171875,689.8900146484375,0
2017-01-19,698.780029296875,699.3900146484375,693.25,693.25,0
2017-01-20,700.8499755859375,701.77001953125,698.239990234375,698.8300170898438,0
2017-01-23,697.1699829101562,700.8800048828125,696.510009765625,700.8800048828125,0
2017-01-24,701.47998046875,701.97998046875,696.8099975585938,697.1699829101562,0
2017-01-25,708.8800048828125,708.9299926757812,701.489990234375,701.489990234375,0
2017-01-26,709.469970703125,711.2100219726562,706.239990234375,708.8800048828125,0
2017-01-27,707.97998046875,710.4600219726562,704.0700073242188,709.1699829101562,0
2017-01-30,698.0,708.1699829101562,697.9199829101562,708.0800170898438,0
2017-01-31,693.1199951171875,699.8900146484375,692.8200073242188,697.989990234375,0
2017-02-01,701.780029296875,702.989990234375,692.969970703125,693.1199951171875,0
2017-02-02,694.0499877929688,701.8800048828125,693.4299926757812,701.780029296875,0
2017-02-03,702.0,702.3599853515625,694.0499877929688,694.0499877929688,0
2017-02-06,701.5800170898438,702.6500244140625,699.030029296875,702.010009765625,0
2017-02-07,701.530029296875,702.22998046875,696.5999755859375,701.5800170898438,0
2017-02-08,697.6900024414062,701.530029296875,696.7000122070312,701.530029296875,0
2017-02-09,694.510009765625,699.6900024414062,690.0599975585938,697.6900024414062,0
2017-02-10,696.2000122070312,697.9000244140625,693.3300170898438,694.510009765625,0
2017-02-13,702.9199829101562,702.989990234375,696.219970703125,696.239990234375,0
2017-02-14,701.0599975585938,702.9500122070312,699.3599853515625,702.9500122070312,0
2017-02-15,694.3499755859375,702.9500122070312,694.0700073242188,701.0599975585938,0
2017-02-16,692.780029296875,694.489990234375,690.22998046875,694.3499755859375,0
2017-02-17,687.6300048828125,692.7100219726562,684.8699951171875,692.7100219726562,0
2017-02-20,691.5,692.6699829101562,687.6300048828125,687.6300048828125,0
2017-02-21,699.5900268554688,699.5900268554688,690.280029296875,691.510009765625,0
2017-02-22,694.5900268554688,700.9600219726562,694.5700073242188,699.510009765625,0
2017-02-23,693.2899780273438,698.02001953125,693.1900024414062,694.719970703125,0
2017-02-24,687.25,693.22998046875,685.3499755859375,693.22998046875,0
2017-02-27,687.72998046875,690.5999755859375,686.8499755859375,687.219970703125,0
2017-02-28,690.27001953125,690.6599731445312,687.0599975585938,687.72998046875,0
2017-03-01,696.8400268554688,696.8900146484375,690.260009765625,690.260009765625,0
2017-03-02,699.5700073242188,702.77001953125,696.760009765625,696.9099731445312,0
2017-03-03,691.9500122070312,699.5999755859375,690.9500122070312,699.5900268554688,0
2017-03-06,690.9099731445312,693.489990234375,688.969970703125,691.8900146484375,0
2017-03-07,692.9299926757812,694.4199829101562,689.7100219726562,690.760009765625,0
2017-03-08,691.3900146484375,692.8499755859375,690.25,692.8200073242188,0
2017-03-09,689.510009765625,691.3900146484375,684.4099731445312,691.3900146484375,0
2017-03-10,698.6400146484375,699.9000244140625,689.510009765625,689.510009765625,0
2017-03-13,700.1500244140625,700.5700073242188,696.8200073242188,698.6599731445312,0
2017-03-14,694.6500244140625,702.280029296875,692.8300170898438,700.1900024414062,0
2017-03-15,697.6199951171875,699.3200073242188,694.5700073242188,694.6300048828125,0
2017-03-16,702.8900146484375,706.9500122070312,698.280029296875,698.3699951171875,0
2017-03-17,703.8900146484375,706.3900146484375,702.530029296875,702.8900146484375,0
2017-03-20,703.5599975585938,704.75,701.5900268554688,703.8900146484375,0
2017-03-21,702.9600219726562,708.5399780273438,702.22998046875,703.5700073242188,0
2017-03-22,693.5700073242188,702.9600219726562,690.77001953125,702.9600219726562,0
2017-03-23,693.9600219726562,694.5800170898438,690.510009765625,693.6099853515625,0
2017-03-24,693.5999755859375,694.6400146484375,691.7999877929688,693.9299926757812,0
2017-03-27,679.760009765625,693.5700073242188,677.6500244140625,693.5700073242188,0
2017-03-28,685.6400146484375,686.0800170898438,679.469970703125,679.8400268554688,0
2017-03-29,686.3900146484375,690.719970703125,684.6900024414062,685.6400146484375,0
2017-03-30,691.7000122070312,691.719970703125,686.4000244140625,686.4000244140625,0
2017-03-31,687.8499755859375,692.5999755859375,685.5,691.719970703125,0
2017-04-03,692.010009765625,694.2000122070312,687.8300170898438,687.8499755859375,0
2017-04-04,687.0399780273438,692.0900268554688,685.5700073242188,692.010009765625,0
2017-04-05,693.0900268554688,693.25,687.1799926757812,687.1799926757812,0
2017-04-06,691.97998046875,693.3499755859375,684.1300048828125,693.1300048828125,0
2017-04-07,692.4500122070312,694.52001953125,689.9099731445312,692.030029296875,0
2017-04-10,694.489990234375,694.489990234375,691.969970703125,692.6199951171875,0
2017-04-11,692.9000244140625,694.5,691.7000122070312,694.4600219726562,0
2017-04-12,696.8699951171875,697.489990234375,692.989990234375,692.989990234375,0
2017-04-18,685.3800048828125,699.4199829101562,683.3099975585938,696.8699951171875,70808100
2017-04-19,682.4500122070312,685.4600219726562,681.0599975585938,685.3400268554688,0
2017-04-20,683.4600219726562,684.0399780273438,680.1300048828125,682.4099731445312,0
2017-04-21,683.02001953125,686.4099731445312,681.3800048828125,683.3900146484375,0
2017-04-24,691.4400024414062,693.4600219726562,683.02001953125,683.02001953125,0
2017-04-25,698.52001953125,698.52001953125,691.5,691.5,0
2017-04-26,698.5,699.8900146484375,695.3400268554688,698.530029296875,0
2017-04-27,698.72998046875,701.3599853515625,696.6599731445312,698.47998046875,0
2017-04-28,697.6599731445312,700.239990234375,696.0599975585938,698.7999877929688,0
2017-05-02,704.8900146484375,704.8900146484375,696.9400024414062,697.6900024414062,0
2017-05-03,703.7899780273438,705.2100219726562,700.6199951171875,704.9400024414062,0
2017-05-04,699.969970703125,708.8699951171875,699.0599975585938,703.7999877929688,0
2017-05-05,709.6099853515625,709.969970703125,696.4000244140625,699.989990234375,0
2017-05-08,712.9500122070312,712.9500122070312,707.030029296875,709.6199951171875,0
2017-05-09,719.5,719.989990234375,712.8099975585938,712.9299926757812,0
2017-05-10,719.1799926757812,720.27001953125,716.5800170898438,719.510009765625,0
2017-05-11,718.1300048828125,724.1099853515625,717.3900146484375,719.1799926757812,0
2017-05-12,721.1400146484375,722.5800170898438,718.1099853515625,718.1300048828125,0
2017-05-15,724.6599731445312,726.7999877929688,721.1699829101562,721.1699829101562,0
2017-05-16,728.2899780273438,728.3300170898438,723.1199951171875,724.8099975585938,0
2017-05-18,712.6699829101562,728.280029296875,708.0399780273438,728.280029296875,129435600
2017-05-19,722.7000122070312,722.8400268554688,712.6699829101562,712.6699829101562,67311200
2017-05-22,723.760009765625,726.1099853515625,721.2100219726562,722.7100219726562,51062000
2017-05-23,721.489990234375,723.9199829101562,719.489990234375,723.8200073242188,0
2017-05-24,725.9500122070312,725.9500122070312,721.02001953125,721.6199951171875,0
2017-05-26,718.739990234375,725.9099731445312,716.72998046875,725.8699951171875,61755700
2017-05-29,718.2000122070312,718.9000244140625,716.6300048828125,718.72998046875,0
2017-05-30,718.3200073242188,719.6400146484375,713.8699951171875,718.010009765625,0
2017-05-31,710.3400268554688,718.489990234375,709.239990234375,718.3200073242188,0
2017-06-01,713.1900024414062,715.1799926757812,710.3400268554688,710.3400268554688,0
2017-06-02,712.0800170898438,716.0900268554688,710.5499877929688,713.1500244140625,0
2017-06-06,709.3699951171875,712.0999755859375,705.3699951171875,712.0800170898438,0
2017-06-07,711.0599975585938,713.5399780273438,707.7899780273438,709.3800048828125,0
2017-06-08,704.9500122070312,711.1799926757812,703.0,711.0599975585938,0
2017-06-09,706.6799926757812,706.7899780273438,701.1900024414062,704.989990234375,0
2017-06-12,711.9099731445312,711.97998046875,704.469970703125,706.6799926757812,0
2017-06-13,710.0599975585938,713.2100219726562,708.2000122070312,711.969970703125,0
2017-06-14,708.3099975585938,713.010009765625,707.8800048828125,710.0499877929688,0
2017-06-15,696.7899780273438,708.3099975585938,695.3900146484375,708.3099975585938,0
2017-06-16,699.1599731445312,700.47998046875,696.739990234375,696.8200073242188,0
2017-06-19,705.1400146484375,705.7000122070312,699.1099853515625,699.1500244140625,0
2017-06-20,704.0700073242188,708.97998046875,703.5,705.1199951171875,0
2017-06-21,699.6799926757812,704.280029296875,696.8499755859375,704.0800170898438,0
2017-06-22,693.739990234375,699.6799926757812,691.719970703125,699.6400146484375,0
2017-06-23,693.3200073242188,695.5,691.1300048828125,693.7899780273438,0
2017-06-26,693.1699829101562,698.280029296875,693.02001953125,693.3699951171875,0
2017-06-27,693.760009765625,695.22998046875,690.97998046875,693.1699829101562,0
2017-06-28,698.8699951171875,698.8699951171875,690.7999877929688,693.760009765625,0
2017-06-29,695.010009765625,704.6599731445312,694.9299926757812,698.8599853515625,0
2017-06-30,698.5800170898438,699.0700073242188,693.739990234375,695.3499755859375,0
2017-07-03,705.0599975585938,705.3699951171875,698.6400146484375,698.6400146484375,0
2017-07-04,707.52001953125,708.2899780273438,704.1500244140625,705.0800170898438,0
2017-07-05,701.8499755859375,707.5599975585938,701.2000122070312,707.5399780273438,0
2017-07-06,701.7999877929688,706.030029296875,699.97998046875,701.9299926757812,0
2017-07-07,696.6400146484375,701.8300170898438,696.219970703125,701.8300170898438,0
2017-07-10,702.25,702.3300170898438,696.7000122070312,696.7000122070312,0
2017-07-11,702.3800048828125,704.469970703125,698.9199829101562,702.260009765625,0
2017-07-12,716.8099975585938,716.8099975585938,701.6900024414062,702.3800048828125,0
2017-07-13,722.0,722.5900268554688,716.1199951171875,717.3300170898438,0
2017-07-14,721.219970703125,723.0599975585938,719.0900268554688,722.0,0
2017-07-17,729.1799926757812,730.4299926757812,721.219970703125,721.219970703125,0
2017-07-18,725.8900146484375,730.0499877929688,725.1799926757812,729.1400146484375,0
2017-07-19,728.25,728.4600219726562,723.739990234375,725.9299926757812,0
2017-07-20,734.0900268554688,735.1500244140625,728.1199951171875,728.260009765625,0
2017-07-21,723.239990234375,734.1900024414062,721.530029296875,734.1199951171875,0
2017-07-24,723.0499877929688,724.4099731445312,720.1799926757812,723.22998046875,0
2017-07-25,724.489990234375,726.280029296875,719.4099731445312,723.0499877929688,0
2017-07-26,732.5399780273438,733.4299926757812,724.5399780273438,724.6400146484375,0
2017-07-27,732.8200073242188,737.219970703125,731.7100219726562,732.52001953125,0
2017-07-28,734.4199829101562,734.4199829101562,727.7100219726562,732.8200073242188,0
2017-07-31,732.510009765625,735.3300170898438,731.4400024414062,734.47998046875,0
2017-08-01,737.3599853515625,738.510009765625,732.25,732.530029296875,0
2017-08-02,735.4500122070312,737.3499755859375,732.510009765625,737.3400268554688,0
2017-08-03,736.0599975585938,736.97998046875,732.2100219726562,735.47998046875,0
2017-08-04,738.0599975585938,738.4500122070312,734.9299926757812,736.0599975585938,0
2017-08-07,742.3699951171875,742.5700073242188,737.989990234375,738.0700073242188,0
2017-08-08,742.510009765625,743.3099975585938,739.5399780273438,742.260009765625,0
2017-08-09,741.5399780273438,744.3599853515625,738.52001953125,742.27001953125,0
2017-08-10,735.760009765625,741.6500244140625,735.5800170898438,741.6500244140625,0
2017-08-11,727.7999877929688,735.760009765625,725.4000244140625,735.75,0
2017-08-14,735.75,736.1500244140625,727.7999877929688,727.7999877929688,0
2017-08-15,730.5399780273438,735.9600219726562,729.6199951171875,735.77001953125,0
2017-08-16,736.469970703125,736.8599853515625,730.530029296875,730.530029296875,0
2017-08-17,726.7100219726562,736.489990234375,726.7100219726562,736.4600219726562,0
2017-08-18,726.4600219726562,727.22998046875,723.0499877929688,726.4299926757812,0
2017-08-21,725.719970703125,731.7000122070312,724.7100219726562,726.5,0
2017-08-22,730.5399780273438,730.6099853515625,725.5800170898438,725.6599731445312,0
2017-08-23,729.1599731445312,731.780029296875,728.22998046875,730.5399780273438,0
2017-08-24,730.5,731.530029296875,725.3599853515625,729.1699829101562,0
2017-08-25,730.4199829101562,732.3200073242188,728.0399780273438,730.6400146484375,0
2017-08-28,728.5999755859375,730.4500122070312,727.0599975585938,730.4299926757812,0
2017-08-29,723.1799926757812,728.5999755859375,718.030029296875,728.5999755859375,0
2017-08-30,730.0599975585938,730.3800048828125,723.1699829101562,723.1799926757812,0
2017-08-31,739.8699951171875,740.27001953125,729.3599853515625,729.9500122070312,0
2017-09-01,747.27001953125,747.27001953125,739.6400146484375,740.2000122070312,0
2017-09-05,748.8099975585938,749.72998046875,744.5800170898438,745.8699951171875,0
2017-09-06,745.4099731445312,748.7999877929688,742.4099731445312,748.7999877929688,0
2017-09-07,747.4000244140625,749.6900024414062,745.3200073242188,745.6500244140625,0
2017-09-08,745.4199829101562,748.4000244140625,743.969970703125,747.4099731445312,0
2017-09-11,751.6799926757812,751.77001953125,745.280029296875,745.3800048828125,0
2017-09-12,756.3400268554688,756.5700073242188,751.6199951171875,751.6900024414062,0
2017-09-13,761.4400024414062,761.9199829101562,755.0800170898438,756.3400268554688,0
2017-09-14,762.7100219726562,763.469970703125,759.510009765625,761.469970703125,0
2017-09-15,758.8800048828125,762.6900024414062,758.780029296875,762.6900024414062,0
2017-09-18,762.489990234375,764.8900146484375,758.9299926757812,758.9299926757812,0
2017-09-19,763.530029296875,763.6500244140625,760.3200073242188,762.469970703125,0
2017-09-20,765.3800048828125,765.72998046875,762.8699951171875,763.530029296875,0
2017-09-21,771.9099731445312,771.9099731445312,765.219970703125,765.3800048828125,0
2017-09-22,773.219970703125,773.75,769.0999755859375,771.9099731445312,0
2017-09-25,777.9199829101562,778.3699951171875,772.0,773.219970703125,0
2017-09-26,773.9600219726562,778.969970703125,772.9500122070312,777.9600219726562,0
2017-09-27,778.97998046875,779.1599731445312,774.260009765625,774.260009765625,0
2017-09-28,782.5999755859375,782.9000244140625,778.2899780273438,778.97998046875,0
2017-09-29,783.0900268554688,783.8599853515625,777.780029296875,782.5900268554688,0
2017-10-02,784.7100219726562,787.5399780273438,782.5800170898438,783.0599975585938,0
2017-10-03,788.8200073242188,789.4299926757812,784.7100219726562,784.7100219726562,0
2017-10-04,783.9500122070312,789.0700073242188,783.5499877929688,788.8200073242188,0
2017-10-05,789.239990234375,789.9199829101562,782.9600219726562,784.0800170898438,0
2017-10-06,784.7899780273438,790.5999755859375,783.5499877929688,789.219970703125,0
2017-10-09,785.7999877929688,787.4000244140625,783.8099975585938,784.9099731445312,0
2017-10-10,788.030029296875,789.7000122070312,784.0800170898438,785.7999877929688,0
2017-10-11,788.3800048828125,789.760009765625,785.6300048828125,788.0900268554688,0
2017-10-12,790.3900146484375,791.27001953125,785.8300170898438,788.2999877929688,0
2017-10-13,792.4400024414062,792.97998046875,788.3699951171875,790.3900146484375,0
2017-10-16,790.8699951171875,793.760009765625,790.8699951171875,792.4000244140625,0
2017-10-17,788.6699829101562,791.969970703125,786.75,790.9400024414062,0
2017-10-18,788.0800170898438,789.6199951171875,786.280029296875,788.7100219726562,0
2017-10-19,787.4600219726562,792.6199951171875,785.8099975585938,788.0800170898438,0
2017-10-20,794.8800048828125,794.969970703125,787.5900268554688,787.7000122070312,0
2017-10-23,791.8300170898438,795.3499755859375,791.8300170898438,794.9000244140625,0
2017-10-24,790.8699951171875,792.6300048828125,789.0599975585938,791.8300170898438,0
2017-10-25,798.0999755859375,799.25,790.2100219726562,790.8800048828125,0
2017-10-26,795.489990234375,799.5599975585938,791.2000122070312,798.0999755859375,0
2017-10-27,801.530029296875,802.510009765625,795.469970703125,795.469970703125,0
2017-10-30,809.8499755859375,809.8599853515625,799.6199951171875,801.530029296875,0
2017-10-31,806.9500122070312,810.5499877929688,806.5700073242188,809.8499755859375,0
2017-11-01,815.4099731445312,816.260009765625,807.0800170898438,807.0900268554688,0
2017-11-02,809.02001953125,815.510009765625,807.0,815.4299926757812,0
2017-11-03,815.8499755859375,816.2000122070312,808.9400024414062,809.010009765625,0
2017-11-06,817.8499755859375,837.8200073242188,800.6400146484375,816.25,0
2017-11-07,819.4000244140625,821.4500122070312,818.0,818.0,0
2017-11-08,822.1699829101562,822.1699829101562,817.030029296875,819.4000244140625,0
2017-11-09,811.1900024414062,822.1900024414062,808.9299926757812,822.1300048828125,0
2017-11-10,808.2000122070312,812.969970703125,807.2899780273438,811.2100219726562,0
2017-11-13,805.9500122070312,810.0,801.22998046875,808.2000122070312,0
2017-11-14,801.8499755859375,805.9199829101562,800.8599853515625,805.9199829101562,0
2017-11-15,795.02001953125,801.760009765625,793.6400146484375,801.72998046875,0
2017-11-16,802.2000122070312,802.239990234375,795.0800170898438,795.1199951171875,0
2017-11-17,796.1400146484375,803.5999755859375,794.77001953125,802.219970703125,0
2017-11-20,800.219970703125,800.3499755859375,793.7899780273438,795.97998046875,0
2017-11-21,808.4600219726562,808.47998046875,799.5800170898438,800.219970703125,0
2017-11-22,807.0700073242188,808.8599853515625,803.8099975585938,808.4600219726562,0
2017-11-23,803.9500122070312,807.1699829101562,801.2000122070312,807.0599975585938,99235500
2017-11-24,800.3200073242188,804.3699951171875,799.3099975585938,803.9199829101562,0
2017-11-27,792.9299926757812,801.3200073242188,792.9099731445312,800.3200073242188,0
2017-11-28,795.1900024414062,795.4600219726562,790.9099731445312,792.9299926757812,0
2017-11-29,797.1799926757812,799.3900146484375,794.9600219726562,795.030029296875,0
2017-11-30,796.8300170898438,798.6599731445312,789.2899780273438,797.1900024414062,0
2017-12-01,798.4099731445312,798.6500244140625,791.25,796.780029296875,107132100
2017-12-04,800.3699951171875,803.25,798.6699829101562,798.72998046875,0
2017-12-05,792.0700073242188,800.4099731445312,791.3300170898438,800.4099731445312,0
2017-12-06,786.2999877929688,792.1300048828125,784.3400268554688,792.0700073242188,0
2017-12-07,782.5900268554688,787.8300170898438,781.72998046875,786.3099975585938,0
2017-12-08,786.6900024414062,787.9000244140625,782.5900268554688,782.5900268554688,0
2017-12-11,791.8800048828125,792.010009765625,784.8699951171875,786.6900024414062,0
2017-12-12,800.9299926757812,800.9600219726562,791.8699951171875,791.8800048828125,0
2017-12-13,798.1300048828125,801.6699829101562,798.1300048828125,800.9299926757812,0
2017-12-14,795.5,798.1400146484375,793.2100219726562,798.1400146484375,0
2017-12-15,790.760009765625,797.6699829101562,789.9400024414062,795.530029296875,0
2017-12-18,799.219970703125,799.280029296875,790.75,790.760009765625,0
2017-12-19,800.3499755859375,803.9400024414062,798.739990234375,799.219970703125,0
2017-12-20,799.1300048828125,801.6699829101562,798.2100219726562,800.3200073242188,0
2017-12-21,807.9299926757812,807.9299926757812,799.0599975585938,799.1500244140625,0
2017-12-22,806.6799926757812,810.9299926757812,806.3499755859375,807.9299926757812,0
2017-12-27,815.010009765625,815.010009765625,806.6699829101562,806.6699829101562,0
2017-12-28,818.030029296875,818.8699951171875,812.6599731445312,814.9600219726562,0
2017-12-29,814.4500122070312,819.6599731445312,814.4400024414062,818.0499877929688,0
2018-01-02,815.219970703125,819.1500244140625,812.0499877929688,814.510009765625,0
2018-01-03,817.5900268554688,819.0999755859375,815.22998046875,815.22998046875,0
2018-01-04,825.9000244140625,825.9099731445312,817.5999755859375,817.5999755859375,0
2018-01-05,832.6699829101562,832.6900024414062,825.5800170898438,825.9000244140625,0
2018-01-08,834.72998046875,836.0700073242188,831.219970703125,833.4199829101562,0
2018-01-09,840.6400146484375,843.739990234375,834.510009765625,834.760009765625,0
2018-01-10,840.219970703125,841.6300048828125,836.3699951171875,840.6400146484375,0
2018-01-11,839.0399780273438,841.6500244140625,835.6799926757812,840.219970703125,0
2018-01-12,839.780029296875,840.3800048828125,835.3499755859375,839.0399780273438,0
2018-01-15,839.7899780273438,843.3900146484375,837.3300170898438,839.780029296875,0
2018-01-16,839.8800048828125,842.6199951171875,837.72998046875,839.8200073242188,0
2018-01-17,835.0499877929688,839.8900146484375,833.0999755859375,839.8800048828125,0
2018-01-18,832.6699829101562,836.0800170898438,831.9199829101562,834.989990234375,0
2018-01-19,835.3300170898438,836.6599731445312,829.489990234375,832.760009765625,0
2018-01-22,840.1300048828125,840.1400146484375,834.8900146484375,835.3099975585938,0
2018-01-23,839.469970703125,843.489990234375,837.6699829101562,840.1599731445312,0
2018-01-24,836.7000122070312,840.75,835.6900024414062,839.47998046875,0
2018-01-25,828.6699829101562,837.0499877929688,827.0399780273438,836.7100219726562,0
2018-01-26,823.1199951171875,829.0499877929688,823.1199951171875,828.6699829101562,0
2018-01-29,817.6699829101562,827.1199951171875,817.6699829101562,823.239990234375,0
2018-01-30,808.989990234375,817.75,807.0599975585938,817.6599731445312,0
2018-01-31,811.010009765625,816.8599853515625,808.3200073242188,808.3900146484375,0
2018-02-01,818.1500244140625,820.2899780273438,811.030029296875,811.0399780273438,0
2018-02-02,809.8599853515625,821.5599975585938,808.1400146484375,818.1699829101562,0
2018-02-05,803.0499877929688,809.6099853515625,796.3200073242188,809.6099853515625,0
2018-02-06,784.7899780273438,802.969970703125,770.760009765625,802.969970703125,0
2018-02-07,798.9099731445312,801.1900024414062,784.7899780273438,784.7899780273438,0
2018-02-08,796.8499755859375,800.739990234375,792.6300048828125,798.9099731445312,0
2018-02-09,787.5399780273438,796.8300170898438,779.260009765625,796.8300170898438,0
2018-02-12,798.4000244140625,801.3599853515625,787.489990234375,787.489990234375,0
2018-02-13,799.1199951171875,802.4099731445312,795.1199951171875,798.47998046875,0
2018-02-14,794.489990234375,803.3699951171875,787.8300170898438,799.1400146484375,0
2018-02-15,801.6500244140625,808.0499877929688,794.5,794.510009765625,0
2018-02-16,809.9000244140625,809.9500122070312,801.6699829101562,801.6799926757812,0
2018-02-19,807.5800170898438,814.2899780273438,807.47998046875,809.9099731445312,75018000
2018-02-20,809.9600219726562,810.4199829101562,805.5900268554688,807.6300048828125,0
2018-02-21,812.280029296875,812.2999877929688,805.4400024414062,809.9600219726562,0
2018-02-22,812.3900146484375,814.0800170898438,802.7899780273438,812.22998046875,0
2018-02-23,822.47998046875,822.8099975585938,812.4000244140625,812.4000244140625,0
2018-02-26,820.0800170898438,827.8099975585938,819.9199829101562,822.4199829101562,0
2018-02-27,818.8800048828125,821.5499877929688,816.4500122070312,820.2899780273438,0
2018-02-28,819.77001953125,821.1400146484375,813.3900146484375,818.8900146484375,0
2018-03-01,810.1099853515625,819.780029296875,806.1699829101562,819.780029296875,0
2018-03-02,793.97998046875,809.989990234375,793.9500122070312,809.989990234375,0
2018-03-05,801.3599853515625,802.1599731445312,793.2899780273438,793.97998046875,96215700
2018-03-06,816.72998046875,816.72998046875,801.6300048828125,801.6300048828125,0
2018-03-07,811.8900146484375,816.719970703125,809.239990234375,816.719970703125,0
2018-03-08,815.3800048828125,816.4000244140625,810.8900146484375,811.8900146484375,0
2018-03-09,818.2899780273438,818.6900024414062,812.1599731445312,815.3499755859375,0
2018-03-12,817.3099975585938,822.8499755859375,816.6799926757812,818.6099853515625,0
2018-03-13,816.97998046875,822.1199951171875,816.4000244140625,817.3200073242188,0
2018-03-14,810.6300048828125,819.1900024414062,810.6300048828125,816.97998046875,0
2018-03-15,806.7100219726562,815.030029296875,805.2100219726562,810.6300048828125,0
2018-03-16,806.719970703125,807.3499755859375,803.0700073242188,806.719970703125,0
2018-03-19,798.0800170898438,807.2999877929688,797.8800048828125,806.77001953125,0
2018-03-20,802.47998046875,803.1699829101562,797.3900146484375,798.0999755859375,0
2018-03-21,805.0700073242188,805.0700073242188,797.8599853515625,802.489990234375,0
2018-03-22,795.0800170898438,805.0700073242188,794.3200073242188,805.0700073242188,0
2018-03-23,800.2899780273438,801.0399780273438,783.1500244140625,794.8099975585938,0
2018-03-26,798.8499755859375,803.1099853515625,797.9400024414062,800.27001953125,0
2018-03-27,805.989990234375,807.8900146484375,799.0399780273438,799.0399780273438,0
2018-03-28,805.3200073242188,805.9500122070312,796.8200073242188,805.9299926757812,0
2018-04-03,811.5800170898438,815.260009765625,799.6699829101562,804.9000244140625,0
2018-04-04,800.7000122070312,814.989990234375,795.4199829101562,811.5399780273438,0
2018-04-05,817.1599731445312,817.1599731445312,800.7899780273438,800.7899780273438,0
2018-04-06,813.469970703125,817.1599731445312,809.7899780273438,817.1599731445312,0
2018-04-09,815.010009765625,817.219970703125,811.030029296875,813.4299926757812,0
2018-04-10,829.8300170898438,829.8499755859375,815.0900268554688,815.1300048828125,0
2018-04-11,831.6099853515625,832.1099853515625,825.4199829101562,829.75,0
2018-04-12,834.4199829101562,835.1500244140625,829.27001953125,831.6099853515625,0
2018-04-13,838.5800170898438,840.510009765625,834.6500244140625,834.7000122070312,0
2018-04-16,836.1699829101562,839.1300048828125,832.219970703125,838.5399780273438,0
2018-04-17,837.7899780273438,838.489990234375,833.760009765625,836.2899780273438,0
2018-04-18,849.3099975585938,851.9099731445312,837.2899780273438,837.8099975585938,0
2018-04-19,850.8599853515625,856.8800048828125,849.3099975585938,849.3099975585938,0
2018-04-20,846.1699829101562,852.010009765625,845.530029296875,851.0399780273438,0
2018-04-23,851.2100219726562,855.7000122070312,846.0900268554688,846.1699829101562,0
2018-04-24,852.3599853515625,857.0499877929688,849.9600219726562,851.239990234375,0
2018-04-25,840.6699829101562,852.3599853515625,839.9299926757812,852.3599853515625,0
2018-04-26,863.02001953125,864.4000244140625,840.5,840.6300048828125,0
2018-04-27,862.72998046875,869.3499755859375,861.6500244140625,863.0800170898438,0
2018-04-30,859.9600219726562,862.8599853515625,856.1699829101562,862.719970703125,0
2018-05-02,869.5,869.530029296875,859.2100219726562,859.9600219726562,116256200
2018-05-03,864.5599975585938,870.3900146484375,864.1799926757812,869.5399780273438,105476700
2018-05-04,864.77001953125,867.5999755859375,862.52001953125,864.5599975585938,90554500
2018-05-07,873.6599731445312,873.6699829101562,864.3599853515625,864.8499755859375,0
2018-05-08,875.27001953125,875.27001953125,868.6099853515625,873.4199829101562,0
2018-05-09,878.5700073242188,882.1900024414062,874.8400268554688,875.260009765625,0
2018-05-11,878.8099975585938,884.4299926757812,878.5499877929688,878.6300048828125,0
2018-05-14,876.0499877929688,880.02001953125,873.1799926757812,878.8200073242188,0
2018-05-15,880.5700073242188,882.4099731445312,874.75,876.1199951171875,0
2018-05-16,883.8900146484375,885.1500244140625,877.9500122070312,880.5599975585938,0
2018-05-18,891.6799926757812,892.3599853515625,883.9500122070312,883.9500122070312,0
2018-05-22,888.2100219726562,895.4299926757812,886.1300048828125,891.9600219726562,0
2018-05-23,879.8699951171875,888.1799926757812,876.8200073242188,888.1799926757812,0
2018-05-24,873.2899780273438,882.989990234375,872.3599853515625,879.8900146484375,0
2018-05-25,863.97998046875,875.1500244140625,863.030029296875,873.2899780273438,0
2018-05-28,868.4600219726562,873.989990234375,860.760009765625,863.9500122070312,0
2018-05-29,867.5800170898438,869.0700073242188,857.239990234375,868.4600219726562,0
2018-05-30,870.6199951171875,872.6300048828125,862.4600219726562,867.4600219726562,0
2018-05-31,875.52001953125,880.3200073242188,870.6500244140625,870.6500244140625,0
2018-06-01,880.530029296875,883.4400024414062,875.5900268554688,875.72998046875,0
2018-06-04,882.0900268554688,885.3499755859375,879.4600219726562,880.530029296875,0
2018-06-05,879.0,884.8099975585938,877.760009765625,882.8200073242188,0
2018-06-06,882.989990234375,888.510009765625,879.02001953125,879.02001953125,0
2018-06-07,892.0499877929688,892.8300170898438,882.989990234375,882.989990234375,0
2018-06-08,893.8699951171875,895.739990234375,887.75,892.0,0
2018-06-11,899.9099731445312,900.6400146484375,894.2000122070312,894.2000122070312,0
2018-06-12,898.1699829101562,902.2899780273438,896.489990234375,900.0800170898438,0
2018-06-13,896.0,900.5700073242188,895.219970703125,898.1699829101562,0
2018-06-14,898.22998046875,898.7899780273438,891.3599853515625,896.0,0
2018-06-15,895.4099731445312,898.8099975585938,891.8699951171875,898.219970703125,0
2018-06-18,888.6599731445312,895.3900146484375,885.22998046875,895.3900146484375,0
2018-06-19,884.989990234375,888.5999755859375,881.4299926757812,888.5999755859375,0
2018-06-20,880.9099731445312,889.0800170898438,880.0999755859375,885.010009765625,0
2018-06-21,871.5700073242188,882.719970703125,871.3900146484375,880.97998046875,0
2018-06-22,881.719970703125,882.2000122070312,868.530029296875,871.5700073242188,0
2018-06-25,869.6199951171875,882.25,869.5700073242188,881.7100219726562,0
2018-06-26,870.6599731445312,874.3200073242188,868.6099853515625,869.6799926757812,0
2018-06-27,882.52001953125,883.8599853515625,868.4500122070312,870.6599731445312,0
2018-06-28,875.1900024414062,884.1599731445312,874.8599853515625,882.530029296875,0
2018-06-29,879.1400146484375,884.22998046875,875.219970703125,875.219970703125,0
2018-07-02,872.72998046875,879.1599731445312,869.1500244140625,879.1599731445312,0
2018-07-03,877.97998046875,880.5800170898438,872.2100219726562,872.72998046875,0
2018-07-04,879.4299926757812,881.77001953125,875.3200073242188,877.97998046875,0
2018-07-05,883.3900146484375,886.3200073242188,878.2100219726562,879.4500122070312,0
2018-07-06,877.3400268554688,884.2100219726562,875.4400024414062,883.4000244140625,0
2018-07-09,888.6599731445312,888.8099975585938,877.3800048828125,877.3800048828125,0
2018-07-10,899.1300048828125,899.5,888.6099853515625,888.6400146484375,0
2018-07-11,891.0399780273438,899.1400146484375,887.47998046875,899.1300048828125,0
2018-07-12,884.989990234375,891.0700073242188,881.6300048828125,891.010009765625,0
2018-07-13,874.3599853515625,886.4500122070312,872.8599853515625,884.9199829101562,0
2018-07-16,868.030029296875,875.5800170898438,868.030029296875,874.6300048828125,0
2018-07-17,871.469970703125,877.3400268554688,866.5900268554688,867.9500122070312,0
2018-07-18,874.0999755859375,874.9600219726562,869.9299926757812,871.469970703125,0
2018-07-19,875.7000122070312,877.5599975585938,870.489990234375,874.1099853515625,0
2018-07-20,876.8200073242188,877.27001953125,871.489990234375,875.6900024414062,0
2018-07-23,878.2999877929688,882.0,875.0800170898438,876.8200073242188,0
2018-07-24,882.7000122070312,884.02001953125,877.6099853515625,878.3099975585938,0
2018-07-25,885.2000122070312,885.9500122070312,881.3900146484375,882.719970703125,0
2018-07-26,883.3499755859375,888.2100219726562,883.3499755859375,885.2000122070312,0
2018-07-27,892.8200073242188,892.8200073242188,883.3499755859375,883.3499755859375,0
2018-07-30,891.5,893.6099853515625,890.219970703125,892.8099975585938,0
2018-07-31,896.4000244140625,897.9299926757812,891.260009765625,891.3900146484375,0
2018-08-01,894.469970703125,898.1599731445312,891.6500244140625,896.4099731445312,0
2018-08-02,892.4600219726562,894.6400146484375,888.0399780273438,894.5,0
2018-08-03,891.8300170898438,896.219970703125,891.1599731445312,892.4600219726562,0
2018-08-06,892.6400146484375,896.9299926757812,891.5700073242188,891.8400268554688,0
2018-08-07,905.3599853515625,905.3599853515625,892.6599731445312,892.6599731445312,0
2018-08-08,906.8599853515625,907.5900268554688,903.5399780273438,905.3599853515625,0
2018-08-09,908.7100219726562,908.989990234375,903.8699951171875,906.8599853515625,0
2018-08-10,898.22998046875,908.7100219726562,897.5599975585938,908.7100219726562,0
2018-08-13,897.1699829101562,897.7899780273438,891.239990234375,897.7899780273438,0
2018-08-14,895.8099975585938,899.5599975585938,895.6099853515625,897.1699829101562,0
2018-08-15,882.72998046875,897.4500122070312,882.469970703125,895.8300170898438,0
2018-08-16,887.969970703125,891.030029296875,882.719970703125,882.719970703125,0
2018-08-17,889.8800048828125,893.6500244140625,885.8400268554688,887.97998046875,0
2018-08-20,902.3300170898438,903.030029296875,889.8099975585938,889.8099975585938,0
2018-08-21,904.3099975585938,904.969970703125,898.969970703125,902.3300170898438,0
2018-08-22,906.989990234375,907.27001953125,897.0499877929688,904.280029296875,0
2018-08-23,906.3699951171875,910.0499877929688,905.2999877929688,906.989990234375,0
2018-08-24,907.4099731445312,909.1900024414062,902.719970703125,906.280029296875,0
2018-08-27,912.4500122070312,913.8800048828125,907.27001953125,907.4000244140625,0
2018-08-28,914.510009765625,916.77001953125,911.739990234375,912.4500122070312,0
2018-08-29,915.0900268554688,916.5999755859375,911.1900024414062,914.510009765625,0
2018-08-30,912.4099731445312,915.75,908.8900146484375,915.0800170898438,0
2018-08-31,906.6900024414062,912.5999755859375,906.6799926757812,912.3900146484375,0
2018-09-03,908.5900268554688,911.6199951171875,905.9400024414062,906.6300048828125,85446300
2018-09-04,904.9000244140625,908.97998046875,903.0399780273438,908.5900268554688,0
2018-09-05,897.9099731445312,904.9099731445312,897.4500122070312,904.8900146484375,0
2018-09-06,899.219970703125,903.5,897.1599731445312,897.9299926757812,0
2018-09-07,892.969970703125,901.3300170898438,887.5499877929688,898.9299926757812,0
2018-09-10,897.1099853515625,899.8400268554688,892.77001953125,892.9600219726562,0
2018-09-11,899.9600219726562,900.4299926757812,895.9600219726562,897.0700073242188,0
2018-09-12,906.2000122070312,908.760009765625,899.9600219726562,899.9600219726562,0
2018-09-13,905.8200073242188,909.3099975585938,905.5399780273438,906.1699829101562,0
2018-09-14,906.8900146484375,910.510009765625,905.27001953125,905.8200073242188,0
2018-09-17,910.02001953125,910.7899780273438,904.2999877929688,906.7999877929688,0
2018-09-18,915.8099975585938,917.1400146484375,906.9500122070312,909.989990234375,0
2018-09-19,913.02001953125,917.9199829101562,912.1900024414062,915.780029296875,0
2018-09-20,917.969970703125,920.5700073242188,912.989990234375,913.0,0
2018-09-21,923.9400024414062,925.2899780273438,917.969970703125,917.989990234375,0
2018-09-24,931.9600219726562,932.1099853515625,923.77001953125,923.9400024414062,0
2018-09-25,946.4299926757812,946.4299926757812,931.97998046875,931.989990234375,0
2018-09-26,941.5399780273438,947.4600219726562,939.7999877929688,946.4299926757812,0
2018-09-27,941.5999755859375,943.8099975585938,937.6300048828125,941.5399780273438,0
2018-09-28,938.260009765625,942.3300170898438,933.7100219726562,941.22998046875,0
2018-10-01,942.1099853515625,945.3499755859375,938.27001953125,938.27001953125,0
2018-10-02,944.5599975585938,946.3099975585938,941.3599853515625,942.22998046875,0
2018-10-03,940.2999877929688,948.47998046875,938.9299926757812,944.5900268554688,0
2018-10-04,929.9500122070312,942.5900268554688,929.5800170898438,940.2999877929688,0
2018-10-05,927.219970703125,935.3800048828125,926.25,929.9600219726562,0
2018-10-08,920.280029296875,928.4000244140625,916.510009765625,927.219970703125,0
2018-10-09,923.9099731445312,927.7000122070312,918.280029296875,920.3300170898438,0
2018-10-10,914.2000122070312,927.969970703125,912.7100219726562,923.9099731445312,0
2018-10-11,890.9099731445312,914.1500244140625,880.3099975585938,914.1500244140625,0
2018-10-12,893.5399780273438,896.8300170898438,886.8400268554688,890.9299926757812,0
2018-10-15,893.8099975585938,900.6400146484375,890.2000122070312,893.5499877929688,0
2018-10-16,904.4199829101562,904.4199829101562,893.4199829101562,893.8200073242188,0
2018-10-17,903.3900146484375,913.1699829101562,902.6199951171875,904.4600219726562,0
2018-10-18,890.530029296875,903.7100219726562,889.9400024414062,903.3900146484375,0
2018-10-19,900.5499877929688,901.989990234375,887.4199829101562,890.52001953125,0
2018-10-22,882.969970703125,906.9400024414062,882.969970703125,900.6099853515625,0
2018-10-23,863.8300170898438,882.969970703125,863.77001953125,882.9400024414062,0
2018-10-24,869.72998046875,878.5700073242188,863.77001953125,863.780029296875,0
2018-10-25,873.47998046875,874.9199829101562,850.989990234375,869.6799926757812,0
2018-10-26,862.7999877929688,875.77001953125,856.8599853515625,873.5,0
2018-10-29,875.780029296875,881.8699951171875,862.7999877929688,862.7999877929688,0
2018-10-30,868.8499755859375,879.3699951171875,863.969970703125,875.8699951171875,0
2018-10-31,889.6599731445312,891.2100219726562,869.0599975585938,869.0599975585938,0
2018-11-01,884.9600219726562,889.6300048828125,881.1699829101562,889.6199951171875,0
2018-11-02,889.02001953125,895.7100219726562,884.9500122070312,884.9500122070312,0
2018-11-05,893.5900268554688,897.6900024414062,885.52001953125,889.0999755859375,0
2018-11-06,890.9099731445312,895.5,886.9299926757812,893.7999877929688,0
2018-11-07,895.6099853515625,901.7000122070312,890.1900024414062,890.9199829101562,0
2018-11-08,892.489990234375,900.739990234375,891.5,895.6099853515625,0
2018-11-09,886.4400024414062,892.5800170898438,884.1599731445312,892.489990234375,0
2018-11-12,886.6199951171875,892.6400146484375,885.4400024414062,886.47998046875,0
2018-11-13,875.4299926757812,887.9500122070312,875.1699829101562,886.5999755859375,0
2018-11-14,871.0800170898438,876.719970703125,865.0999755859375,875.4299926757812,0
2018-11-15,864.739990234375,874.9099731445312,863.6500244140625,871.0800170898438,0
2018-11-16,872.6099853515625,877.8499755859375,864.77001953125,864.77001953125,0
2018-11-19,865.3599853515625,877.6500244140625,865.2999877929688,872.6300048828125,0
2018-11-20,841.260009765625,865.97998046875,838.7899780273438,865.3599853515625,0
2018-11-21,854.8699951171875,855.1500244140625,841.22998046875,841.22998046875,0
2018-11-22,849.0399780273438,856.6500244140625,848.6199951171875,854.97998046875,0
2018-11-23,837.1400146484375,849.030029296875,832.8699951171875,849.02001953125,0
2018-11-26,852.8400268554688,853.2100219726562,837.1400146484375,837.1400146484375,0
2018-11-27,856.77001953125,859.6900024414062,849.4400024414062,852.8300170898438,0
2018-11-28,854.4600219726562,860.9099731445312,850.0599975585938,856.77001953125,0
2018-11-29,861.780029296875,863.8200073242188,851.5900268554688,853.9400024414062,0
2018-11-30,860.97998046875,863.77001953125,855.3699951171875,861.7999877929688,0
2018-12-03,874.4199829101562,881.3200073242188,861.4400024414062,861.5399780273438,0
2018-12-04,870.0,876.9299926757812,868.8400268554688,874.3900146484375,0
2018-12-05,858.1400146484375,869.97998046875,855.4099731445312,869.97998046875,0
2018-12-06,825.9600219726562,857.9400024414062,825.9600219726562,857.9199829101562,0
2018-12-07,844.1500244140625,848.7899780273438,825.9099731445312,825.9199829101562,0
2018-12-10,823.6099853515625,844.1199951171875,821.72998046875,844.1199951171875,0
2018-12-11,834.8099975585938,837.72998046875,822.47998046875,823.6099853515625,0
2018-12-12,844.5999755859375,845.1699829101562,834.8499755859375,834.8499755859375,0
2018-12-13,838.6699829101562,844.6199951171875,832.8699951171875,844.6199951171875,0
2018-12-14,830.760009765625,838.22998046875,828.6500244140625,838.2000122070312,0
2018-12-17,819.8300170898438,833.1799926757812,819.8300170898438,830.780029296875,0
2018-12-18,816.6500244140625,820.010009765625,803.0,819.760009765625,0
2018-12-19,824.989990234375,825.3900146484375,809.4500122070312,816.5399780273438,0
2018-12-20,804.239990234375,823.97998046875,801.4600219726562,823.72998046875,0
2018-12-21,803.9600219726562,804.6400146484375,793.75,804.219970703125,0
2018-12-27,783.6099853515625,810.3699951171875,783.5800170898438,804.02001953125,0
2018-12-28,799.4600219726562,803.6599731445312,783.6699829101562,783.6699829101562,0
2019-01-02,803.4199829101562,803.9000244140625,786.5399780273438,799.47998046875,0
2019-01-03,808.6799926757812,815.1900024414062,799.4299926757812,803.4199829101562,0
2019-01-04,829.6699829101562,829.6699829101562,809.8400268554688,810.4199829101562,0
2019-01-07,829.9299926757812,840.280029296875,827.280029296875,829.719970703125,0
2019-01-08,836.4000244140625,838.4099731445312,828.1699829101562,829.52001953125,107200900
2019-01-09,844.5800170898438,845.6599731445312,836.469970703125,836.469970703125,0
2019-01-10,841.6599731445312,845.6799926757812,834.2100219726562,844.0900268554688,0
2019-01-11,841.4000244140625,848.8499755859375,839.77001953125,841.7899780273438,0
2019-01-14,836.719970703125,841.4000244140625,831.5399780273438,841.3599853515625,0
2019-01-15,838.510009765625,845.9600219726562,834.25,836.719970703125,0
2019-01-16,840.2100219726562,844.7100219726562,836.0599975585938,838.5499877929688,0
2019-01-17,839.5800170898438,841.3699951171875,836.6799926757812,840.2100219726562,0
2019-01-18,853.8400268554688,853.9400024414062,838.530029296875,839.7000122070312,0
2019-01-21,854.97998046875,855.7899780273438,851.760009765625,853.739990234375,0
2019-01-22,846.9400024414062,854.989990234375,846.5599975585938,854.989990234375,0
2019-01-23,842.52001953125,847.0900268554688,841.9099731445312,846.9400024414062,0
2019-01-24,839.3599853515625,843.3200073242188,834.1699829101562,842.6599731445312,0
2019-01-25,836.9600219726562,845.6599731445312,835.6400146484375,839.3099975585938,0
2019-01-28,828.1099853515625,837.3400268554688,826.260009765625,837.0,0
2019-01-29,834.8599853515625,835.1599731445312,826.3300170898438,828.1099853515625,0
2019-01-30,834.72998046875,838.1799926757812,831.0599975585938,835.3599853515625,0
2019-01-31,835.3099975585938,846.0900268554688,834.489990234375,834.7000122070312,0
2019-02-01,837.3200073242188,838.239990234375,834.5599975585938,835.2899780273438,67361900
2019-02-04,839.02001953125,845.0700073242188,837.3200073242188,837.3200073242188,0
2019-02-05,853.6400146484375,853.6500244140625,839.0,839.0,0
2019-02-06,849.1300048828125,853.6099853515625,846.3099975585938,853.6099853515625,0
2019-02-07,846.8699951171875,851.27001953125,844.02001953125,849.1400146484375,0
2019-02-08,831.1699829101562,847.0999755859375,831.1699829101562,846.8699951171875,0
2019-02-11,836.27001953125,841.7000122070312,831.1900024414062,831.2000122070312,0
2019-02-12,847.530029296875,847.8599853515625,836.530029296875,836.530029296875,0
2019-02-13,859.1300048828125,859.1300048828125,847.0800170898438,847.530029296875,0
2019-02-14,852.6699829101562,863.25,850.5399780273438,859.1300048828125,0
2019-02-15,865.5,866.2100219726562,852.0,852.5700073242188,0
2019-02-18,866.25,870.1300048828125,862.47998046875,865.52001953125,0
2019-02-19,864.72998046875,867.5700073242188,862.4600219726562,866.219970703125,0
2019-02-20,862.3800048828125,864.6699829101562,858.239990234375,864.6699829101562,0
2019-02-21,867.4400024414062,871.4299926757812,862.2899780273438,862.3900146484375,0
2019-02-22,872.0,875.4199829101562,866.47998046875,867.4299926757812,0
2019-02-25,875.010009765625,881.2899780273438,872.010009765625,872.010009765625,0
2019-02-26,874.4299926757812,876.469970703125,868.5900268554688,875.0,0
2019-02-27,870.7100219726562,876.1500244140625,870.6699829101562,874.4600219726562,0
2019-02-28,865.280029296875,871.25,865.1599731445312,870.719970703125,0
2019-03-01,866.5599975585938,870.9299926757812,865.3599853515625,865.3599853515625,0
2019-03-04,869.969970703125,872.0800170898438,865.4600219726562,866.5900268554688,0
2019-03-05,870.5999755859375,872.6599731445312,867.530029296875,869.97998046875,0
2019-03-06,873.7899780273438,875.5999755859375,870.010009765625,870.719970703125,0
2019-03-07,867.8300170898438,875.2100219726562,866.760009765625,873.9500122070312,0
2019-03-08,863.7000122070312,866.6699829101562,860.0700073242188,866.4400024414062,0
2019-03-11,863.8400268554688,867.9199829101562,859.22998046875,863.719970703125,0
2019-03-12,866.5,868.5599975585938,863.8699951171875,863.8699951171875,0
2019-03-13,874.0,874.030029296875,864.6799926757812,866.52001953125,0
2019-03-14,881.5999755859375,884.1900024414062,874.02001953125,874.02001953125,0
2019-03-15,880.4000244140625,882.280029296875,877.6199951171875,881.5999755859375,0
2019-03-18,885.6799926757812,885.72998046875,879.47998046875,880.3900146484375,96679500
2019-03-19,890.030029296875,893.6500244140625,885.6699829101562,885.7100219726562,0
2019-03-20,886.3400268554688,889.8900146484375,884.1900024414062,889.219970703125,0
2019-03-21,888.6900024414062,889.1500244140625,883.469970703125,886.3400268554688,0
2019-03-22,873.8300170898438,889.6500244140625,873.780029296875,888.6900024414062,0
2019-03-25,865.4000244140625,873.760009765625,864.030029296875,873.760009765625,0
2019-03-26,867.77001953125,871.27001953125,865.0399780273438,865.47998046875,0
2019-03-27,867.2100219726562,872.4099731445312,863.469970703125,867.6500244140625,0
2019-03-28,866.9299926757812,872.6099853515625,866.1699829101562,867.2100219726562,0
2019-03-29,863.1099853515625,873.030029296875,863.1099853515625,867.1500244140625,0
2019-04-01,873.0599975585938,873.4500122070312,863.1199951171875,863.1199951171875,0
2019-04-02,879.1400146484375,879.780029296875,873.1300048828125,873.1300048828125,0
2019-04-03,884.9099731445312,884.9099731445312,878.7999877929688,879.1400146484375,0
2019-04-04,879.8599853515625,885.1900024414062,878.1300048828125,884.9099731445312,0
2019-04-05,884.7899780273438,885.77001953125,879.22998046875,879.8599853515625,0
2019-04-08,890.239990234375,890.25,883.1400146484375,884.7999877929688,0
2019-04-09,881.2999877929688,890.2899780273438,879.6199951171875,890.239990234375,0
2019-04-10,884.9400024414062,887.219970703125,880.72998046875,881.3099975585938,0
2019-04-11,884.1300048828125,888.1699829101562,883.1900024414062,885.1599731445312,0
2019-04-12,885.2899780273438,889.8900146484375,881.9600219726562,884.1400146484375,0
2019-04-15,890.030029296875,890.0700073242188,885.2899780273438,885.2899780273438,0
2019-04-16,889.1900024414062,894.0900268554688,887.6300048828125,890.030029296875,0
2019-04-17,890.3499755859375,892.6400146484375,884.239990234375,889.1300048828125,0
2019-04-23,894.2899780273438,897.0,890.1400146484375,890.5,0
2019-04-24,892.2999877929688,895.75,891.989990234375,894.2999877929688,0
2019-04-25,885.6500244140625,892.9400024414062,885.4299926757812,892.4099731445312,0
2019-04-26,883.52001953125,887.4099731445312,881.5399780273438,885.719970703125,0
2019-04-29,883.8400268554688,886.5399780273438,881.22998046875,883.52001953125,0
2019-04-30,880.9099731445312,883.8400268554688,879.3499755859375,883.8400268554688,0
2019-05-02,876.4600219726562,880.8499755859375,872.5999755859375,880.8300170898438,0
2019-05-03,880.77001953125,885.0,873.280029296875,876.4400024414062,0
2019-05-06,873.510009765625,880.760009765625,866.4500122070312,880.760009765625,0
2019-05-07,870.2100219726562,880.5599975585938,866.6699829101562,873.510009765625,0
2019-05-08,871.7899780273438,876.1699829101562,867.25,870.2100219726562,0
2019-05-09,859.1500244140625,871.780029296875,859.0900268554688,871.780029296875,0
2019-05-10,870.97998046875,871.6599731445312,859.1799926757812,859.1799926757812,0
2019-05-13,861.0,873.3900146484375,860.1900024414062,870.97998046875,0
2019-05-14,864.4000244140625,864.739990234375,857.72998046875,860.9299926757812,0
2019-05-15,866.5499877929688,869.3300170898438,859.47998046875,864.719970703125,0
2019-05-16,882.489990234375,882.489990234375,866.5700073242188,866.5900268554688,0
2019-05-20,885.0900268554688,891.52001953125,879.27001953125,882.4500122070312,0
2019-05-21,889.760009765625,891.3499755859375,885.0900268554688,885.0900268554688,0
2019-05-22,888.739990234375,890.52001953125,885.1500244140625,889.7100219726562,0
2019-05-23,869.1099853515625,888.77001953125,869.0900268554688,888.75,0
2019-05-24,875.9500122070312,877.7000122070312,869.1099853515625,869.1099853515625,0
2019-05-27,876.469970703125,878.780029296875,872.260009765625,875.9600219726562,74795000
2019-05-28,872.8599853515625,880.27001953125,868.22998046875,876.469970703125,0
2019-05-29,853.1199951171875,872.8599853515625,850.52001953125,872.8599853515625,0
2019-05-31,852.0900268554688,853.0,838.4400024414062,852.989990234375,0
2019-06-03,863.1500244140625,863.1500244140625,842.5900268554688,852.010009765625,0
2019-06-04,859.75,863.1500244140625,855.010009765625,863.1500244140625,0
2019-06-05,861.0900268554688,865.9600219726562,859.1500244140625,859.760009765625,0
2019-06-06,862.280029296875,867.97998046875,860.22998046875,861.0900268554688,0
2019-06-07,868.8400268554688,870.6099853515625,862.280029296875,862.280029296875,0
2019-06-11,874.8900146484375,876.2999877929688,867.8300170898438,868.7899780273438,0
2019-06-12,859.8499755859375,874.7999877929688,858.8400268554688,874.7999877929688,0
2019-06-13,859.1900024414062,861.5900268554688,854.97998046875,859.9199829101562,0
2019-06-14,861.1699829101562,863.02001953125,853.9099731445312,859.1900024414062,0
2019-06-17,856.4600219726562,863.239990234375,856.25,861.1900024414062,0
2019-06-18,866.6300048828125,868.0499877929688,854.5399780273438,856.4600219726562,0
2019-06-19,865.52001953125,869.7000122070312,862.22998046875,866.530029296875,0
2019-06-20,870.510009765625,873.47998046875,865.5800170898438,865.5800170898438,0
2019-06-21,871.75,875.6799926757812,869.3200073242188,870.510009765625,0
2019-06-24,869.52001953125,879.2100219726562,868.989990234375,872.5800170898438,0
2019-06-25,861.5900268554688,869.5399780273438,861.010009765625,869.5,0
2019-06-26,860.72998046875,866.6799926757812,860.6500244140625,861.6099853515625,0
2019-06-27,864.2000122070312,866.5700073242188,860.6900024414062,860.75,0
2019-06-28,864.6300048828125,866.6900024414062,862.9600219726562,864.2000122070312,0
2019-07-01,878.9299926757812,879.5700073242188,864.5800170898438,864.6699829101562,131025900
2019-07-02,877.4500122070312,880.280029296875,875.1599731445312,878.9299926757812,107349200
2019-07-03,879.989990234375,880.0399780273438,872.8699951171875,877.47998046875,88331400
2019-07-04,888.5599975585938,889.0999755859375,879.989990234375,879.989990234375,99627900
2019-07-05,885.7000122070312,889.760009765625,883.989990234375,888.5599975585938,72581400
2019-07-08,891.1699829101562,892.969970703125,885.7000122070312,885.7000122070312,82419900
2019-07-09,883.1799926757812,890.5499877929688,881.3499755859375,890.510009765625,92250400
2019-07-10,883.0800170898438,884.8099975585938,881.3599853515625,882.989990234375,84084400
2019-07-11,883.5,885.3099975585938,879.4299926757812,883.0999755859375,83145800
2019-07-12,881.77001953125,885.6400146484375,878.780029296875,883.5,59820200
2019-07-15,880.5,884.8900146484375,877.5499877929688,881.8499755859375,47094500
2019-07-16,874.1099853515625,880.6900024414062,871.3800048828125,880.489990234375,50382500
2019-07-17,867.8400268554688,874.3400268554688,867.260009765625,874.1599731445312,45956900
2019-07-18,861.8900146484375,867.8400268554688,859.5900268554688,867.8400268554688,54097900
2019-07-19,863.219970703125,863.6500244140625,859.3400268554688,861.969970703125,51416900
2019-07-22,865.27001953125,867.8200073242188,863.1199951171875,863.2100219726562,52871800
2019-07-23,874.739990234375,875.3200073242188,865.0,865.27001953125,60153100
2019-07-24,871.8800048828125,877.280029296875,869.5700073242188,874.739990234375,52124500
2019-07-25,863.7999877929688,876.239990234375,862.0900268554688,871.6599731445312,60045000
2019-07-26,867.4000244140625,870.4500122070312,862.1400146484375,863.8099975585938,44246300
2019-07-29,865.0800170898438,869.260009765625,864.22998046875,867.4000244140625,54219700
2019-07-30,852.4000244140625,865.6799926757812,851.97998046875,865.0800170898438,60451300
2019-07-31,859.1400146484375,860.8900146484375,852.4000244140625,852.4000244140625,58918000
2019-08-01,863.260009765625,864.9500122070312,854.8200073242188,859.0399780273438,53706700
2019-08-02,853.5800170898438,863.25,848.5399780273438,863.25,60499600
2019-08-05,834.2100219726562,853.5599975585938,832.4000244140625,853.5599975585938,62672300
2019-08-06,837.489990234375,842.7000122070312,832.1199951171875,833.530029296875,56259700
2019-08-07,830.3400268554688,842.469970703125,827.0800170898438,837.5399780273438,59309000
2019-08-08,842.6400146484375,843.6900024414062,830.3599853515625,830.3599853515625,61772100
2019-08-09,837.8200073242188,846.7999877929688,837.6300048828125,842.6599731445312,44553400
2019-08-12,834.97998046875,843.0900268554688,833.8200073242188,837.8200073242188,45800400
2019-08-13,842.780029296875,843.1099853515625,829.6300048828125,834.6699829101562,67011300
2019-08-14,822.6699829101562,843.3200073242188,820.77001953125,842.7999877929688,84383700
2019-08-15,817.9299926757812,827.3099975585938,806.239990234375,822.9500122070312,106459400
2019-08-16,827.0800170898438,827.0800170898438,817.9400024414062,817.969970703125,92508700
2019-08-19,840.760009765625,840.760009765625,827.0800170898438,827.0800170898438,87179500
2019-08-20,839.739990234375,845.8599853515625,837.739990234375,840.6900024414062,63288000
2019-08-21,844.6300048828125,847.760009765625,835.3900146484375,839.75,62489400
2019-08-22,845.0399780273438,847.5,839.97998046875,844.6300048828125,68418100
2019-08-23,840.3200073242188,850.1300048828125,832.8599853515625,845.0800170898438,68801100
2019-08-26,833.72998046875,840.3099975585938,829.1300048828125,840.3099975585938,59329500
2019-08-27,841.1799926757812,841.1900024414062,833.0999755859375,833.6599731445312,67048700
2019-08-28,840.0800170898438,844.469970703125,837.530029296875,841.1799926757812,69902200
2019-08-29,852.6500244140625,853.719970703125,840.1099853515625,840.1099853515625,76136200
2019-08-30,861.2899780273438,862.5499877929688,852.6199951171875,852.6500244140625,78642700
2019-09-02,859.239990234375,862.8699951171875,859.0499877929688,861.1500244140625,72863200
2019-09-03,850.6099853515625,860.2100219726562,850.1699829101562,859.52001953125,76473400
2019-09-04,858.510009765625,861.22998046875,850.5900268554688,850.5999755859375,71054100
2019-09-05,876.3099975585938,877.8499755859375,858.7100219726562,858.719970703125,112849200
2019-09-06,868.2100219726562,876.5599975585938,865.52001953125,876.3099975585938,75827900
2019-09-09,867.4600219726562,873.4500122070312,866.489990234375,868.2100219726562,55134500
2019-09-10,871.7100219726562,871.7100219726562,865.280029296875,867.4600219726562,68339900
2019-09-11,884.8499755859375,884.8599853515625,871.760009765625,871.760009765625,73983500
2019-09-12,882.6300048828125,885.6699829101562,874.6199951171875,884.8499755859375,69632800
2019-09-13,888.3200073242188,888.4400024414062,882.6199951171875,882.6300048828125,58496000
2019-09-16,899.5499877929688,900.1799926757812,888.2899780273438,888.2999877929688,85442600
2019-09-17,890.4099731445312,901.2899780273438,888.280029296875,899.5599975585938,88509500
2019-09-18,899.489990234375,899.489990234375,887.5800170898438,890.4099731445312,96372600
2019-09-19,898.510009765625,901.6300048828125,895.4000244140625,899.5,75588400
2019-09-20,904.9099731445312,904.989990234375,898.77001953125,898.9000244140625,70593400
2019-09-23,897.8499755859375,905.25,895.3099975585938,904.9099731445312,64496100
2019-09-24,890.8400268554688,900.0499877929688,889.6500244140625,897.6400146484375,66905200
2019-09-25,880.1599731445312,890.8499755859375,876.8599853515625,890.8300170898438,63593400
2019-09-26,880.7000122070312,887.7100219726562,879.22998046875,880.1599731445312,58476000
2019-09-27,884.260009765625,888.4299926757812,880.7000122070312,880.7000122070312,55326100
2019-09-30,886.5999755859375,888.5599975585938,881.5700073242188,884.260009765625,54622400
2019-10-01,886.969970703125,891.4600219726562,885.5399780273438,886.5999755859375,50611800
2019-10-02,867.6599731445312,886.9299926757812,867.02001953125,886.9299926757812,70637800
2019-10-03,856.0499877929688,867.6799926757812,854.719970703125,867.6799926757812,78271100
2019-10-04,869.0999755859375,869.6199951171875,856.0800170898438,856.0900268554688,68643200
2019-10-07,883.8499755859375,883.8499755859375,869.2100219726562,869.2100219726562,55684600
2019-10-08,872.780029296875,886.4299926757812,870.8499755859375,883.9000244140625,52672700
2019-10-09,871.510009765625,875.1599731445312,867.7000122070312,872.7999877929688,66589000
2019-10-10,878.72998046875,879.0800170898438,868.1099853515625,871.510009765625,71337400
2019-10-11,886.030029296875,887.989990234375,878.75,878.75,77615500
2019-10-14,874.989990234375,886.010009765625,873.3300170898438,886.010009765625,61127200
2019-10-15,880.25,882.02001953125,874.8900146484375,875.0499877929688,62228000
2019-10-16,887.3099975585938,888.1300048828125,875.1799926757812,879.8400268554688,64932800
2019-10-17,893.6500244140625,896.219970703125,882.0900268554688,887.2899780273438,80493800
2019-10-18,893.1199951171875,896.3200073242188,890.8400268554688,893.6400146484375,95433700
2019-10-21,899.4500122070312,901.0599975585938,892.5599975585938,893.1300048828125,66540400
2019-10-22,898.9099731445312,901.3900146484375,896.1900024414062,899.4400024414062,66033600
2019-10-23,891.8900146484375,901.280029296875,888.280029296875,898.9199829101562,91968700
2019-10-24,906.5599975585938,907.489990234375,891.6699829101562,891.6699829101562,75684300
2019-10-25,902.5599975585938,907.1900024414062,899.0499877929688,906.5800170898438,62420800
2019-10-28,911.4299926757812,912.8400268554688,902.489990234375,902.5599975585938,59339900
2019-10-29,907.6699829101562,911.5499877929688,901.6900024414062,911.510009765625,70981800
2019-10-30,906.5,912.8499755859375,905.1099853515625,907.6699829101562,80582400
2019-10-31,898.0499877929688,906.8699951171875,896.5399780273438,906.4500122070312,95462200
2019-11-01,903.6400146484375,904.469970703125,896.7000122070312,897.97998046875,58972100
2019-11-04,908.1099853515625,909.1099853515625,902.8599853515625,903.6400146484375,70235300
2019-11-05,908.2999877929688,911.25,906.1900024414062,908.1699829101562,86734200
2019-11-06,910.4099731445312,910.4099731445312,904.5599975585938,908.3200073242188,124334200
2019-11-07,918.1300048828125,918.1300048828125,908.3599853515625,910.4099731445312,121313500
2019-11-08,916.02001953125,918.4099731445312,912.4500122070312,918.1400146484375,88134700
2019-11-11,917.8200073242188,917.8200073242188,910.5900268554688,916.0,71635900
2019-11-12,915.5,920.0499877929688,912.52001953125,917.8300170898438,71826700
2019-11-13,909.030029296875,915.8599853515625,904.9000244140625,915.8599853515625,91513000
2019-11-14,907.8200073242188,911.780029296875,906.7899780273438,909.02001953125,75321800
2019-11-15,903.5800170898438,908.489990234375,898.8499755859375,907.8499755859375,72717300
2019-11-18,902.6400146484375,907.969970703125,899.510009765625,903.5800170898438,84143700
2019-11-19,903.489990234375,907.5499877929688,901.9299926757812,902.6699829101562,122114400
2019-11-20,900.8300170898438,903.5,893.6300048828125,903.469970703125,98489000
2019-11-21,900.0800170898438,900.8499755859375,895.8599853515625,900.8099975585938,61218100
2019-11-22,909.7999877929688,909.9299926757812,900.1400146484375,900.1400146484375,67767600
2019-11-25,914.52001953125,915.5599975585938,909.780029296875,909.7899780273438,47086700
2019-11-26,910.969970703125,916.3099975585938,909.780029296875,915.1099853515625,90285400
2019-11-27,912.280029296875,913.1300048828125,908.7000122070312,910.969970703125,73594600
2019-11-28,908.3599853515625,912.260009765625,908.1099853515625,912.1199951171875,57819600
2019-11-29,902.4500122070312,908.3499755859375,900.5999755859375,908.3400268554688,85219300
2019-12-02,890.8099975585938,906.010009765625,890.7899780273438,902.4500122070312,81931000
2019-12-03,884.2100219726562,894.3800048828125,882.469970703125,890.8200073242188,119840200
2019-12-04,898.6400146484375,898.6400146484375,884.1099853515625,884.2100219726562,74383900
2019-12-05,897.6500244140625,901.9600219726562,896.8800048828125,898.6599731445312,61646200
2019-12-06,906.469970703125,906.760009765625,896.780029296875,897.6500244140625,69903300
2019-12-09,908.0,908.469970703125,901.5599975585938,906.52001953125,64074700
2019-12-10,904.1199951171875,907.9600219726562,899.1599731445312,907.9500122070312,69555100
2019-12-11,900.219970703125,904.219970703125,897.77001953125,904.219970703125,50276000
2019-12-12,905.1500244140625,907.1199951171875,899.72998046875,900.22998046875,59620300
2019-12-13,911.3900146484375,913.6699829101562,905.2000122070312,905.2000122070312,76187200
2019-12-16,916.1500244140625,916.780029296875,911.3599853515625,911.3900146484375,71762100
2019-12-17,914.030029296875,917.510009765625,913.6199951171875,916.1400146484375,73312600
2019-12-18,916.510009765625,916.8200073242188,910.4400024414062,914.0399780273438,58111900
2019-12-19,922.5599975585938,922.5599975585938,914.6599731445312,916.52001953125,80120900
2019-12-20,928.2100219726562,930.030029296875,922.5700073242188,922.5700073242188,99976700
2019-12-23,935.2000122070312,935.2000122070312,928.25,928.25,53487700
2019-12-27,933.8900146484375,940.6400146484375,932.1599731445312,935.2000122070312,47820900
2019-12-30,931.4500122070312,935.6199951171875,931.3900146484375,933.9000244140625,53684200
2020-01-02,941.27001953125,943.97998046875,931.3099975585938,931.4500122070312,65254100
2020-01-03,942.6799926757812,944.5599975585938,937.75,941.3900146484375,73797400
2020-01-06,940.0599975585938,945.2999877929688,934.5599975585938,942.7000122070312,92425700
2020-01-07,937.4000244140625,946.6400146484375,937.010009765625,940.0700073242188,70050500
2020-01-08,938.489990234375,939.9500122070312,935.4199829101562,937.280029296875,60566400
2020-01-09,938.2899780273438,941.25,935.3200073242188,938.489990234375,67318700
2020-01-10,939.3800048828125,941.5800170898438,935.8499755859375,938.5700073242188,59430300
2020-01-13,940.6300048828125,944.1799926757812,938.1699829101562,939.3800048828125,69181700
2020-01-14,938.6099853515625,946.1900024414062,937.52001953125,940.6300048828125,66329000
2020-01-15,937.010009765625,941.2000122070312,935.9600219726562,938.5800170898438,67484600
2020-01-16,936.5900268554688,938.8400268554688,933.030029296875,936.989990234375,69666900
2020-01-17,946.6300048828125,947.8800048828125,936.5999755859375,936.5999755859375,59551400
2020-01-20,946.2100219726562,949.010009765625,943.5800170898438,946.6300048828125,62977800
2020-01-21,941.6799926757812,946.219970703125,936.02001953125,946.219970703125,69782000
2020-01-22,943.9000244140625,948.0700073242188,941.52001953125,941.6799926757812,98894200
2020-01-23,930.2899780273438,943.9600219726562,927.1099853515625,943.9199829101562,84489900
2020-01-24,939.989990234375,942.27001953125,930.3300170898438,930.3300170898438,62768300
2020-01-27,921.3099975585938,939.9500122070312,915.9299926757812,939.9500122070312,130661900
2020-01-28,925.7000122070312,925.7000122070312,914.3300170898438,921.2999877929688,83398900
2020-01-29,925.3200073242188,932.1300048828125,923.3499755859375,925.7000122070312,78706700
2020-01-30,915.8699951171875,925.3099975585938,914.2999877929688,925.3099975585938,67649300
2020-01-31,913.8099975585938,924.3499755859375,913.6400146484375,915.8499755859375,80639000
2020-02-03,913.989990234375,916.2100219726562,907.7000122070312,913.8300170898438,82196800
2020-02-04,917.3300170898438,923.0800170898438,914.0,914.0,72810600
2020-02-05,930.9199829101562,931.72998046875,915.75,917.3499755859375,76368900
2020-02-06,936.260009765625,943.469970703125,930.719970703125,930.719970703125,137885900
2020-02-07,920.8200073242188,938.4500122070312,919.280029296875,936.3400268554688,129840600
2020-02-10,912.25,922.8699951171875,908.0599975585938,920.8200073242188,125544400
2020-02-11,925.6599731445312,925.9400024414062,913.0999755859375,913.2000122070312,111561000
2020-02-12,930.77001953125,933.4400024414062,923.97998046875,925.739990234375,97494700
2020-02-13,926.25,930.760009765625,917.969970703125,930.760009765625,97325200
2020-02-14,929.239990234375,931.97998046875,926.030029296875,926.25,68989900
2020-02-17,927.97998046875,933.9299926757812,925.8400268554688,929.239990234375,113158900
2020-02-18,926.6799926757812,927.97998046875,921.0399780273438,927.97998046875,75046700
2020-02-19,934.9299926757812,934.9400024414062,926.4600219726562,926.6500244140625,96915300
2020-02-20,942.8900146484375,943.5,934.9199829101562,934.9299926757812,155189400
2020-02-21,936.7000122070312,942.8900146484375,932.47998046875,942.8900146484375,108712500
2020-02-24,898.4000244140625,936.4500122070312,896.1500244140625,936.4500122070312,154261100
2020-02-25,894.97998046875,909.5399780273438,888.989990234375,898.52001953125,142049100
2020-02-26,886.47998046875,894.9400024414062,863.75,894.9400024414062,175968300
2020-02-27,843.1900024414062,886.4500122070312,843.1900024414062,886.4500122070312,184336100
2020-02-28,830.260009765625,844.6199951171875,814.75,840.6699829101562,233517000
2020-03-02,833.8300170898438,861.1300048828125,825.5399780273438,830.260009765625,182339100
2020-03-03,859.1699829101562,867.9000244140625,833.9199829101562,833.9199829101562,167306700
2020-03-04,858.5900268554688,868.3699951171875,849.9099731445312,859.1500244140625,301018000
2020-03-05,838.469970703125,866.280029296875,835.1699829101562,858.5800170898438,149280700
2020-03-06,801.3400268554688,838.4299926757812,801.3400268554688,838.4299926757812,180914200
2020-03-09,736.0800170898438,801.260009765625,701.47998046875,801.260009765625,271257600
2020-03-10,739.6799926757812,770.8099975585938,736.0900268554688,736.0900268554688,209333700
2020-03-11,713.1199951171875,750.010009765625,713.1199951171875,739.6300048828125,175999100
2020-03-12,650.5999755859375,711.0900268554688,640.5900268554688,711.0900268554688,225147100
2020-03-13,675.0800170898438,698.3900146484375,650.7100219726562,650.7100219726562,244995000
2020-03-16,639.0499877929688,675.0499877929688,605.280029296875,675.0499877929688,247660400
2020-03-17,645.0700073242188,662.9299926757812,630.6300048828125,639.3200073242188,214384600
2020-03-18,637.75,645.0800170898438,624.3900146484375,645.0499877929688,212900000
2020-03-19,667.3200073242188,667.3300170898438,637.72998046875,637.739990234375,233225000
2020-03-20,668.77001953125,704.0700073242188,662.3900146484375,668.4600219726562,269575200
2020-03-23,635.9299926757812,667.52001953125,635.9299926757812,667.0499877929688,182667600
2020-03-24,671.5900268554688,672.47998046875,637.9400024414062,637.9400024414062,187605400
2020-03-25,682.469970703125,692.760009765625,659.1900024414062,671.5999755859375,244069300
2020-03-26,692.0399780273438,692.0399780273438,665.9000244140625,682.3900146484375,166299500
2020-03-27,666.8599853515625,692.0399780273438,662.260009765625,692.0399780273438,154967800
2020-03-30,686.9299926757812,686.9299926757812,647.6199951171875,666.8499755859375,147163000
2020-03-31,707.1300048828125,709.02001953125,687.1099853515625,687.1099853515625,193348300
2020-04-01,719.5800170898438,719.5800170898438,688.1699829101562,702.9400024414062,182206500
2020-04-02,713.010009765625,731.8900146484375,705.0499877929688,719.6699829101562,196715000
2020-04-03,712.2100219726562,718.3300170898438,705.3099975585938,713.239990234375,200112200
2020-04-06,728.510009765625,728.719970703125,710.969970703125,712.260009765625,153116500
2020-04-07,744.3900146484375,750.1500244140625,730.780029296875,730.780029296875,187415700
2020-04-08,734.3800048828125,744.3499755859375,729.72998046875,744.3300170898438,112531800
2020-04-14,755.4000244140625,755.4000244140625,734.3800048828125,734.3800048828125,230637900
2020-04-15,737.469970703125,755.5499877929688,733.8599853515625,755.3699951171875,174930700
2020-04-16,727.6799926757812,743.0800170898438,726.9400024414062,737.4500122070312,170822600
2020-04-17,748.4500122070312,749.1900024414062,727.72998046875,727.72998046875,176685000
2020-04-20,740.9000244140625,751.6799926757812,729.010009765625,748.5,174991200
2020-04-21,726.7000122070312,740.8900146484375,721.2899780273438,740.8900146484375,170664000
2020-04-22,738.1199951171875,740.3200073242188,716.0399780273438,726.6699829101562,149525200
2020-04-23,750.1400146484375,750.1400146484375,736.1199951171875,738.1099853515625,166599700
2020-04-24,738.1300048828125,750.1699829101562,735.6599731445312,750.1599731445312,131267500
2020-04-27,743.4199829101562,746.5999755859375,738.1599731445312,738.1599731445312,120499000
2020-04-28,757.530029296875,760.1199951171875,742.2000122070312,743.2100219726562,155059800
2020-04-29,772.1500244140625,773.5800170898438,757.5700073242188,757.5700073242188,198213300
2020-04-30,775.1099853515625,780.1599731445312,765.4600219726562,772.1699829101562,219191800
2020-05-04,751.27001953125,775.0499877929688,750.0700073242188,775.0499877929688,235208300
2020-05-05,757.8099975585938,763.02001953125,751.27001953125,751.27001953125,174162500
2020-05-06,747.5800170898438,758.0999755859375,747.4600219726562,757.8599853515625,158796600
2020-05-07,756.5900268554688,757.0399780273438,746.3499755859375,747.5599975585938,217487300
2020-05-08,769.6199951171875,769.6199951171875,756.5999755859375,756.5999755859375,358161500
2020-05-11,764.0800170898438,777.010009765625,761.3400268554688,769.6900024414062,206363800
2020-05-12,770.02001953125,773.3400268554688,761.3699951171875,764.0599975585938,282451000
2020-05-13,758.1400146484375,770.1500244140625,754.7999877929688,770.0999755859375,253067600
2020-05-14,737.25,757.6900024414062,736.3400268554688,757.6900024414062,172329100
2020-05-15,753.6099853515625,755.3200073242188,737.4299926757812,737.4299926757812,138490300
2020-05-18,771.5800170898438,771.5800170898438,753.5900268554688,753.5900268554688,206797600
2020-05-19,780.3699951171875,784.5599975585938,771.010009765625,771.6699829101562,208410600
2020-05-20,789.3300170898438,789.3400268554688,775.0499877929688,780.3900146484375,535649600
2020-05-22,776.6500244140625,789.3200073242188,770.739990234375,789.3200073242188,465586200
2020-05-25,793.1199951171875,793.1199951171875,776.77001953125,776.77001953125,288124000
2020-05-26,804.8599853515625,805.260009765625,793.030029296875,793.5499877929688,383441300
2020-05-27,806.2000122070312,812.72998046875,802.0499877929688,804.8400268554688,309823500
2020-05-28,806.1900024414062,810.1300048828125,802.9600219726562,806.3699951171875,215365700
2020-05-29,796.77001953125,806.3099975585938,793.0800170898438,806.1900024414062,240180900
2020-06-02,815.0800170898438,815.3300170898438,796.9600219726562,796.9600219726562,225688900
2020-06-03,830.4299926757812,830.4299926757812,815.0800170898438,815.0800170898438,200832200
2020-06-04,833.3099975585938,834.0900268554688,822.0499877929688,830.4199829101562,219488700
2020-06-05,849.6599731445312,851.5800170898438,833.3400268554688,833.3400268554688,257925300
2020-06-08,856.8300170898438,861.3699951171875,849.4099731445312,849.6900024414062,322606300
2020-06-09,839.0900268554688,860.0399780273438,837.77001953125,856.8400268554688,275620900
2020-06-10,839.6799926757812,848.1400146484375,834.8300170898438,839.0900268554688,251139900
2020-06-11,813.719970703125,839.6400146484375,812.1699829101562,839.6400146484375,272855000
2020-06-12,820.3200073242188,824.6300048828125,797.5499877929688,813.719970703125,245962500
2020-06-15,802.9000244140625,819.2899780273438,790.3800048828125,819.2899780273438,307709800
2020-06-16,824.4500122070312,825.6099853515625,803.2999877929688,803.2999877929688,363539700
2020-06-17,819.4400024414062,829.0599975585938,818.6099853515625,824.5399780273438,374998400
2020-06-18,813.4000244140625,821.530029296875,812.3800048828125,819.280029296875,212882200
2020-06-19,815.1400146484375,822.530029296875,813.3400268554688,813.3699951171875,199593700
2020-06-22,805.969970703125,815.1599731445312,804.9000244140625,815.1400146484375,148029700
2020-06-23,813.4199829101562,820.3200073242188,805.989990234375,805.989990234375,129286300
2020-06-24,804.1500244140625,815.010009765625,803.739990234375,813.4199829101562,134592800
2020-06-25,801.2100219726562,804.1400146484375,789.47998046875,804.1400146484375,163237700
2020-06-26,794.719970703125,806.280029296875,794.6300048828125,801.1199951171875,169036100
2020-06-29,800.0599975585938,800.510009765625,790.1099853515625,794.7000122070312,213518800
2020-06-30,795.219970703125,802.6199951171875,792.8499755859375,800.0599975585938,137523000
2020-07-01,802.77001953125,803.4099731445312,793.3599853515625,795.1900024414062,123392200
2020-07-02,807.280029296875,809.5800170898438,799.27001953125,802.780029296875,116387700
2020-07-03,801.6799926757812,809.1799926757812,800.739990234375,807.280029296875,91192200
2020-07-06,810.0,812.5900268554688,801.75,801.75,1031096500
2020-07-07,808.9199829101562,811.3200073242188,802.3699951171875,809.8699951171875,398003600
2020-07-08,811.010009765625,811.25,803.47998046875,808.9199829101562,232739400
2020-07-09,800.9600219726562,812.6400146484375,800.77001953125,811.02001953125,256499700
2020-07-10,801.5900268554688,802.969970703125,791.6099853515625,800.989990234375,208392300
2020-07-13,821.0,822.4299926757812,801.5900268554688,801.5900268554688,214915800
2020-07-14,823.6500244140625,823.8200073242188,816.1099853515625,820.989990234375,222736900
2020-07-15,840.8200073242188,840.8200073242188,823.6500244140625,823.6500244140625,228966100
2020-07-16,836.1400146484375,840.8200073242188,832.3699951171875,840.8200073242188,258260600
2020-07-17,843.6300048828125,844.239990234375,836.260009765625,836.260009765625,390668400
2020-07-20,847.9099731445312,849.4299926757812,840.4400024414062,843.6300048828125,219597100
2020-07-21,856.2100219726562,866.25,847.9000244140625,847.9199829101562,251759000
2020-07-22,849.8499755859375,860.510009765625,843.2100219726562,856.239990234375,299211700
2020-07-23,843.5499877929688,852.8599853515625,843.1300048828125,849.8499755859375,611639000
2020-07-24,839.969970703125,843.4500122070312,829.8200073242188,843.4299926757812,334071500
2020-07-27,839.969970703125,845.0499877929688,834.0,839.969970703125,221815900
2020-07-28,839.0800170898438,842.7000122070312,836.8200073242188,839.969970703125,227042300
2020-07-29,841.719970703125,841.9600219726562,833.9600219726562,839.25,267101700
2020-07-30,819.75,841.75,819.739990234375,841.72998046875,260943000
2020-07-31,826.22998046875,833.719970703125,819.7100219726562,819.75,333719400
2020-08-03,842.1900024414062,842.25,825.47998046875,826.239990234375,209414100
2020-08-04,847.75,847.77001953125,839.739990234375,842.4500122070312,212983700
2020-08-05,854.9400024414062,855.6799926757812,847.510009765625,847.75,277519100
2020-08-06,854.8800048828125,856.9000244140625,848.9000244140625,854.9400024414062,399922200
2020-08-07,854.6300048828125,856.3800048828125,848.9000244140625,854.8599853515625,382684600
2020-08-10,856.1900024414062,859.9500122070312,850.280029296875,854.6500244140625,297126500
2020-08-11,870.6400146484375,875.2999877929688,856.1900024414062,856.1900024414062,388836500
2020-08-12,875.9400024414062,875.969970703125,867.9600219726562,870.6400146484375,525532700
2020-08-13,878.0399780273438,880.1900024414062,872.3900146484375,875.7899780273438,473368000
2020-08-14,871.9099731445312,878.0399780273438,863.5,878.0399780273438,384639100
2020-08-17,871.9299926757812,874.8599853515625,868.7999877929688,871.8300170898438,210517500
2020-08-18,866.6900024414062,873.72998046875,865.3699951171875,871.9299926757812,251765700
2020-08-19,868.280029296875,869.9000244140625,864.1599731445312,866.6799926757812,302551900
2020-08-20,862.0,868.280029296875,861.25,868.280029296875,225842500
2020-08-21,860.7000122070312,866.7999877929688,855.3699951171875,861.989990234375,206693400
2020-08-24,875.97998046875,876.02001953125,860.0800170898438,860.6699829101562,184306600
2020-08-25,872.7899780273438,882.3499755859375,872.1900024414062,875.989990234375,185092100
2020-08-26,870.1199951171875,872.8099975585938,865.030029296875,872.8099975585938,233216100
2020-08-27,867.1400146484375,871.9000244140625,865.4500122070312,870.1199951171875,188949600
2020-08-28,862.9299926757812,868.4500122070312,858.760009765625,867.1400146484375,199232100
2020-08-31,859.260009765625,870.4000244140625,857.9500122070312,862.9299926757812,196076400
2020-09-01,859.5900268554688,863.0900268554688,854.6500244140625,859.27001953125,189692800
2020-09-02,854.8800048828125,863.9600219726562,852.8699951171875,859.5499877929688,194466600
2020-09-03,852.1099853515625,860.1599731445312,851.6300048828125,854.9099731445312,175638200
2020-09-04,845.6699829101562,854.1799926757812,837.6500244140625,852.0399780273438,196622100
2020-09-07,854.8499755859375,854.8800048828125,844.989990234375,845.6699829101562,252557800
2020-09-08,842.5800170898438,857.7100219726562,839.5599975585938,854.8499755859375,252617200
2020-09-09,857.530029296875,857.9600219726562,840.1400146484375,842.5700073242188,211543600
2020-09-10,854.1900024414062,860.5999755859375,852.8300170898438,857.989990234375,138149600
2020-09-11,857.4500122070312,858.5399780273438,850.5999755859375,854.2100219726562,141244500
2020-09-14,854.6199951171875,864.4299926757812,854.5999755859375,857.4500122070312,246693700
2020-09-15,862.780029296875,864.7899780273438,854.27001953125,854.6199951171875,171506300
2020-09-16,865.6300048828125,868.3800048828125,862.469970703125,862.8200073242188,173336500
2020-09-17,865.8900146484375,865.9099731445312,858.2000122070312,865.6300048828125,128204200
2020-09-18,866.1599731445312,866.6900024414062,860.6199951171875,865.8900146484375,221370600
2020-09-21,834.6900024414062,866.3900146484375,834.6900024414062,866.2000122070312,318202800
2020-09-22,845.0900268554688,848.9400024414062,834.5800170898438,834.6799926757812,170849000
2020-09-23,846.7999877929688,854.0800170898438,844.7999877929688,844.9299926757812,190399300
2020-09-24,838.8800048828125,846.5800170898438,832.9400024414062,846.5800170898438,232521400
2020-09-25,838.1400146484375,846.6699829101562,836.1699829101562,838.8900146484375,215868100
2020-09-28,851.5499877929688,851.5800170898438,838.0800170898438,838.1400146484375,317209800
2020-09-29,850.3400268554688,852.5900268554688,846.280029296875,851.5800170898438,182859200
2020-09-30,856.0900268554688,856.5999755859375,843.4400024414062,850.3400268554688,159271800
2020-10-01,852.72998046875,858.8099975585938,852.6099853515625,856.0900268554688,158013600
2020-10-02,852.969970703125,853.4400024414062,844.1500244140625,852.0700073242188,147278100
2020-10-05,867.9400024414062,867.9400024414062,852.969970703125,852.969970703125,137283700
2020-10-06,877.6099853515625,879.0900268554688,867.9400024414062,867.9400024414062,339742100
2020-10-07,872.0999755859375,878.8400268554688,871.7100219726562,877.6300048828125,383750600
2020-10-08,879.2000122070312,880.0,872.530029296875,872.530029296875,207911100
2020-10-09,876.280029296875,882.6799926757812,875.52001953125,879.25,423921900
2020-10-12,878.1300048828125,882.260009765625,876.280029296875,876.280029296875,696467500
2020-10-13,875.3699951171875,880.469970703125,874.4299926757812,878.0499877929688,859992400
2020-10-14,877.6300048828125,879.530029296875,872.9199829101562,875.3800048828125,1539242000
2020-10-15,862.9600219726562,878.530029296875,861.7899780273438,877.6300048828125,568200600
2020-10-16,872.52001953125,877.989990234375,863.0599975585938,863.0599975585938,413056800
2020-10-19,873.5,877.0800170898438,871.6799926757812,872.5399780273438,436073200
2020-10-20,868.4199829101562,878.47998046875,868.4199829101562,873.4600219726562,402214600
2020-10-21,857.5499877929688,874.6199951171875,854.75,868.5800170898438,512693300
2020-10-22,848.5,857.6500244140625,845.6500244140625,857.3499755859375,266757400
2020-10-23,858.9000244140625,861.9199829101562,848.5,848.5,305786700
2020-10-26,832.4099731445312,858.8499755859375,832.3800048828125,858.8499755859375,301421600
2020-10-27,826.0,836.219970703125,823.3400268554688,832.3400268554688,303004200
2020-10-28,799.6799926757812,825.97998046875,799.6799926757812,825.97998046875,293794800
2020-10-29,810.0399780273438,811.489990234375,796.239990234375,799.6699829101562,236886000
2020-10-30,811.8499755859375,812.0,803.1099853515625,810.030029296875,384714800
2020-11-02,823.5499877929688,823.8200073242188,810.2999877929688,811.969970703125,267377700
2020-11-03,829.3599853515625,834.3699951171875,823.4600219726562,823.5800170898438,241247300
2020-11-04,841.5700073242188,841.72998046875,820.260009765625,829.3499755859375,624504800
2020-11-05,845.030029296875,846.260009765625,838.25,841.5900268554688,423838900
2020-11-06,845.719970703125,847.5700073242188,839.1400146484375,845.0399780273438,216487700
2020-11-09,883.1400146484375,883.719970703125,845.8200073242188,845.8200073242188,724743600
2020-11-10,878.9299926757812,883.2000122070312,871.9299926757812,883.1599731445312,722975800
2020-11-11,889.4299926757812,890.8499755859375,878.9400024414062,878.9400024414062,772148300
2020-11-12,889.9500122070312,891.530029296875,883.760009765625,889.4299926757812,550745600
2020-11-13,892.010009765625,894.1799926757812,884.22998046875,889.9199829101562,767796300
2020-11-16,908.9600219726562,912.22998046875,892.0700073242188,892.1799926757812,798268600
2020-11-17,908.25,912.8800048828125,906.2100219726562,908.9600219726562,900829100
2020-11-18,912.1500244140625,913.27001953125,905.8599853515625,908.25,520384600
2020-11-19,902.9400024414062,912.3300170898438,900.8200073242188,912.1500244140625,626614900
2020-11-20,908.4400024414062,913.2000122070312,902.6799926757812,902.9400024414062,489187300
2020-11-23,917.27001953125,921.1300048828125,908.530029296875,908.530029296875,680242300
2020-11-24,935.0900268554688,935.5499877929688,917.2899780273438,917.2899780273438,1051420000
2020-11-25,933.780029296875,939.239990234375,927.72998046875,935.2999877929688,791000100
2020-11-26,935.8099975585938,937.0599975585938,932.5,933.8800048828125,544645200
2020-11-27,946.2999877929688,946.3499755859375,933.0599975585938,935.8099975585938,397335700
2020-11-30,930.3900146484375,946.2899780273438,930.3900146484375,946.2899780273438,830059500
2020-12-01,934.9099731445312,940.8599853515625,926.6400146484375,930.3900146484375,830814900
2020-12-02,928.0999755859375,935.1599731445312,924.280029296875,934.9099731445312,1059866600
2020-12-03,927.0900268554688,933.3800048828125,924.469970703125,928.1400146484375,802513800
2020-12-04,935.4099731445312,935.4400024414062,926.3300170898438,927.1599731445312,574868900
2020-12-07,932.989990234375,938.969970703125,930.9199829101562,936.0,0
2020-12-08,933.510009765625,936.9400024414062,931.6699829101562,933.0,1000639400
2020-12-09,942.9299926757812,942.9299926757812,933.4400024414062,933.4400024414062,1123852700
2020-12-10,942.5800170898438,945.3800048828125,935.3499755859375,942.489990234375,2167005200
2020-12-11,937.5800170898438,943.22998046875,933.4500122070312,942.5900268554688,1540564200
2020-12-14,936.6400146484375,945.5399780273438,933.9500122070312,937.5800170898438,744250400
2020-12-15,936.6599731445312,939.530029296875,931.3599853515625,936.6400146484375,809422200
2020-12-16,939.8900146484375,942.6300048828125,936.77001953125,936.77001953125,888841100
2020-12-17,942.2000122070312,947.9500122070312,939.8900146484375,939.8900146484375,868128000
2020-12-18,950.5,951.52001953125,940.2999877929688,942.1900024414062,408501500
2020-12-21,928.22998046875,950.469970703125,922.1300048828125,950.469970703125,521688200
2020-12-22,938.8300170898438,939.02001953125,928.25,928.25,256796900
2020-12-23,953.6500244140625,953.6799926757812,938.8499755859375,938.8499755859375,232871900
2020-12-28,966.6699829101562,966.6699829101562,953.6900024414062,953.6900024414062,439943200
2020-12-29,970.2999877929688,975.9000244140625,966.6699829101562,966.6699829101562,515841700
2020-12-30,973.969970703125,974.760009765625,968.510009765625,970.2899780273438,260151800
2021-01-05,964.1300048828125,968.9199829101562,962.260009765625,965.969970703125,733762900
2021-01-06,975.8599853515625,977.3200073242188,964.1400146484375,964.1400146484375,861028800
2021-01-07,991.219970703125,991.469970703125,975.9000244140625,975.9000244140625,651693100
2021-01-11,990.9099731445312,1001.1599731445312,986.8800048828125,1001.1599731445312,338999700
2021-01-12,998.5599975585938,1000.2000122070312,991.010009765625,991.010009765625,625288400
2021-01-13,990.4000244140625,1008.3200073242188,990.2999877929688,998.530029296875,1358036500
2021-01-14,998.77001953125,999.239990234375,990.4099731445312,990.4099731445312,698059600
2021-01-15,987.9199829101562,998.6400146484375,987.7100219726562,998.6400146484375,358063700
2021-01-18,993.7999877929688,993.7999877929688,979.219970703125,987.9500122070312,319721200
2021-01-19,1004.6900024414062,1004.6900024414062,993.9000244140625,994.02001953125,378631700
2021-01-20,1002.6900024414062,1009.9299926757812,1002.010009765625,1004.6900024414062,241388800
2021-01-21,1001.5399780273438,1008.8499755859375,999.4400024414062,1002.719970703125,234253700
2021-01-25,983.989990234375,997.9199829101562,972.5700073242188,993.9199829101562,465286400
2021-01-26,977.010009765625,986.9600219726562,972.0700073242188,983.9199829101562,364442600
2021-01-27,962.5599975585938,981.739990234375,958.9600219726562,977.02001953125,349834600
2021-01-28,965.72998046875,968.8300170898438,943.4199829101562,962.7899780273438,381000400
2021-01-29,966.9000244140625,967.7999877929688,951.8599853515625,963.9099731445312,661483100
2021-02-01,971.8300170898438,974.739990234375,965.02001953125,966.9500122070312,253148900
2021-02-02,984.5599975585938,985.9400024414062,971.9099731445312,971.9099731445312,333659300
2021-02-03,992.8300170898438,994.6199951171875,984.6199951171875,984.6199951171875,98880600
2021-02-04,997.7000122070312,1001.6900024414062,991.760009765625,992.8300170898438,89239600
2021-02-05,996.5399780273438,1003.1599731445312,995.7899780273438,997.719970703125,93623800
2021-02-08,1000.489990234375,1004.219970703125,996.5599975585938,996.5599975585938,102208200
2021-02-09,992.530029296875,1002.280029296875,992.530029296875,1000.4400024414062,114218800
2021-02-10,991.27001953125,997.0,989.4299926757812,993.489990234375,128571900
2021-02-11,995.6500244140625,996.3499755859375,986.8400268554688,992.0499877929688,94458400
2021-02-12,991.780029296875,999.0,988.52001953125,995.6599731445312,109267700
2021-02-16,999.6500244140625,999.9199829101562,993.760009765625,995.739990234375,134074700
2021-02-18,981.1699829101562,998.9099731445312,981.1199951171875,995.7000122070312,181056700
2021-02-19,993.6199951171875,994.260009765625,979.1699829101562,981.1599731445312,117427800
2021-02-22,1003.2999877929688,1004.1799926757812,989.0999755859375,993.719970703125,123530700
2021-02-23,1007.469970703125,1013.22998046875,987.239990234375,1003.2999877929688,163983900
2021-02-24,1013.6300048828125,1015.5499877929688,1004.0700073242188,1012.969970703125,110614400
2021-02-25,1027.1600341796875,1027.6600341796875,1013.6400146484375,1013.6400146484375,123093800
2021-02-26,1007.0700073242188,1027.239990234375,1005.1500244140625,1027.239990234375,131376100
2021-03-01,1028.3399658203125,1028.5999755859375,1007.0900268554688,1007.0900268554688,108730400
2021-03-02,1032.56005859375,1033.050048828125,1023.5900268554688,1028.300048828125,85122300
2021-03-04,1028.8900146484375,1032.8199462890625,1026.02001953125,1030.969970703125,111764600
2021-03-05,1042.0799560546875,1045.1700439453125,1028.68994140625,1028.8800048828125,130591800
2021-03-08,1050.219970703125,1050.43994140625,1041.050048828125,1042.0899658203125,130643000
2021-03-09,1057.6700439453125,1060.6400146484375,1050.18994140625,1050.219970703125,143406900
2021-03-10,1063.8900146484375,1064.8599853515625,1055.0699462890625,1057.6600341796875,148133900
2021-03-11,1064.2900390625,1069.6600341796875,1060.0,1063.989990234375,115930400
2021-03-12,1062.3699951171875,1065.030029296875,1057.0,1065.030029296875,93922300
2021-03-15,1064.9100341796875,1069.8399658203125,1062.4100341796875,1062.4100341796875,96602100
2021-03-16,1061.3599853515625,1067.050048828125,1060.6300048828125,1064.9100341796875,897100
2021-03-17,1057.93994140625,1065.0999755859375,1052.8299560546875,1061.3399658203125,1265300
2021-03-18,1057.800048828125,1061.949951171875,1056.260009765625,1058.010009765625,94738100
2021-03-19,1050.5400390625,1060.780029296875,1049.780029296875,1057.5,169672800
2021-03-22,1053.8699951171875,1057.0,1045.989990234375,1050.4000244140625,89430900
2021-03-23,1041.510009765625,1053.8699951171875,1037.0699462890625,1053.8199462890625,94976100
2021-03-24,1043.22998046875,1045.0,1034.0999755859375,1041.5,84237600
2021-03-25,1032.3299560546875,1044.800048828125,1026.1600341796875,1044.27001953125,98898800
2021-03-26,1050.699951171875,1052.0699462890625,1032.5899658203125,1032.5899658203125,89898400
2021-03-29,1056.8900146484375,1060.7099609375,1046.7900390625,1050.7099609375,73106200
2021-03-30,1056.0999755859375,1062.9000244140625,1055.3800048828125,1056.97998046875,81476400
2021-03-31,1058.8599853515625,1063.550048828125,1056.06005859375,1056.1500244140625,51818000
2021-04-06,1071.72998046875,1074.56005859375,1058.8599853515625,1058.8599853515625,122562200
2021-04-07,1066.1199951171875,1071.75,1064.300048828125,1071.6800537109375,82978000
2021-04-08,1063.449951171875,1071.6099853515625,1062.4100341796875,1066.1300048828125,75296800
2021-04-09,1062.9000244140625,1067.719970703125,1060.8900146484375,1064.6300048828125,93416600
2021-04-12,1056.739990234375,1062.18994140625,1054.030029296875,1062.18994140625,83723500
2021-04-13,1064.3800048828125,1066.199951171875,1053.8900146484375,1056.739990234375,83751300
2021-04-14,1065.68994140625,1068.050048828125,1062.760009765625,1064.3800048828125,76645900
2021-04-15,1072.0400390625,1075.8800048828125,1065.9200439453125,1065.9200439453125,67769500
2021-04-16,1085.4100341796875,1085.4100341796875,1072.280029296875,1073.5699462890625,111455400
2021-04-19,1077.7099609375,1089.5400390625,1076.25,1085.43994140625,61928900
2021-04-20,1061.969970703125,1082.25,1060.4100341796875,1077.7099609375,78441200
2021-04-21,1055.93994140625,1064.06005859375,1049.199951171875,1062.31005859375,85059200
2021-04-22,1069.1300048828125,1070.3499755859375,1056.22998046875,1056.31005859375,85195600
2021-04-23,1073.31005859375,1073.5999755859375,1065.8499755859375,1069.1400146484375,87621500
2021-04-26,1085.0,1085.0,1070.3499755859375,1073.5,72521500
2021-04-27,1084.1400146484375,1088.25,1080.469970703125,1085.02001953125,141767400
2021-04-28,1092.3299560546875,1093.5,1082.9200439453125,1084.6099853515625,74540600
2021-04-29,1090.6800537109375,1102.77001953125,1090.1199951171875,1092.52001953125,79152000
2021-04-30,1076.449951171875,1091.56005859375,1075.1500244140625,1090.8399658203125,86703400
2021-05-03,1085.1400146484375,1085.5899658203125,1071.449951171875,1076.6500244140625,59133100
2021-05-04,1077.010009765625,1089.72998046875,1074.469970703125,1083.8299560546875,136590700
2021-05-06,1073.8499755859375,1089.4200439453125,1068.2099609375,1082.8399658203125,137246400
2021-05-07,1092.3900146484375,1092.4300537109375,1074.75,1078.1099853515625,101810600
2021-05-10,1088.72998046875,1097.989990234375,1084.81005859375,1092.3900146484375,10560800
2021-05-12,1065.760009765625,1074.010009765625,1057.43994140625,1070.8900146484375,127528900
2021-05-14,1069.8199462890625,1070.2099609375,1053.4000244140625,1065.8299560546875,97004200
2021-05-18,1078.8499755859375,1085.050048828125,1069.8199462890625,1069.8199462890625,95389700
2021-05-19,1060.4300537109375,1078.989990234375,1057.56005859375,1078.949951171875,83845900
2021-05-20,1077.219970703125,1077.550048828125,1060.47998046875,1060.47998046875,84155300
2021-05-21,1096.9599609375,1096.97998046875,1077.43994140625,1077.43994140625,94675400
2021-05-26,1089.6700439453125,1094.4100341796875,1085.280029296875,1091.0400390625,116080300
2021-05-27,1098.8699951171875,1099.3199462890625,1088.530029296875,1090.0899658203125,223363700
2021-05-28,1112.8599853515625,1115.3499755859375,1099.6300048828125,1101.52001953125,116868900
2021-06-01,1122.8900146484375,1124.43994140625,1106.5899658203125,1106.5899658203125,133373500
2021-06-02,1124.0400390625,1131.989990234375,1122.7099609375,1123.010009765625,90525500
2021-06-03,1124.5400390625,1132.9200439453125,1116.530029296875,1124.050048828125,85842600
2021-06-04,1133.47998046875,1133.47998046875,1124.6099853515625,1124.6099853515625,79274500
2021-06-07,1131.25,1134.8599853515625,1127.1300048828125,1133.239990234375,74751600
2021-06-08,1129.010009765625,1134.2099609375,1126.81005859375,1131.280029296875,77877000
2021-06-09,1128.530029296875,1132.489990234375,1126.239990234375,1129.5699462890625,87988700
2021-06-10,1126.8900146484375,1129.6800537109375,1121.989990234375,1128.550048828125,81092000
2021-06-11,1128.6400146484375,1130.6700439453125,1124.9000244140625,1127.0899658203125,79890700
2021-06-14,1137.9100341796875,1139.47998046875,1128.6600341796875,1128.6600341796875,85251700
2021-06-15,1128.030029296875,1140.8399658203125,1125.6400146484375,1137.9100341796875,87075200
2021-06-16,1128.5999755859375,1130.97998046875,1125.6099853515625,1128.22998046875,65582100
2021-06-17,1120.6500244140625,1128.449951171875,1119.969970703125,1128.449951171875,80098200
2021-06-18,1106.739990234375,1123.219970703125,1104.8599853515625,1120.6300048828125,119149500
2021-06-21,1116.6099853515625,1116.6099853515625,1090.68994140625,1106.72998046875,86691200
2021-06-22,1124.3299560546875,1124.3499755859375,1115.8299560546875,1116.719970703125,89073300
2021-06-23,1133.1400146484375,1135.6199951171875,1124.3299560546875,1124.3299560546875,104337700
2021-06-24,1132.469970703125,1135.969970703125,1130.0699462890625,1133.1300048828125,71874000
2021-06-25,1140.030029296875,1140.030029296875,1132.239990234375,1132.239990234375,77308500
2021-06-28,1129.3299560546875,1141.43994140625,1129.1300048828125,1140.0999755859375,81000800
2021-06-29,1130.0899658203125,1136.300048828125,1128.8599853515625,1129.3399658203125,81053200
2021-06-30,1120.9599609375,1133.4100341796875,1119.5999755859375,1130.0899658203125,87569300
2021-07-01,1131.510009765625,1133.449951171875,1120.81005859375,1120.9599609375,81121200
2021-07-02,1137.06005859375,1139.27001953125,1129.4200439453125,1131.52001953125,114783100
2021-07-06,1142.3800048828125,1146.77001953125,1139.1500244140625,1143.0899658203125,80930700
2021-07-07,1140.6500244140625,1148.4300537109375,1140.1500244140625,1142.3800048828125,72550300
2021-07-08,1120.9599609375,1140.8299560546875,1120.25,1140.6500244140625,98721900
2021-07-09,1133.9599609375,1136.550048828125,1121.1700439453125,1121.1700439453125,77068200
2021-07-12,1145.0699462890625,1145.2099609375,1133.7099609375,1133.949951171875,62111300
2021-07-13,1145.7099609375,1147.760009765625,1138.8599853515625,1145.06005859375,51864800
2021-07-14,1153.1099853515625,1154.27001953125,1144.050048828125,1145.699951171875,60617500
2021-07-15,1144.43994140625,1153.1199951171875,1139.1700439453125,1153.1199951171875,80973900
2021-07-16,1131.030029296875,1148.199951171875,1131.030029296875,1144.449951171875,85695700
2021-07-19,1104.02001953125,1131.02001953125,1102.52001953125,1131.02001953125,99918900
2021-07-20,1119.5,1124.4599609375,1103.5899658203125,1104.56005859375,67505800
2021-07-21,1131.8800048828125,1133.2900390625,1119.3900146484375,1119.530029296875,63214000
2021-07-22,1132.449951171875,1136.449951171875,1129.68994140625,1132.27001953125,54050400
2021-07-23,1131.8800048828125,1136.8499755859375,1128.8800048828125,1132.5899658203125,54324100
2021-07-26,1137.5799560546875,1138.06005859375,1124.280029296875,1131.8800048828125,60702300
2021-07-27,1133.3699951171875,1137.6300048828125,1127.6700439453125,1137.52001953125,55172400
2021-07-28,1131.8399658203125,1133.780029296875,1124.6400146484375,1133.4000244140625,60037600
2021-07-29,1138.3800048828125,1141.5999755859375,1133.0799560546875,1133.0799560546875,59536500
2021-07-30,1134.280029296875,1138.3699951171875,1125.8599853515625,1138.3699951171875,80907500
2021-08-02,1142.780029296875,1144.219970703125,1134.260009765625,1134.260009765625,58917600
2021-08-03,1141.8800048828125,1145.5,1138.050048828125,1142.780029296875,50422800
2021-08-04,1149.050048828125,1150.3299560546875,1141.8900146484375,1141.8900146484375,75701000
2021-08-05,1148.3299560546875,1150.6500244140625,1145.3399658203125,1149.050048828125,71667900
2021-08-06,1145.550048828125,1150.8900146484375,1143.699951171875,1148.3199462890625,62983900
2021-08-09,1147.449951171875,1147.800048828125,1141.93994140625,1145.5400390625,60931100
2021-08-10,1154.31005859375,1155.22998046875,1147.4599609375,1147.4599609375,75333200
2021-08-11,1154.530029296875,1158.2099609375,1152.5400390625,1155.4100341796875,62578200
2021-08-12,1158.4200439453125,1160.489990234375,1153.949951171875,1154.530029296875,56699800
2021-08-13,1159.0,1160.22998046875,1155.9200439453125,1158.4300537109375,50372600
2021-08-16,1149.9100341796875,1158.449951171875,1146.8599853515625,1158.449951171875,53936300
2021-08-17,1151.72998046875,1152.81005859375,1143.31005859375,1149.9200439453125,60276600
2021-08-18,1153.3499755859375,1154.43994140625,1149.22998046875,1151.68994140625,62850200
2021-08-19,1132.56005859375,1153.1600341796875,1123.8199462890625,1153.1600341796875,93352300
2021-08-20,1133.1800537109375,1135.8599853515625,1124.1800537109375,1132.4599609375,93502700
2021-08-23,1149.010009765625,1149.010009765625,1133.3699951171875,1133.3699951171875,64060400
2021-08-24,1150.6300048828125,1153.5999755859375,1146.489990234375,1149.02001953125,54948400
2021-08-25,1155.739990234375,1157.1800537109375,1149.8699951171875,1150.6400146484375,52678100
2021-08-26,1157.8699951171875,1158.739990234375,1147.18994140625,1155.8599853515625,47655000
2021-08-27,1164.5799560546875,1164.5899658203125,1155.2900390625,1157.8599853515625,86331400
2021-08-30,1158.969970703125,1168.6800537109375,1157.81005859375,1164.5899658203125,49664900
2021-08-31,1141.8599853515625,1164.1700439453125,1141.8599853515625,1159.0,106857300
2021-09-01,1150.93994140625,1154.6199951171875,1141.97998046875,1142.0699462890625,82069600
2021-09-02,1168.75,1168.75,1150.1600341796875,1150.93994140625,179596400
2021-09-03,1161.8599853515625,1170.8900146484375,1159.4300537109375,1169.030029296875,72245900
2021-09-06,1175.030029296875,1175.030029296875,1161.6300048828125,1161.8699951171875,65171900
2021-09-07,1166.0799560546875,1176.6500244140625,1164.989990234375,1174.989990234375,67300100
2021-09-08,1162.43994140625,1166.3900146484375,1154.260009765625,1166.1099853515625,67416700
2021-09-09,1153.0699462890625,1162.6800537109375,1150.3399658203125,1162.6800537109375,76546500
2021-09-10,1152.02001953125,1158.280029296875,1151.219970703125,1153.0799560546875,50620700
2021-09-13,1149.8399658203125,1158.3699951171875,1149.8399658203125,1152.030029296875,59430200
2021-09-14,1147.02001953125,1153.93994140625,1145.760009765625,1149.8499755859375,67818400
2021-09-15,1150.489990234375,1157.1199951171875,1146.8499755859375,1146.969970703125,102328000
2021-09-16,1149.6700439453125,1158.9599609375,1148.050048828125,1149.6300048828125,79170600
2021-09-17,1141.1700439453125,1155.8199462890625,1140.9599609375,1149.6600341796875,166488700
2021-09-20,1114.3199462890625,1141.18994140625,1104.5,1141.18994140625,131348500
2021-09-21,1120.469970703125,1131.9000244140625,1114.3699951171875,1114.3699951171875,88954600
2021-09-22,1141.510009765625,1142.1800537109375,1120.4599609375,1120.4599609375,75848500
2021-09-23,1157.6400146484375,1158.93994140625,1141.530029296875,1141.530029296875,87427300
2021-09-24,1155.0,1157.6300048828125,1148.4200439453125,1157.4599609375,81820400
2021-09-27,1159.1400146484375,1162.9000244140625,1154.0400390625,1155.02001953125,88848500
2021-09-28,1151.1400146484375,1161.1700439453125,1151.0999755859375,1159.1400146484375,88257000
2021-09-29,1154.0,1156.8900146484375,1147.6300048828125,1151.1500244140625,70393700
2021-09-30,1163.3199462890625,1172.4599609375,1153.969970703125,1153.969970703125,83153600
2021-10-01,1164.4300537109375,1169.0400390625,1143.030029296875,1163.3499755859375,83681500
2021-10-04,1168.1199951171875,1173.3599853515625,1161.5899658203125,1164.719970703125,78721900
2021-10-05,1174.1199951171875,1174.56005859375,1156.3900146484375,1167.760009765625,84967000
2021-10-06,1154.81005859375,1175.3199462890625,1150.449951171875,1174.5400390625,91424700
2021-10-07,1161.1700439453125,1166.6600341796875,1150.02001953125,1156.6500244140625,74834700
2021-10-08,1167.3499755859375,1167.780029296875,1160.8800048828125,1161.1700439453125,89384400
2021-10-11,1173.030029296875,1174.9300537109375,1166.6700439453125,1167.3599853515625,73406800
2021-10-12,1175.469970703125,1177.0899658203125,1160.800048828125,1173.010009765625,60535900
2021-10-13,1184.2900390625,1184.93994140625,1167.8299560546875,1175.489990234375,80346800
2021-10-14,1200.02001953125,1200.3800048828125,1184.25,1184.25,84678600
2021-10-15,1197.5699462890625,1204.280029296875,1192.9000244140625,1200.0400390625,83927800
2021-10-18,1204.1700439453125,1210.3800048828125,1195.97998046875,1197.9200439453125,65343800
2021-10-19,1207.0899658203125,1213.93994140625,1202.4000244140625,1204.699951171875,75291300
2021-10-20,1217.469970703125,1217.469970703125,1206.0999755859375,1207.0999755859375,88896400
2021-10-21,1213.9200439453125,1221.510009765625,1206.699951171875,1217.4599609375,103692500
2021-10-22,1217.7099609375,1218.489990234375,1205.9599609375,1213.989990234375,78146400
2021-10-25,1215.0999755859375,1218.9300537109375,1212.719970703125,1217.8599853515625,65473000
2021-10-26,1215.739990234375,1217.7900390625,1209.0400390625,1215.1700439453125,83558600
2021-10-27,1211.8699951171875,1215.6700439453125,1199.0799560546875,1215.6700439453125,93186200
2021-10-28,1202.0899658203125,1218.1300048828125,1193.4000244140625,1217.8199462890625,97245900
2021-10-29,1192.780029296875,1211.0899658203125,1192.3800048828125,1202.0699462890625,183677400
2021-11-01,1210.8299560546875,1210.8299560546875,1192.5400390625,1192.6300048828125,136430700
2021-11-02,1207.0699462890625,1211.0899658203125,1198.1500244140625,1211.0899658203125,100433600
2021-11-03,1216.25,1216.989990234375,1204.780029296875,1207.1099853515625,98087400
2021-11-04,1224.68994140625,1228.0,1216.3699951171875,1216.3699951171875,110115400
2021-11-05,1232.47998046875,1232.47998046875,1218.5400390625,1224.8299560546875,84444100
2021-11-08,1237.3800048828125,1238.1500244140625,1230.1300048828125,1232.6800537109375,66263100
2021-11-09,1227.030029296875,1239.8800048828125,1226.0799560546875,1237.449951171875,80908100
2021-11-10,1232.260009765625,1232.6500244140625,1222.8399658203125,1227.2900390625,73701500
2021-11-11,1234.8299560546875,1234.9100341796875,1218.6199951171875,1233.510009765625,105793900
2021-11-12,1233.4300537109375,1238.06005859375,1227.93994140625,1234.969970703125,71781700
2021-11-15,1233.239990234375,1234.0,1228.31005859375,1233.56005859375,64451100
2021-11-16,1236.989990234375,1243.0,1231.3299560546875,1233.22998046875,69545600
2021-11-17,1235.6099853515625,1237.3499755859375,1226.4100341796875,1237.010009765625,69296500
2021-11-18,1220.0400390625,1235.5899658203125,1220.0400390625,1235.5899658203125,100200100
2021-11-19,1222.800048828125,1233.5,1213.739990234375,1220.52001953125,113528500
2021-11-22,1225.9200439453125,1229.1700439453125,1220.27001953125,1222.800048828125,74688200
2021-11-23,1217.8499755859375,1225.7900390625,1200.2099609375,1225.7900390625,71145400
2021-11-24,1212.0799560546875,1218.800048828125,1202.77001953125,1218.1400146484375,75784200
2021-11-25,1213.719970703125,1214.989990234375,1209.0699462890625,1211.7900390625,59945600
2021-11-26,1174.9300537109375,1212.010009765625,1170.1300048828125,1211.969970703125,113091200
2021-11-29,1188.2900390625,1192.5699462890625,1174.8900146484375,1174.8900146484375,82548100
2021-11-30,1181.27001953125,1188.2900390625,1166.8699951171875,1188.2900390625,145434200
2021-12-01,1189.6800537109375,1193.6600341796875,1181.4599609375,1181.4599609375,73289200
2021-12-02,1178.2900390625,1189.7099609375,1167.4000244140625,1189.7099609375,67837300
2021-12-03,1174.739990234375,1189.18994140625,1172.1300048828125,1178.3499755859375,75429200
2021-12-06,1170.1800537109375,1179.0899658203125,1166.1800537109375,1174.760009765625,80137300
2021-12-07,1199.43994140625,1199.9100341796875,1170.3299560546875,1170.3299560546875,76953700
2021-12-08,1197.9200439453125,1209.68994140625,1197.0899658203125,1200.0,88063700
2021-12-09,1188.3199462890625,1201.989990234375,1184.4300537109375,1197.9599609375,78173900
2021-12-10,1184.8900146484375,1191.0400390625,1183.030029296875,1187.989990234375,58488900
2021-12-13,1175.56005859375,1197.3199462890625,1175.5,1184.8800048828125,73914600
2021-12-14,1159.8599853515625,1179.8199462890625,1155.739990234375,1175.530029296875,75576100
2021-12-15,1153.6099853515625,1166.0699462890625,1153.6099853515625,1159.8599853515625,58597100
2021-12-16,1177.6099853515625,1179.699951171875,1154.8900146484375,1154.8900146484375,75639100
2021-12-17,1168.4599609375,1177.56005859375,1166.6400146484375,1177.56005859375,93769200
2021-12-20,1160.72998046875,1168.25,1148.72998046875,1168.25,63314200
2021-12-21,1185.260009765625,1185.47998046875,1160.81005859375,1160.81005859375,65664500
2021-12-22,1185.8800048828125,1189.739990234375,1177.719970703125,1185.3199462890625,57560000
2021-12-23,1195.4200439453125,1195.9300537109375,1186.0999755859375,1186.0999755859375,68161200
2021-12-27,1200.300048828125,1200.300048828125,1190.9300537109375,1195.4200439453125,42629500
2021-12-28,1204.760009765625,1206.3399658203125,1200.3199462890625,1200.3199462890625,45583900
2021-12-29,1199.3399658203125,1205.219970703125,1195.010009765625,1204.9100341796875,39164000
2021-12-30,1201.4300537109375,1202.050048828125,1193.6199951171875,1199.3199462890625,47799100
2022-01-03,1211.3199462890625,1212.3299560546875,1198.8399658203125,1201.469970703125,61745600
2022-01-04,1213.5400390625,1219.0899658203125,1211.3299560546875,1211.3299560546875,85901700
2022-01-05,1221.199951171875,1221.239990234375,1211.6099853515625,1213.530029296875,72662400
2022-01-06,1204.43994140625,1221.1400146484375,1201.3499755859375,1221.1400146484375,94245700
2022-01-07,1207.9300537109375,1214.4200439453125,1202.699951171875,1205.1400146484375,86839100
2022-01-10,1190.1300048828125,1212.5899658203125,1190.1300048828125,1207.9100341796875,84017300
2022-01-11,1196.97998046875,1200.22998046875,1190.75,1190.75,66143000
2022-01-12,1216.0400390625,1216.97998046875,1196.97998046875,1196.97998046875,69749100
2022-01-13,1215.530029296875,1219.72998046875,1214.6099853515625,1216.0699462890625,59161000
2022-01-14,1218.949951171875,1223.9100341796875,1213.25,1215.5400390625,65439900
2022-01-17,1217.6300048828125,1224.72998046875,1215.6199951171875,1218.949951171875,49682700
2022-01-18,1215.4300537109375,1220.77001953125,1207.219970703125,1217.6300048828125,74029600
2022-01-19,1205.4100341796875,1215.3699951171875,1201.5899658203125,1215.3699951171875,86737800
2022-01-20,1205.030029296875,1210.8699951171875,1197.6099853515625,1205.4200439453125,80625200
2022-01-21,1182.75,1205.030029296875,1182.72998046875,1205.030029296875,70418600
2022-01-24,1142.0,1188.4100341796875,1141.219970703125,1182.800048828125,107926900
2022-01-25,1151.77001953125,1164.219970703125,1142.0400390625,1142.0400390625,91369500
2022-01-26,1184.22998046875,1188.239990234375,1152.2099609375,1152.2099609375,90844400
2022-01-27,1182.8900146484375,1189.280029296875,1165.6400146484375,1184.1400146484375,92615900
2022-01-28,1170.0799560546875,1183.6500244140625,1158.3399658203125,1182.8900146484375,78852800
2022-01-31,1174.8599853515625,1183.4300537109375,1169.8299560546875,1170.3900146484375,71804800
2022-02-01,1190.8299560546875,1190.8299560546875,1175.030029296875,1175.030029296875,68435900
2022-02-02,1197.3900146484375,1203.0799560546875,1190.9000244140625,1190.9000244140625,96810700
2022-02-03,1185.9000244140625,1198.199951171875,1182.81005859375,1197.3599853515625,64768100
2022-02-04,1192.489990234375,1196.22998046875,1177.9100341796875,1185.9000244140625,87379000
2022-02-07,1204.199951171875,1204.550048828125,1187.43994140625,1193.1300048828125,63766300
2022-02-08,1190.530029296875,1205.6199951171875,1185.510009765625,1204.219970703125,67998800
2022-02-09,1203.6400146484375,1211.1600341796875,1190.43994140625,1190.5,79682700
2022-02-10,1206.469970703125,1211.1400146484375,1198.3299560546875,1203.6400146484375,87263700
2022-02-11,1213.6700439453125,1216.9100341796875,1193.0,1207.5,66635400
2022-02-14,1198.68994140625,1218.47998046875,1195.5799560546875,1213.6700439453125,98059500
2022-02-15,1191.1099853515625,1202.2099609375,1187.0699462890625,1198.739990234375,72648000
2022-02-16,1201.050048828125,1203.18994140625,1191.1099853515625,1191.1099853515625,73072900
2022-02-17,1193.6600341796875,1206.1300048828125,1193.1400146484375,1201.5400390625,94756200
2022-02-18,1188.93994140625,1194.9000244140625,1180.8299560546875,1193.699951171875,82537000
2022-02-21,1183.3499755859375,1190.1600341796875,1170.9300537109375,1188.969970703125,85382200
2022-02-22,1179.8399658203125,1191.8199462890625,1166.4000244140625,1183.3499755859375,83672300
2022-02-23,1188.3599853515625,1190.449951171875,1176.719970703125,1179.8699951171875,65408900
2022-02-24,1174.3399658203125,1188.239990234375,1159.050048828125,1188.239990234375,133502000
2022-02-25,1185.9100341796875,1188.3499755859375,1171.6300048828125,1174.739990234375,103397500
2022-02-28,1202.1700439453125,1202.1700439453125,1181.3599853515625,1185.9200439453125,123367500
2022-03-01,1222.77001953125,1227.219970703125,1200.7900390625,1202.3299560546875,123023300
2022-03-02,1228.6700439453125,1246.0699462890625,1221.1500244140625,1223.3399658203125,117746300
2022-03-03,1213.1700439453125,1244.489990234375,1208.989990234375,1228.6400146484375,104481200
2022-03-04,1190.4000244140625,1213.25,1182.3299560546875,1213.25,97232400
2022-03-07,1181.1400146484375,1197.699951171875,1174.81005859375,1190.8699951171875,136522700
2022-03-08,1183.510009765625,1198.1099853515625,1173.4200439453125,1180.800048828125,136623900
2022-03-09,1191.739990234375,1198.75,1183.260009765625,1184.010009765625,146967900
2022-03-10,1193.6199951171875,1204.9100341796875,1187.550048828125,1192.030029296875,110932500
2022-03-11,1194.2900390625,1215.06005859375,1192.4599609375,1193.6600341796875,114556400
2022-03-14,1199.030029296875,1200.8499755859375,1188.31005859375,1194.3800048828125,96903800
2022-03-15,1180.1500244140625,1199.3900146484375,1170.469970703125,1199.010009765625,110373900
2022-03-16,1213.5400390625,1214.3499755859375,1180.489990234375,1180.489990234375,98156300
2022-03-17,1226.5799560546875,1231.3599853515625,1216.699951171875,1216.699951171875,84946800
2022-03-18,1228.5400390625,1233.780029296875,1225.530029296875,1226.5899658203125,123958400
2022-03-21,1258.5999755859375,1258.760009765625,1228.6300048828125,1228.7099609375,90239000
2022-03-22,1263.4300537109375,1268.5999755859375,1254.3699951171875,1258.68994140625,67853600
2022-03-23,1261.449951171875,1271.2900390625,1255.969970703125,1263.4599609375,101126500
2022-03-24,1256.8699951171875,1265.3299560546875,1253.5899658203125,1261.6400146484375,144255300
2022-03-25,1261.530029296875,1264.8299560546875,1251.22998046875,1257.9599609375,78766200
2022-03-28,1261.719970703125,1266.4100341796875,1256.7099609375,1261.7900390625,75417700
2022-03-29,1246.5699462890625,1273.760009765625,1237.7900390625,1261.699951171875,99026500
2022-03-30,1273.8199462890625,1274.3699951171875,1246.4100341796875,1246.4100341796875,78180600
2022-03-31,1261.3499755859375,1273.7900390625,1259.43994140625,1273.7900390625,81528700
2022-04-01,1269.8399658203125,1272.3199462890625,1254.8900146484375,1261.3199462890625,77937600
2022-04-04,1264.5699462890625,1274.1099853515625,1264.2900390625,1269.81005859375,68779900
2022-04-05,1266.0,1270.5899658203125,1260.8599853515625,1264.56005859375,79959500
2022-04-06,1259.260009765625,1268.27001953125,1250.8599853515625,1265.8900146484375,95253000
2022-04-07,1254.6600341796875,1261.1500244140625,1249.52001953125,1260.6300048828125,74376000
2022-04-08,1276.6199951171875,1280.2900390625,1255.010009765625,1255.010009765625,103513800
2022-04-11,1263.6300048828125,1279.739990234375,1262.6400146484375,1276.6300048828125,71723600
2022-04-12,1265.0999755859375,1272.8900146484375,1256.4300537109375,1263.5799560546875,69580800
2022-04-13,1283.1300048828125,1284.8299560546875,1265.9300537109375,1265.97998046875,57033900
2022-04-19,1279.0699462890625,1291.2099609375,1271.219970703125,1283.1700439453125,81660900
2022-04-20,1280.8299560546875,1284.06005859375,1272.31005859375,1279.0699462890625,85338400
2022-04-21,1285.2099609375,1287.4300537109375,1276.969970703125,1282.3900146484375,71738600
2022-04-22,1263.8800048828125,1285.3399658203125,1262.260009765625,1285.3399658203125,74057200
2022-04-25,1226.1099853515625,1263.9599609375,1218.3199462890625,1263.9599609375,85224900
2022-04-26,1226.6800537109375,1238.1700439453125,1217.52001953125,1226.22998046875,77039200
2022-04-27,1239.4100341796875,1244.300048828125,1229.469970703125,1233.5,91634300
2022-04-28,1234.469970703125,1251.5799560546875,1231.469970703125,1240.239990234375,93945800
2022-04-29,1239.8199462890625,1251.1600341796875,1231.93994140625,1235.6800537109375,83741100
2022-05-02,1218.3599853515625,1240.3299560546875,1179.969970703125,1240.3299560546875,101765900
2022-05-03,1231.9000244140625,1231.9000244140625,1210.030029296875,1218.97998046875,70001800
2022-05-04,1240.449951171875,1250.1500244140625,1223.2099609375,1232.050048828125,96988400
2022-05-05,1234.4100341796875,1259.6300048828125,1234.3800048828125,1240.75,75102000
2022-05-06,1213.8399658203125,1234.010009765625,1206.0400390625,1234.010009765625,103687600
2022-05-09,1177.4100341796875,1213.9599609375,1177.280029296875,1213.8399658203125,91976200
2022-05-10,1178.510009765625,1182.47998046875,1156.9000244140625,1177.449951171875,107220800
2022-05-11,1193.27001953125,1194.4000244140625,1176.93994140625,1185.6500244140625,109762500
2022-05-12,1186.719970703125,1197.719970703125,1169.489990234375,1197.719970703125,103654100
2022-05-13,1214.72998046875,1216.1700439453125,1186.9100341796875,1186.9100341796875,135794800
2022-05-16,1219.43994140625,1221.260009765625,1209.719970703125,1215.02001953125,83748900
2022-05-18,1238.550048828125,1244.3900146484375,1219.5799560546875,1219.5799560546875,112280400
2022-05-19,1223.25,1238.47998046875,1212.4000244140625,1238.47998046875,101784100
2022-05-20,1238.1199951171875,1241.4200439453125,1223.8299560546875,1223.8299560546875,87869600
2022-05-23,1246.97998046875,1248.4300537109375,1234.1700439453125,1238.18994140625,67571300
2022-05-24,1244.1199951171875,1251.8299560546875,1240.530029296875,1247.9100341796875,70040300
2022-05-25,1261.77001953125,1262.0400390625,1244.3299560546875,1244.3299560546875,93522900
2022-05-27,1276.5400390625,1281.27001953125,1261.6700439453125,1261.8900146484375,99032100
2022-05-30,1275.6400146484375,1290.1700439453125,1271.4000244140625,1276.6600341796875,87718600
2022-05-31,1287.3900146484375,1290.949951171875,1274.5,1275.3599853515625,162167600
2022-06-01,1269.239990234375,1288.8900146484375,1267.9300537109375,1287.4100341796875,79182300
2022-06-02,1266.1800537109375,1269.18994140625,1260.550048828125,1269.18994140625,86266100
2022-06-03,1266.5899658203125,1274.050048828125,1260.3599853515625,1266.260009765625,55366700
2022-06-07,1270.7099609375,1270.7099609375,1257.0400390625,1266.5899658203125,83605600
2022-06-08,1268.6300048828125,1277.280029296875,1264.0999755859375,1270.7099609375,94471600
2022-06-09,1261.0,1271.97998046875,1255.5400390625,1269.489990234375,82591500
2022-06-10,1232.6700439453125,1260.989990234375,1230.8199462890625,1260.989990234375,99111100
2022-06-13,1194.0400390625,1232.6600341796875,1192.5400390625,1232.6600341796875,99255600
2022-06-14,1215.6600341796875,1219.449951171875,1189.1199951171875,1194.1500244140625,88572000
2022-06-15,1223.4300537109375,1225.68994140625,1194.3800048828125,1215.719970703125,90532500
2022-06-16,1191.8399658203125,1229.0999755859375,1189.9100341796875,1223.5400390625,87151900
2022-06-17,1195.9300537109375,1216.75,1182.0699462890625,1191.8499755859375,127459100
2022-06-20,1214.530029296875,1214.7900390625,1185.81005859375,1195.93994140625,60208800
2022-06-21,1198.8199462890625,1223.9000244140625,1198.8199462890625,1214.77001953125,69816000
2022-06-22,1163.5699462890625,1198.7099609375,1159.9599609375,1198.5799560546875,94924000
2022-06-23,1154.27001953125,1172.1199951171875,1144.97998046875,1163.780029296875,83558500
2022-06-24,1161.219970703125,1162.239990234375,1150.1500244140625,1154.5,84213300
2022-06-27,1182.0999755859375,1185.1600341796875,1161.22998046875,1161.22998046875,77583300
2022-06-28,1207.5699462890625,1208.0999755859375,1182.0999755859375,1182.0999755859375,77461200
2022-06-29,1197.47998046875,1211.0799560546875,1196.199951171875,1207.5799560546875,77767800
2022-06-30,1170.280029296875,1196.97998046875,1168.52001953125,1196.9100341796875,100663100
2022-07-01,1163.5699462890625,1179.1800537109375,1162.010009765625,1170.27001953125,72997700
2022-07-04,1195.1700439453125,1196.4100341796875,1163.5699462890625,1163.5699462890625,61507700
2022-07-05,1168.550048828125,1198.6199951171875,1164.25,1195.18994140625,79307400
2022-07-06,1159.550048828125,1182.6300048828125,1159.550048828125,1168.550048828125,97560300
2022-07-07,1195.3299560546875,1200.699951171875,1159.7099609375,1159.7099609375,73535700
2022-07-08,1186.43994140625,1203.3299560546875,1182.3699951171875,1195.280029296875,63531100
2022-07-11,1193.3900146484375,1203.739990234375,1175.260009765625,1186.47998046875,62668000
2022-07-12,1192.06005859375,1199.3900146484375,1188.469970703125,1193.43994140625,58584000
2022-07-13,1178.739990234375,1201.4100341796875,1176.1300048828125,1192.0999755859375,60637600
2022-07-14,1151.22998046875,1190.72998046875,1149.5400390625,1178.800048828125,70087600
2022-07-15,1159.9599609375,1162.8699951171875,1144.9200439453125,1151.75,71270600
2022-07-18,1193.8800048828125,1194.949951171875,1159.9300537109375,1160.0,85715100
2022-07-19,1196.75,1196.75,1184.8199462890625,1193.8499755859375,81298800
2022-07-20,1206.449951171875,1209.25,1196.72998046875,1196.72998046875,66559200
2022-07-21,1185.1199951171875,1206.489990234375,1182.75,1206.489990234375,64201300
2022-07-22,1204.0,1207.9100341796875,1185.1700439453125,1185.1700439453125,61290100
2022-07-25,1202.3599853515625,1204.0,1190.81005859375,1204.0,48644900
2022-07-26,1210.1300048828125,1218.739990234375,1202.3599853515625,1202.3599853515625,53843500
2022-07-27,1217.1300048828125,1222.6600341796875,1210.0999755859375,1210.1300048828125,44552600
2022-07-28,1224.52001953125,1236.739990234375,1217.1300048828125,1217.280029296875,71009400
2022-07-29,1253.1800537109375,1253.18994140625,1224.5999755859375,1224.6700439453125,77232400
2022-08-01,1241.550048828125,1263.6099853515625,1238.8599853515625,1253.1800537109375,70762700
2022-08-02,1248.449951171875,1253.1700439453125,1236.6500244140625,1241.3399658203125,61471800
2022-08-03,1247.4300537109375,1257.260009765625,1243.9200439453125,1248.469970703125,71831400
2022-08-04,1241.1800537109375,1254.6700439453125,1236.9100341796875,1247.510009765625,70587600
2022-08-05,1245.1800537109375,1246.1199951171875,1227.9100341796875,1241.199951171875,77286700
2022-08-08,1243.800048828125,1253.2099609375,1233.510009765625,1245.199951171875,68019600
2022-08-09,1255.0400390625,1255.5999755859375,1238.8699951171875,1243.77001953125,89281300
2022-08-10,1248.469970703125,1255.06005859375,1240.0699462890625,1254.6199951171875,78278600
2022-08-11,1266.5899658203125,1267.949951171875,1250.0999755859375,1250.0999755859375,94290700
2022-08-12,1261.75,1270.25,1261.300048828125,1266.5400390625,100644500
2022-08-15,1250.3399658203125,1270.27001953125,1243.719970703125,1266.1300048828125,75421400
2022-08-16,1266.1800537109375,1267.2900390625,1250.9300537109375,1250.9300537109375,74353200
2022-08-17,1257.030029296875,1266.2900390625,1249.6099853515625,1266.239990234375,89094500
2022-08-18,1265.68994140625,1267.6099853515625,1251.949951171875,1257.02001953125,109742100
2022-08-19,1269.0400390625,1273.260009765625,1260.81005859375,1265.6300048828125,89320300
2022-08-22,1262.5699462890625,1271.93994140625,1255.6600341796875,1269.0400390625,86043100
2022-08-23,1278.0799560546875,1278.4000244140625,1261.56005859375,1262.5799560546875,69691900
2022-08-24,1280.18994140625,1282.719970703125,1270.4000244140625,1274.75,65562900
2022-08-25,1281.3299560546875,1290.0999755859375,1276.0,1280.239990234375,94959000
2022-08-26,1276.0999755859375,1288.510009765625,1273.780029296875,1281.3399658203125,92472200
2022-08-29,1260.0699462890625,1275.5799560546875,1245.0,1275.5799560546875,85197300
2022-08-30,1244.6300048828125,1269.699951171875,1244.280029296875,1261.1300048828125,67322900
2022-08-31,1248.6700439453125,1248.9200439453125,1230.5999755859375,1244.6199951171875,88851100
2022-09-01,1234.6099853515625,1248.699951171875,1225.510009765625,1248.699951171875,80383000
2022-09-02,1237.6700439453125,1239.2099609375,1224.22998046875,1235.3199462890625,63108300
2022-09-05,1247.699951171875,1252.050048828125,1237.489990234375,1237.72998046875,59786500
2022-09-06,1206.8499755859375,1248.02001953125,1205.8800048828125,1248.02001953125,72974600
2022-09-07,1179.27001953125,1207.0,1175.4300537109375,1207.0,80120400
2022-09-08,1185.9100341796875,1194.3499755859375,1176.3699951171875,1179.3199462890625,63533000
2022-09-09,1207.6099853515625,1213.989990234375,1186.1600341796875,1186.1600341796875,84930400
2022-09-12,1219.5999755859375,1220.06005859375,1205.4200439453125,1207.6199951171875,63401900
2022-09-13,1217.469970703125,1228.8499755859375,1205.4300537109375,1219.4200439453125,79422400
2022-09-14,1209.77001953125,1217.3900146484375,1201.81005859375,1217.3900146484375,94987900
2022-09-15,1204.3900146484375,1218.1400146484375,1200.22998046875,1209.969970703125,59619900
2022-09-16,1175.1500244140625,1204.4100341796875,1172.22998046875,1204.4100341796875,167077900
2022-09-19,1166.6600341796875,1175.0899658203125,1133.75,1175.0699462890625,90132800
2022-09-20,1155.72998046875,1175.8399658203125,1152.9599609375,1166.6600341796875,76103500
2022-09-21,1163.22998046875,1181.5400390625,1155.719970703125,1155.719970703125,76196200
2022-09-22,1159.050048828125,1166.760009765625,1149.5899658203125,1163.739990234375,65155200
2022-09-23,1112.199951171875,1159.5699462890625,1112.199951171875,1159.0400390625,140788500
2022-09-26,1117.280029296875,1118.4599609375,1094.8599853515625,1111.9599609375,77560800
2022-09-27,1128.0699462890625,1129.5400390625,1115.25,1117.280029296875,75176300
2022-09-28,1096.9599609375,1128.0799560546875,1081.449951171875,1128.0799560546875,125987000
2022-09-29,1079.6400146484375,1103.239990234375,1077.77001953125,1097.0400390625,98258400
2022-09-30,1102.7900390625,1106.97998046875,1079.5999755859375,1079.5999755859375,96058600
2022-10-03,1130.7099609375,1133.550048828125,1102.800048828125,1102.8199462890625,84159200
2022-10-04,1144.27001953125,1149.780029296875,1130.760009765625,1130.800048828125,83908500
2022-10-05,1135.5400390625,1147.3299560546875,1130.1300048828125,1144.4000244140625,69986600
2022-10-06,1134.0400390625,1144.4100341796875,1129.4200439453125,1137.47998046875,85835200
2022-10-07,1136.4300537109375,1140.5899658203125,1128.699951171875,1134.030029296875,73213900
2022-10-10,1134.8900146484375,1138.969970703125,1117.949951171875,1136.4300537109375,65931600
2022-10-11,1117.4599609375,1134.9000244140625,1107.47998046875,1134.9000244140625,89055600
2022-10-12,1107.239990234375,1124.77001953125,1103.239990234375,1117.530029296875,72285900
2022-10-13,1121.56005859375,1127.199951171875,1105.2900390625,1107.22998046875,113890800
2022-10-14,1113.199951171875,1142.3599853515625,1113.199951171875,1121.6800537109375,75436300
2022-10-17,1125.4599609375,1126.989990234375,1111.300048828125,1113.27001953125,74606600
2022-10-18,1135.780029296875,1139.31005859375,1125.530029296875,1125.530029296875,88267100
2022-10-19,1133.6099853515625,1138.27001953125,1125.56005859375,1135.800048828125,71358000
2022-10-20,1141.4000244140625,1141.530029296875,1125.22998046875,1133.5899658203125,139863300
2022-10-21,1131.550048828125,1141.719970703125,1123.4100341796875,1141.469970703125,94351000
2022-10-24,1134.4000244140625,1139.2900390625,1119.4100341796875,1131.56005859375,80201900
2022-10-25,1139.469970703125,1140.260009765625,1119.6099853515625,1134.6700439453125,86249000
2022-10-26,1152.219970703125,1153.25,1128.8299560546875,1139.52001953125,103112200
2022-10-27,1165.06005859375,1165.81005859375,1148.050048828125,1152.1300048828125,94662300
2022-10-28,1164.489990234375,1175.719970703125,1149.2099609375,1165.0400390625,76136000
2022-10-31,1175.449951171875,1177.780029296875,1160.8900146484375,1165.68994140625,75288800
2022-11-01,1190.6099853515625,1195.31005859375,1175.4100341796875,1175.4100341796875,92100600
2022-11-02,1185.4200439453125,1200.9300537109375,1180.1400146484375,1190.9300537109375,95584900
2022-11-03,1188.4200439453125,1188.77001953125,1171.969970703125,1185.530029296875,123943500
2022-11-04,1199.27001953125,1205.25,1188.43994140625,1188.43994140625,81610100
2022-11-07,1202.739990234375,1206.0699462890625,1193.760009765625,1199.2900390625,60747800
2022-11-08,1197.1300048828125,1203.25,1193.739990234375,1203.06005859375,71420200
2022-11-09,1189.93994140625,1202.1700439453125,1187.3599853515625,1197.199951171875,68986900
2022-11-10,1190.010009765625,1193.6700439453125,1167.1300048828125,1189.9000244140625,102232600
2022-11-11,1196.2099609375,1201.3900146484375,1190.9300537109375,1191.780029296875,91619400
2022-11-14,1199.719970703125,1200.739990234375,1188.77001953125,1196.260009765625,57364900
2022-11-15,1200.8299560546875,1205.6400146484375,1189.3499755859375,1194.8499755859375,68510600
2022-11-16,1194.5699462890625,1211.3699951171875,1192.5799560546875,1200.8599853515625,94970600
2022-11-17,1181.219970703125,1195.5,1174.27001953125,1194.31005859375,76995600
2022-11-18,1176.510009765625,1190.22998046875,1171.989990234375,1181.8199462890625,69171400
2022-11-21,1169.0899658203125,1182.969970703125,1167.8299560546875,1176.6600341796875,57780200
2022-11-22,1193.22998046875,1194.7099609375,1169.280029296875,1169.280029296875,60516500
2022-11-23,1201.22998046875,1207.47998046875,1190.6300048828125,1193.5,64719800
2022-11-24,1214.3699951171875,1214.5699462890625,1198.449951171875,1201.27001953125,63058300
2022-11-25,1215.510009765625,1219.3800048828125,1211.010009765625,1214.8900146484375,52501800
2022-11-28,1200.9599609375,1215.4000244140625,1193.199951171875,1215.4000244140625,52745000
2022-11-29,1217.3699951171875,1217.969970703125,1201.0899658203125,1201.0899658203125,79513900
2022-11-30,1220.760009765625,1223.489990234375,1214.5799560546875,1217.550048828125,140535000
2022-12-01,1222.56005859375,1229.0699462890625,1219.81005859375,1220.760009765625,93085700
2022-12-02,1210.0400390625,1222.5999755859375,1203.22998046875,1222.5999755859375,58216000
2022-12-05,1212.760009765625,1219.510009765625,1206.27001953125,1209.97998046875,56103200
2022-12-06,1202.3199462890625,1212.760009765625,1195.1700439453125,1212.760009765625,48686300
2022-12-07,1182.8399658203125,1202.300048828125,1179.469970703125,1202.300048828125,58719500
2022-12-08,1190.02001953125,1193.3199462890625,1182.7099609375,1182.7099609375,48427900
2022-12-09,1196.530029296875,1198.27001953125,1180.97998046875,1190.0400390625,57059500
2022-12-12,1196.1400146484375,1197.6099853515625,1188.0699462890625,1196.47998046875,60208700
2022-12-13,1217.030029296875,1224.1600341796875,1196.1099853515625,1196.1099853515625,76418400
2022-12-14,1202.8800048828125,1216.760009765625,1202.8800048828125,1216.72998046875,63253400
2022-12-15,1195.3199462890625,1206.4599609375,1191.1800537109375,1202.739990234375,66256100
2022-12-16,1180.7900390625,1195.5899658203125,1176.239990234375,1195.2099609375,105094100
2022-12-19,1186.800048828125,1192.699951171875,1180.97998046875,1180.97998046875,63020500
2022-12-20,1185.5899658203125,1188.6099853515625,1172.0699462890625,1187.02001953125,73869000
2022-12-21,1200.1500244140625,1204.239990234375,1184.8800048828125,1185.449951171875,71641700
2022-12-22,1196.5,1215.0999755859375,1195.739990234375,1200.1800537109375,58775900
2022-12-23,1199.7099609375,1200.52001953125,1193.300048828125,1196.5,55438400
2022-12-27,1199.949951171875,1211.22998046875,1197.7900390625,1199.8800048828125,38122800
2022-12-28,1190.800048828125,1203.0,1190.030029296875,1197.989990234375,42876000
2022-12-29,1197.77001953125,1198.199951171875,1183.9100341796875,1190.800048828125,41259000
2022-12-30,1189.0,1197.68994140625,1187.6600341796875,1197.68994140625,41728600
2023-01-02,1197.0999755859375,1201.68994140625,1189.050048828125,1189.050048828125,36850800
2023-01-03,1182.9599609375,1207.31005859375,1182.469970703125,1197.0999755859375,61285600
2023-01-04,1165.219970703125,1183.280029296875,1163.0400390625,1182.9599609375,81653000
2023-01-05,1173.780029296875,1176.1300048828125,1165.050048828125,1165.239990234375,67045100
2023-01-06,1185.8199462890625,1189.5,1171.18994140625,1173.780029296875,68500300
2023-01-09,1194.1500244140625,1203.760009765625,1187.4599609375,1187.4599609375,69399400
2023-01-10,1184.780029296875,1192.97998046875,1181.0400390625,1192.43994140625,77767600
2023-01-11,1182.9599609375,1188.989990234375,1179.530029296875,1184.81005859375,74535300
2023-01-12,1194.4000244140625,1197.2900390625,1182.97998046875,1182.97998046875,90628600
2023-01-13,1192.510009765625,1199.989990234375,1189.739990234375,1194.4200439453125,65877500
2023-01-16,1186.6199951171875,1196.0999755859375,1181.2900390625,1192.510009765625,58914900
2023-01-17,1196.1400146484375,1199.25,1181.530029296875,1186.6199951171875,71266600
2023-01-18,1200.010009765625,1203.449951171875,1188.25,1196.1600341796875,72052500
2023-01-19,1182.6600341796875,1199.969970703125,1179.4200439453125,1199.969970703125,58967400
2023-01-20,1189.3199462890625,1193.4300537109375,1182.6800537109375,1182.6800537109375,64361000
2023-01-23,1198.699951171875,1199.72998046875,1188.3900146484375,1189.3599853515625,47754100
2023-01-24,1191.8900146484375,1206.18994140625,1189.5899658203125,1198.7099609375,55370200
2023-01-25,1180.510009765625,1193.010009765625,1179.8499755859375,1191.8900146484375,87343100
2023-01-26,1182.6600341796875,1193.6300048828125,1180.7900390625,1180.7900390625,56353700
2023-01-27,1199.1600341796875,1199.1600341796875,1182.43994140625,1182.6400146484375,54261400
2023-01-30,1195.0899658203125,1199.300048828125,1191.47998046875,1199.06005859375,57819100
2023-01-31,1195.43994140625,1197.25,1188.5799560546875,1195.030029296875,70404600
2023-02-01,1206.8299560546875,1209.4300537109375,1195.22998046875,1195.530029296875,118676000
2023-02-02,1199.3199462890625,1212.7099609375,1197.469970703125,1206.8399658203125,100543400
2023-02-03,1211.3499755859375,1212.1199951171875,1194.010009765625,1199.449951171875,79131300
2023-02-06,1202.75,1211.300048828125,1198.1099853515625,1211.300048828125,65419300
2023-02-07,1209.5699462890625,1215.1199951171875,1202.8199462890625,1202.8199462890625,84907900
2023-02-08,1239.75,1244.6099853515625,1209.68994140625,1209.68994140625,107491700
2023-02-09,1236.6600341796875,1247.489990234375,1235.5799560546875,1239.780029296875,85864500
2023-02-10,1238.25,1239.9599609375,1229.27001953125,1236.6600341796875,87302500
2023-02-13,1236.699951171875,1241.75,1232.6700439453125,1238.300048828125,81548100
2023-02-14,1236.8299560546875,1238.47998046875,1228.780029296875,1234.4300537109375,76872800
2023-02-15,1234.800048828125,1240.1700439453125,1232.31005859375,1238.010009765625,72862500
2023-02-16,1240.4000244140625,1244.4300537109375,1234.56005859375,1234.9200439453125,93779100
2023-02-17,1229.489990234375,1240.4000244140625,1226.5899658203125,1240.4000244140625,80696000
2023-02-20,1234.6800537109375,1237.9200439453125,1226.68994140625,1229.699951171875,53129900
2023-02-21,1227.02001953125,1234.8900146484375,1219.97998046875,1234.6099853515625,52460000
2023-02-22,1219.739990234375,1227.1800537109375,1213.530029296875,1227.1800537109375,67544800
2023-02-23,1235.6500244140625,1236.6300048828125,1219.8299560546875,1219.93994140625,64947300
2023-02-24,1226.6500244140625,1238.800048828125,1224.81005859375,1236.52001953125,60341800
2023-02-27,1237.18994140625,1242.1800537109375,1226.9100341796875,1226.9100341796875,55573700
2023-02-28,1240.9200439453125,1243.1500244140625,1233.7099609375,1237.2099609375,91557500
2023-03-01,1242.5400390625,1248.239990234375,1237.9300537109375,1241.0999755859375,74560800
2023-03-02,1250.4000244140625,1252.6400146484375,1239.5699462890625,1242.5799560546875,61903100
2023-03-03,1255.9200439453125,1258.5,1246.449951171875,1251.1099853515625,57399400
2023-03-06,1255.3900146484375,1261.510009765625,1251.4000244140625,1255.9200439453125,61689700
2023-03-07,1245.3399658203125,1260.550048828125,1243.0799560546875,1255.5,77268200
2023-03-08,1243.5899658203125,1246.25,1235.300048828125,1245.31005859375,59755000
2023-03-09,1233.56005859375,1244.0999755859375,1230.4599609375,1243.6400146484375,57550400
2023-03-10,1220.5799560546875,1233.56005859375,1214.0899658203125,1233.56005859375,79555100
2023-03-13,1188.93994140625,1223.530029296875,1177.9300537109375,1220.5400390625,91525900
2023-03-14,1205.3299560546875,1209.780029296875,1177.5799560546875,1188.969970703125,90773200
2023-03-15,1160.25,1206.010009765625,1155.47998046875,1206.010009765625,105475200
2023-03-16,1160.0,1177.0999755859375,1147.4000244140625,1160.5999755859375,89852700
2023-03-17,1153.0,1192.9599609375,1149.5799560546875,1160.02001953125,150691100
2023-03-20,1165.3399658203125,1166.699951171875,1123.1300048828125,1151.9100341796875,111885900
2023-03-21,1176.5,1186.02001953125,1165.3900146484375,1165.3900146484375,98154500
2023-03-22,1178.1800537109375,1180.949951171875,1170.5400390625,1176.6500244140625,70802200
2023-03-23,1176.4100341796875,1178.9599609375,1169.0999755859375,1178.6500244140625,74406500
2023-03-24,1141.949951171875,1177.6800537109375,1138.6199951171875,1177.6800537109375,118804800
2023-03-27,1158.81005859375,1163.1500244140625,1142.1199951171875,1142.1199951171875,84509200
2023-03-28,1159.6300048828125,1170.449951171875,1154.3399658203125,1158.760009765625,81560600
2023-03-29,1168.5899658203125,1168.719970703125,1159.75,1159.75,67739200
2023-03-30,1184.6600341796875,1190.1800537109375,1167.68994140625,1168.6099853515625,79618700
2023-03-31,1193.5699462890625,1194.7900390625,1181.8699951171875,1184.6099853515625,75488800
2023-04-03,1208.5999755859375,1216.1500244140625,1194.2900390625,1194.2900390625,84930700
2023-04-04,1201.4100341796875,1213.760009765625,1201.4100341796875,1208.5999755859375,64576300
2023-04-05,1195.22998046875,1201.81005859375,1187.3199462890625,1201.5,37347500
2023-04-11,1209.8299560546875,1209.8299560546875,1195.1700439453125,1195.1700439453125,70976000
2023-04-12,1215.6400146484375,1222.199951171875,1209.81005859375,1209.8800048828125,65690200
2023-04-13,1216.1500244140625,1219.239990234375,1209.239990234375,1215.6800537109375,73340400
2023-04-14,1224.5799560546875,1226.3900146484375,1213.6199951171875,1219.97998046875,102048000
2023-04-17,1227.25,1234.4200439453125,1224.760009765625,1224.760009765625,67355600
2023-04-18,1228.0799560546875,1234.1300048828125,1225.18994140625,1227.260009765625,64728300
2023-04-19,1220.719970703125,1228.47998046875,1220.06005859375,1228.47998046875,70972400
2023-04-20,1214.5999755859375,1220.8599853515625,1211.0899658203125,1220.8499755859375,68768500
2023-04-21,1210.239990234375,1215.1099853515625,1206.6300048828125,1214.9200439453125,73897700
2023-04-24,1219.800048828125,1221.1700439453125,1201.8299560546875,1210.3199462890625,58671100
2023-04-25,1204.6199951171875,1220.010009765625,1203.6600341796875,1220.010009765625,61263900
2023-04-26,1204.81005859375,1214.9300537109375,1202.8800048828125,1212.800048828125,80332000
2023-04-27,1213.1600341796875,1217.4599609375,1200.739990234375,1205.199951171875,110458300
2023-04-28,1226.43994140625,1226.52001953125,1203.97998046875,1213.6400146484375,108155700
2023-05-02,1208.4100341796875,1229.1800537109375,1207.9200439453125,1228.56005859375,82848200
2023-05-03,1203.47998046875,1213.1700439453125,1194.9200439453125,1210.02001953125,73902900
2023-05-04,1189.719970703125,1207.6300048828125,1189.550048828125,1203.489990234375,71034700
2023-05-05,1204.5400390625,1205.22998046875,1189.719970703125,1189.719970703125,66626000
2023-05-08,1213.0899658203125,1216.8800048828125,1204.5400390625,1204.5400390625,55430300
2023-05-09,1202.3399658203125,1214.9300537109375,1196.27001953125,1213.0699462890625,86145900
2023-05-10,1204.02001953125,1211.699951171875,1199.75,1202.3800048828125,75777200
2023-05-11,1201.489990234375,1215.4599609375,1198.68994140625,1214.7900390625,73814700
2023-05-12,1213.1099853515625,1213.5899658203125,1197.06005859375,1201.81005859375,69484200
2023-05-15,1216.6500244140625,1219.030029296875,1205.550048828125,1213.280029296875,73908800
2023-05-16,1210.9599609375,1219.9300537109375,1208.010009765625,1216.7900390625,67043400
2023-05-19,1225.4000244140625,1226.3399658203125,1211.5899658203125,1211.5899658203125,77812700
2023-05-22,1220.6600341796875,1225.25,1218.030029296875,1225.25,62355600
2023-05-23,1227.3900146484375,1228.6400146484375,1218.3299560546875,1220.68994140625,70937000
2023-05-24,1221.22998046875,1228.050048828125,1215.760009765625,1228.02001953125,67696500
2023-05-25,1219.1600341796875,1232.5699462890625,1216.0699462890625,1221.97998046875,71131900
2023-05-26,1215.5699462890625,1223.0699462890625,1212.3199462890625,1219.8599853515625,56053300
2023-05-30,1209.81005859375,1222.5899658203125,1208.1800537109375,1215.6700439453125,64731500
2023-05-31,1198.5400390625,1209.81005859375,1195.8299560546875,1209.81005859375,129436400
2023-06-01,1202.0,1207.3499755859375,1197.6700439453125,1198.6099853515625,70941600
2023-06-02,1226.27001953125,1226.3699951171875,1202.3299560546875,1202.3299560546875,74092400
2023-06-05,1227.2900390625,1239.949951171875,1226.4100341796875,1226.4100341796875,63446500
2023-06-06,1213.719970703125,1227.4599609375,1208.52001953125,1227.4599609375,58310300
2023-06-07,1227.5999755859375,1229.5799560546875,1213.6600341796875,1213.6600341796875,58983200
2023-06-08,1227.77001953125,1232.260009765625,1225.239990234375,1227.510009765625,54281000
2023-06-09,1231.56005859375,1232.4200439453125,1224.760009765625,1228.8599853515625,61018600
2023-06-12,1225.8699951171875,1231.7900390625,1223.8800048828125,1231.72998046875,97674400
2023-06-13,1245.0799560546875,1245.0799560546875,1227.6300048828125,1232.4000244140625,75519400
2023-06-14,1238.0899658203125,1246.52001953125,1236.6600341796875,1245.0799560546875,78928600
2023-06-15,1235.3599853515625,1245.56005859375,1234.5899658203125,1239.030029296875,67820100
2023-06-16,1246.02001953125,1248.2099609375,1235.3599853515625,1235.3699951171875,121853700
2023-06-19,1231.969970703125,1245.9599609375,1229.739990234375,1245.9599609375,58051300
2023-06-20,1234.0699462890625,1235.6500244140625,1227.43994140625,1231.9300537109375,65703300
2023-06-21,1227.5799560546875,1234.469970703125,1222.9300537109375,1234.469970703125,77536600
2023-06-22,1208.0999755859375,1227.3599853515625,1204.5400390625,1227.3599853515625,64666000
2023-06-23,1193.989990234375,1208.2900390625,1191.3599853515625,1208.1300048828125,85621200
2023-06-26,1195.699951171875,1198.6199951171875,1180.0899658203125,1193.989990234375,62146400
2023-06-27,1186.1500244140625,1200.6500244140625,1181.760009765625,1195.7099609375,74867800
2023-06-28,1198.6700439453125,1200.1500244140625,1186.219970703125,1186.219970703125,71070500
2023-06-29,1210.1300048828125,1210.9100341796875,1198.5999755859375,1198.6700439453125,64975400
2023-06-30,1214.1199951171875,1218.4300537109375,1210.1400146484375,1210.1400146484375,82467000
2023-07-03,1225.1700439453125,1228.5699462890625,1214.199951171875,1214.199951171875,70894000
2023-07-04,1227.3399658203125,1229.5400390625,1223.43994140625,1225.22998046875,41706500
2023-07-05,1216.9599609375,1227.3900146484375,1215.9000244140625,1227.3599853515625,56122500
2023-07-06,1198.3399658203125,1217.050048828125,1198.0,1216.9000244140625,79897300
2023-07-07,1198.9599609375,1201.31005859375,1190.8399658203125,1198.3800048828125,61388900
2023-07-10,1201.6600341796875,1203.02001953125,1190.0799560546875,1199.0,78679500
2023-07-11,1205.6800537109375,1206.0999755859375,1196.2900390625,1201.6700439453125,107919000
2023-07-12,1216.2099609375,1219.030029296875,1202.449951171875,1205.6800537109375,85649900
2023-07-13,1213.5400390625,1220.1199951171875,1210.8299560546875,1216.3299560546875,88232200
2023-07-14,1201.0400390625,1214.72998046875,1200.9300537109375,1213.6199951171875,68612900
2023-07-17,1186.3900146484375,1200.8499755859375,1183.6300048828125,1200.8499755859375,59918700
2023-07-18,1201.8800048828125,1204.1099853515625,1185.93994140625,1187.699951171875,60816500
2023-07-19,1209.8599853515625,1210.6500244140625,1197.4100341796875,1201.75,61172800
2023-07-20,1223.2900390625,1225.06005859375,1209.6400146484375,1209.8199462890625,108109700
2023-07-21,1230.7900390625,1230.989990234375,1223.280029296875,1223.280029296875,79809800
2023-07-24,1237.1800537109375,1237.550048828125,1223.5899658203125,1230.8199462890625,56645400
2023-07-25,1242.699951171875,1243.1300048828125,1235.4000244140625,1237.199951171875,67578000
2023-07-26,1231.0699462890625,1242.72998046875,1224.27001953125,1242.72998046875,63011000
2023-07-27,1239.81005859375,1242.1800537109375,1230.9200439453125,1230.9200439453125,50999900
2023-07-28,1234.5699462890625,1239.760009765625,1229.0,1239.760009765625,58424300
2023-07-31,1244.9300537109375,1249.5699462890625,1234.050048828125,1234.5799560546875,64717300
2023-08-01,1245.5,1247.5899658203125,1240.4300537109375,1244.9100341796875,55488200
2023-08-02,1231.510009765625,1245.56005859375,1228.4000244140625,1245.56005859375,58663700
2023-08-03,1232.5,1235.1199951171875,1219.4000244140625,1231.510009765625,57194300
2023-08-04,1242.699951171875,1244.6700439453125,1232.219970703125,1232.8699951171875,73125300
2023-08-07,1234.030029296875,1245.6199951171875,1231.969970703125,1242.6600341796875,64474600
2023-08-08,1226.280029296875,1233.949951171875,1219.9000244140625,1233.949951171875,80063400
2023-08-09,1256.06005859375,1256.699951171875,1226.300048828125,1226.300048828125,79187200
2023-08-10,1255.550048828125,1256.8599853515625,1250.010009765625,1256.25,73890400
2023-08-11,1260.9200439453125,1260.9200439453125,1248.5400390625,1255.3299560546875,70976800
2023-08-14,1257.260009765625,1263.4300537109375,1253.3299560546875,1263.3900146484375,66156600
2023-08-15,1252.6700439453125,1265.8800048828125,1251.5699462890625,1257.260009765625,76375000
2023-08-16,1257.1099853515625,1257.2900390625,1248.489990234375,1252.6400146484375,70544300
2023-08-17,1254.9300537109375,1257.0,1248.239990234375,1257.0,92233300
2023-08-18,1237.47998046875,1254.239990234375,1231.1800537109375,1254.239990234375,97030000
2023-08-21,1242.1600341796875,1251.7099609375,1237.3399658203125,1237.4000244140625,76363300
2023-08-22,1236.989990234375,1243.280029296875,1235.97998046875,1242.3599853515625,72316500
2023-08-23,1229.0899658203125,1239.219970703125,1224.4599609375,1236.989990234375,91025300
2023-08-24,1228.3699951171875,1235.489990234375,1226.25,1229.5899658203125,96510100
2023-08-25,1231.93994140625,1236.699951171875,1226.6099853515625,1228.3599853515625,75245500
2023-08-28,1246.8499755859375,1246.9000244140625,1232.0799560546875,1232.0799560546875,68501600
2023-08-29,1247.2099609375,1250.4000244140625,1244.719970703125,1246.9000244140625,70065300
2023-08-30,1252.1199951171875,1254.97998046875,1247.31005859375,1247.31005859375,60497500
2023-08-31,1255.5999755859375,1258.6400146484375,1251.8900146484375,1252.6199951171875,86475400
2023-09-01,1265.81005859375,1268.9100341796875,1256.2900390625,1256.72998046875,69593400
2023-09-04,1266.7900390625,1274.3599853515625,1265.5400390625,1265.8299560546875,70764700
2023-09-05,1272.719970703125,1279.6800537109375,1261.22998046875,1266.77001953125,67028500
2023-09-06,1269.780029296875,1276.969970703125,1267.1700439453125,1272.6099853515625,72177400
2023-09-07,1262.199951171875,1269.969970703125,1260.6300048828125,1269.969970703125,69774600
2023-09-08,1266.3399658203125,1269.260009765625,1262.31005859375,1262.31005859375,60804300
2023-09-11,1273.989990234375,1275.6199951171875,1266.31005859375,1266.31005859375,63373800
2023-09-12,1275.7900390625,1278.25,1271.31005859375,1274.0400390625,71118200
2023-09-13,1273.469970703125,1281.8699951171875,1272.9000244140625,1275.760009765625,64080300
2023-09-14,1297.199951171875,1298.9000244140625,1274.27001953125,1274.27001953125,83396200
2023-09-15,1300.97998046875,1308.2900390625,1297.18994140625,1297.18994140625,180448700
2023-09-18,1300.030029296875,1303.4100341796875,1295.9300537109375,1301.1400146484375,155855100
2023-09-19,1301.3800048828125,1304.8699951171875,1296.530029296875,1300.0,105520900
2023-09-20,1306.1800537109375,1308.3599853515625,1295.4200439453125,1302.02001953125,94629500
2023-09-21,1296.0,1306.0999755859375,1288.27001953125,1306.0999755859375,86556000
2023-09-22,1299.6600341796875,1300.22998046875,1289.6300048828125,1296.02001953125,255983400
2023-09-25,1283.5899658203125,1300.0,1280.699951171875,1299.699951171875,88478100
2023-09-26,1278.969970703125,1285.6800537109375,1274.27001953125,1283.6400146484375,99063400
2023-09-27,1294.010009765625,1295.02001953125,1278.969970703125,1278.969970703125,82305200
2023-09-28,1289.0999755859375,1299.5,1287.3499755859375,1294.0799560546875,96879000
2023-09-29,1290.989990234375,1303.6500244140625,1289.0999755859375,1289.0999755859375,90499400
2023-10-02,1281.2099609375,1301.739990234375,1281.1500244140625,1290.8800048828125,91405900
2023-10-03,1263.050048828125,1281.1800537109375,1263.0400390625,1280.989990234375,103920300
2023-10-04,1247.6800537109375,1265.0400390625,1247.27001953125,1263.0799560546875,107238400
2023-10-05,1253.050048828125,1254.050048828125,1242.050048828125,1247.68994140625,99094200
2023-10-06,1251.27001953125,1258.5699462890625,1246.719970703125,1253.3199462890625,82740800
2023-10-09,1280.1300048828125,1280.1300048828125,1251.2099609375,1251.3299560546875,99790600
2023-10-10,1295.77001953125,1295.8699951171875,1277.93994140625,1280.280029296875,100440000
2023-10-11,1293.199951171875,1302.4100341796875,1291.68994140625,1295.77001953125,83515400
2023-10-12,1308.550048828125,1312.780029296875,1292.6700439453125,1293.1700439453125,85326700
2023-10-13,1310.8399658203125,1315.56005859375,1306.0400390625,1308.550048828125,83946300
2023-10-16,1312.0,1318.3900146484375,1309.18994140625,1310.9300537109375,73966000
2023-10-17,1309.81005859375,1312.8900146484375,1303.8599853515625,1312.02001953125,76347600
2023-10-18,1312.260009765625,1314.6800537109375,1305.739990234375,1309.77001953125,77226800
2023-10-19,1291.25,1314.5,1289.8299560546875,1314.3399658203125,77693200
2023-10-20,1272.1400146484375,1292.68994140625,1272.1400146484375,1291.219970703125,109124200
2023-10-23,1254.719970703125,1272.02001953125,1251.8499755859375,1272.02001953125,76111500
2023-10-24,1264.8499755859375,1265.3699951171875,1253.06005859375,1254.780029296875,77096200
2023-10-25,1259.1400146484375,1269.1099853515625,1258.219970703125,1264.8599853515625,140965400
2023-10-26,1252.3800048828125,1261.9100341796875,1249.68994140625,1259.1199951171875,115954100
2023-10-27,1263.81005859375,1276.06005859375,1252.469970703125,1252.469970703125,102683100
2023-10-30,1268.47998046875,1280.0799560546875,1264.010009765625,1264.1199951171875,83972400
2023-10-31,1281.02001953125,1281.6400146484375,1268.5400390625,1268.5400390625,82741800
2023-11-01,1281.1700439453125,1282.9000244140625,1271.1099853515625,1282.449951171875,96496100
2023-11-02,1291.81005859375,1292.6099853515625,1280.5899658203125,1281.3299560546875,127536700
2023-11-03,1284.9100341796875,1298.4599609375,1282.489990234375,1292.1400146484375,111575300
2023-11-06,1291.239990234375,1293.6500244140625,1284.8699951171875,1284.97998046875,91506100
2023-11-07,1264.530029296875,1291.4599609375,1263.0400390625,1291.4599609375,83660200
2023-11-08,1273.739990234375,1278.3499755859375,1259.760009765625,1264.449951171875,86504800
2023-11-09,1288.5899658203125,1289.1700439453125,1266.1800537109375,1274.030029296875,97797900
2023-11-10,1283.0699462890625,1288.3399658203125,1283.0699462890625,1288.3399658203125,75106200
2023-11-13,1293.989990234375,1294.199951171875,1282.97998046875,1282.97998046875,57642700
2023-11-14,1303.0799560546875,1303.1700439453125,1290.27001953125,1296.6099853515625,76132100
2023-11-15,1306.4000244140625,1308.010009765625,1301.449951171875,1303.0799560546875,103290700
2023-11-16,1282.800048828125,1306.8499755859375,1282.800048828125,1306.4599609375,83537200
2023-11-17,1296.280029296875,1297.2099609375,1281.5,1283.8699951171875,87364300
2023-11-20,1306.3800048828125,1306.52001953125,1296.4100341796875,1296.4300537109375,69479700
2023-11-21,1288.739990234375,1306.9300537109375,1287.5799560546875,1306.3499755859375,76310800
2023-11-22,1286.300048828125,1297.300048828125,1282.949951171875,1288.949951171875,85410700
2023-11-23,1306.3399658203125,1306.3499755859375,1286.5899658203125,1286.7099609375,53658400
2023-11-24,1315.219970703125,1315.4300537109375,1304.3599853515625,1306.3199462890625,50744200
2023-11-27,1311.2099609375,1315.8800048828125,1308.760009765625,1315.050048828125,55538800
2023-11-28,1299.8499755859375,1311.1600341796875,1299.1600341796875,1311.1600341796875,77672500
2023-11-29,1293.1500244140625,1300.8399658203125,1288.699951171875,1293.4200439453125,66932300
2023-11-30,1303.8800048828125,1307.8399658203125,1290.6300048828125,1292.3699951171875,148106600
2023-12-01,1304.3699951171875,1307.1099853515625,1297.9100341796875,1303.9000244140625,68184700
2023-12-04,1290.239990234375,1304.3399658203125,1287.72998046875,1304.3399658203125,70789300
2023-12-05,1292.1600341796875,1298.68994140625,1288.2900390625,1290.300048828125,66477800
2023-12-06,1291.25,1298.8199462890625,1288.9100341796875,1292.1500244140625,78896000
2023-12-07,1287.6400146484375,1292.3399658203125,1284.56005859375,1291.219970703125,69821000
2023-12-08,1294.3299560546875,1294.9599609375,1283.5,1287.6400146484375,79130500
2023-12-11,1299.1800537109375,1299.1800537109375,1291.8599853515625,1294.3499755859375,63290100
2023-12-12,1291.3900146484375,1303.56005859375,1286.510009765625,1299.199951171875,89232800
2023-12-13,1289.5899658203125,1293.300048828125,1277.8900146484375,1291.719970703125,108252700
2023-12-14,1303.969970703125,1314.0799560546875,1289.8399658203125,1289.8399658203125,103238900
2023-12-15,1296.4200439453125,1314.3499755859375,1296.3299560546875,1303.9599609375,162022300
2023-12-18,1309.030029296875,1312.530029296875,1296.5,1296.5,90382300
2023-12-19,1299.6300048828125,1309.469970703125,1298.27001953125,1309.050048828125,68198400
2023-12-20,1297.010009765625,1309.260009765625,1296.510009765625,1299.6199951171875,70241800
2023-12-21,1292.5899658203125,1296.9000244140625,1287.199951171875,1296.8499755859375,75747000
2023-12-22,1295.4200439453125,1298.4100341796875,1291.949951171875,1292.56005859375,69655900
2023-12-27,1307.0999755859375,1310.4200439453125,1294.969970703125,1294.969970703125,64415400
2023-12-28,1304.4000244140625,1307.9300537109375,1300.47998046875,1307.0999755859375,59373700
2023-12-29,1306.6099853515625,1308.780029296875,1302.6300048828125,1304.3499755859375,50669900
2024-01-02,1307.06005859375,1316.7099609375,1303.280029296875,1306.6800537109375,62937400
2024-01-03,1307.1199951171875,1307.3499755859375,1298.8399658203125,1307.06005859375,66629400
2024-01-04,1323.1300048828125,1327.8199462890625,1307.1800537109375,1307.1800537109375,79848400
2024-01-05,1317.77001953125,1323.1600341796875,1312.6600341796875,1323.1600341796875,67033800
2024-01-08,1303.9599609375,1317.8299560546875,1300.8800048828125,1317.800048828125,70104300
2024-01-09,1302.9100341796875,1314.5400390625,1300.5400390625,1303.989990234375,98528600
2024-01-10,1297.1700439453125,1304.5999755859375,1294.22998046875,1302.9300537109375,70264200
2024-01-11,1289.739990234375,1302.27001953125,1289.739990234375,1297.300048828125,88664800
2024-01-12,1298.75,1305.0999755859375,1289.3800048828125,1289.5899658203125,82101200
2024-01-15,1286.1300048828125,1301.47998046875,1284.199951171875,1298.75,72125200
2024-01-16,1284.3800048828125,1290.050048828125,1274.3299560546875,1286.1300048828125,76610800
2024-01-17,1271.1600341796875,1284.239990234375,1264.68994140625,1284.239990234375,72755100
2024-01-18,1276.3900146484375,1279.0999755859375,1270.97998046875,1271.18994140625,87658000
2024-01-19,1278.010009765625,1289.530029296875,1276.4000244140625,1276.4000244140625,112154300
2024-01-22,1278.239990234375,1280.9599609375,1271.97998046875,1278.0400390625,69151100
2024-01-23,1284.3900146484375,1285.989990234375,1274.3599853515625,1278.260009765625,82088200
2024-01-24,1285.949951171875,1289.300048828125,1282.510009765625,1284.6300048828125,85354700
2024-01-25,1285.1600341796875,1293.5699462890625,1280.0999755859375,1285.949951171875,81600500
2024-01-26,1293.52001953125,1294.530029296875,1283.280029296875,1285.1099853515625,65265200
2024-01-29,1289.5799560546875,1300.77001953125,1288.25,1293.3800048828125,70424700
2024-01-30,1282.75,1290.4200439453125,1282.27001953125,1289.5799560546875,68063100
2024-01-31,1278.3199462890625,1285.25,1277.0,1282.6300048828125,71954600
2024-02-01,1279.300048828125,1282.2099609375,1273.3800048828125,1278.3199462890625,62327400
2024-02-02,1271.68994140625,1280.43994140625,1268.739990234375,1279.280029296875,91540500
2024-02-05,1264.0899658203125,1276.449951171875,1263.739990234375,1271.75,73511400
2024-02-06,1273.2099609375,1274.3499755859375,1264.1099853515625,1264.1099853515625,86174700
2024-02-07,1247.1700439453125,1273.4000244140625,1247.1700439453125,1273.4000244140625,99555300
2024-02-08,1236.5899658203125,1248.5799560546875,1235.6099853515625,1247.18994140625,94490600
2024-02-09,1240.489990234375,1245.18994140625,1235.550048828125,1236.7099609375,75451400
2024-02-12,1250.8699951171875,1252.9100341796875,1240.550048828125,1240.550048828125,69206700
2024-02-13,1240.18994140625,1252.6199951171875,1239.1700439453125,1252.4300537109375,79875000
2024-02-14,1250.4000244140625,1253.43994140625,1230.6700439453125,1242.5999755859375,82859200
2024-02-15,1252.239990234375,1256.3800048828125,1242.9100341796875,1250.5799560546875,126573400
2024-02-16,1264.02001953125,1267.1500244140625,1252.4100341796875,1252.4100341796875,112452700
2024-02-20,1262.81005859375,1267.2900390625,1256.030029296875,1267.22998046875,87845100
2024-02-21,1260.0,1264.050048828125,1254.3699951171875,1264.050048828125,84716100
2024-02-22,1263.5799560546875,1269.8800048828125,1260.25,1260.25,71018300
2024-02-23,1260.800048828125,1267.93994140625,1254.969970703125,1264.3299560546875,67582600
2024-02-26,1262.31005859375,1263.6300048828125,1256.510009765625,1260.8299560546875,69691400
2024-02-27,1260.06005859375,1264.199951171875,1255.6400146484375,1262.25,70084100
2024-02-28,1263.8199462890625,1266.2099609375,1257.3199462890625,1260.0799560546875,101112100
2024-02-29,1266.1099853515625,1268.8299560546875,1258.8900146484375,1263.8199462890625,119867000
2024-03-01,1275.1400146484375,1281.0799560546875,1266.56005859375,1266.56005859375,74533000
2024-03-04,1268.9599609375,1280.260009765625,1268.27001953125,1275.3199462890625,67941000
2024-03-05,1275.27001953125,1278.22998046875,1264.3800048828125,1269.510009765625,68891500
2024-03-06,1274.0400390625,1282.989990234375,1272.760009765625,1275.260009765625,74972100
2024-03-07,1274.52001953125,1276.8499755859375,1269.0699462890625,1274.0799560546875,96309800
2024-03-08,1279.22998046875,1283.3699951171875,1274.510009765625,1274.510009765625,93772600
2024-03-11,1267.6099853515625,1280.27001953125,1265.31005859375,1279.47998046875,64415500
2024-03-12,1279.2099609375,1280.6400146484375,1267.6199951171875,1267.7900390625,93424100
2024-03-13,1291.469970703125,1291.469970703125,1278.0799560546875,1279.2099609375,92022600
2024-03-14,1290.8399658203125,1295.3699951171875,1289.1400146484375,1291.68994140625,82515000
2024-03-15,1293.0899658203125,1300.27001953125,1290.7900390625,1290.81005859375,425845100
2024-03-18,1300.449951171875,1305.3900146484375,1293.0899658203125,1293.0899658203125,74612200
2024-03-19,1302.93994140625,1310.6199951171875,1300.1300048828125,1300.81005859375,77288300
2024-03-20,1303.739990234375,1308.1199951171875,1298.25,1302.93994140625,100198000
2024-03-21,1310.550048828125,1317.0699462890625,1305.1500244140625,1305.1500244140625,72500300
2024-03-22,1319.3299560546875,1323.219970703125,1308.7099609375,1310.489990234375,70083500
2024-03-25,1323.06005859375,1324.469970703125,1316.3499755859375,1319.4000244140625,70401500
2024-03-26,1322.3599853515625,1326.25,1318.5999755859375,1323.0699462890625,55883100
2024-03-27,1328.1500244140625,1329.1400146484375,1321.1800537109375,1322.4100341796875,42339900
2024-04-02,1342.780029296875,1352.2099609375,1328.18994140625,1328.18994140625,104655900
2024-04-03,1349.280029296875,1349.3499755859375,1339.75,1342.56005859375,87042700
2024-04-04,1349.6199951171875,1351.97998046875,1347.5,1349.280029296875,83551000
2024-04-05,1351.5,1355.1600341796875,1345.68994140625,1350.989990234375,68229100
2024-04-08,1350.9000244140625,1358.1199951171875,1350.7900390625,1351.800048828125,85114300
2024-04-09,1352.6500244140625,1359.4000244140625,1350.18994140625,1350.9000244140625,103163000
2024-04-10,1357.06005859375,1363.1400146484375,1346.4599609375,1352.6800537109375,100178600
2024-04-11,1355.280029296875,1366.8900146484375,1355.260009765625,1357.06005859375,94067300
2024-04-12,1376.1700439453125,1377.8299560546875,1356.030029296875,1356.030029296875,81930700
2024-04-15,1361.9100341796875,1378.719970703125,1358.68994140625,1376.1700439453125,69040200
2024-04-16,1343.1600341796875,1361.9000244140625,1342.75,1361.8900146484375,70416900
2024-04-17,1347.780029296875,1354.2900390625,1343.1400146484375,1343.1600341796875,75103000
2024-04-18,1342.6199951171875,1348.18994140625,1335.0799560546875,1348.0400390625,69803700
2024-04-19,1341.219970703125,1346.1300048828125,1327.3900146484375,1345.27001953125,74036100
2024-04-22,1340.25,1344.6199951171875,1337.6700439453125,1341.2099609375,63264200
2024-04-23,1339.800048828125,1342.4000244140625,1334.2099609375,1340.25,69293100
2024-04-24,1353.280029296875,1353.3399658203125,1340.0799560546875,1340.0799560546875,89455100
2024-04-25,1358.8599853515625,1364.5400390625,1350.760009765625,1353.4599609375,113216600
2024-04-26,1365.9300537109375,1367.5699462890625,1357.199951171875,1359.489990234375,106387900
2024-04-29,1367.9200439453125,1370.239990234375,1359.780029296875,1369.0699462890625,82277700
2024-04-30,1371.2099609375,1382.260009765625,1369.8800048828125,1379.1800537109375,83468200
2024-05-02,1358.8599853515625,1372.18994140625,1353.6600341796875,1372.18994140625,38021100
2024-05-03,1371.300048828125,1379.1400146484375,1363.5899658203125,1364.550048828125,61931600
2024-05-06,1390.1099853515625,1390.469970703125,1371.8599853515625,1371.9000244140625,66236200
2024-05-07,1394.1500244140625,1396.9100341796875,1388.3299560546875,1390.239990234375,70266400
2024-05-08,1398.27001953125,1400.3399658203125,1392.3699951171875,1399.8599853515625,94656800
2024-05-10,1418.72998046875,1420.969970703125,1398.27001953125,1398.27001953125,82736900
2024-05-13,1416.449951171875,1418.699951171875,1408.6099853515625,1418.699951171875,65180600
2024-05-14,1417.0,1418.739990234375,1412.27001953125,1416.3199462890625,76088500
2024-05-15,1409.06005859375,1425.52001953125,1408.5400390625,1420.219970703125,67355700
2024-05-16,1416.4200439453125,1419.1099853515625,1407.68994140625,1410.030029296875,86601400
2024-05-21,1424.56005859375,1428.25,1416.3299560546875,1416.47998046875,79728900
2024-05-22,1418.31005859375,1426.9300537109375,1416.4300537109375,1426.1099853515625,60602800
2024-05-23,1424.97998046875,1428.6199951171875,1415.25,1418.449951171875,82745100
2024-05-24,1423.4599609375,1425.9300537109375,1415.25,1425.1400146484375,58767300
2024-05-27,1434.199951171875,1434.5999755859375,1421.06005859375,1423.530029296875,53739500
2024-05-28,1433.8199462890625,1437.47998046875,1431.530029296875,1434.469970703125,95372900
2024-05-29,1423.6400146484375,1439.8199462890625,1422.0999755859375,1435.0400390625,97836300
2024-05-30,1428.0999755859375,1435.989990234375,1415.3900146484375,1423.6500244140625,80372400
2024-05-31,1440.530029296875,1442.5899658203125,1428.280029296875,1428.280029296875,150542200
2024-06-03,1442.3499755859375,1456.6300048828125,1440.550048828125,1440.550048828125,86441000
2024-06-04,1415.0999755859375,1442.3199462890625,1408.1300048828125,1442.3199462890625,87204700
2024-06-05,1413.3599853515625,1421.780029296875,1412.6500244140625,1415.0999755859375,58064200
2024-06-06,1416.8299560546875,1420.47998046875,1413.8399658203125,1413.8399658203125,84302300
2024-06-07,1423.280029296875,1423.280029296875,1413.2900390625,1419.3900146484375,58943600
2024-06-10,1419.2900390625,1423.739990234375,1413.3499755859375,1423.280029296875,51085600
2024-06-11,1407.22998046875,1424.1500244140625,1402.8499755859375,1419.550048828125,77507700
2024-06-12,1414.25,1417.8199462890625,1407.1400146484375,1407.22998046875,59973600
2024-06-13,1400.1400146484375,1414.81005859375,1399.3199462890625,1414.81005859375,66205000
2024-06-14,1391.56005859375,1406.6099853515625,1390.4300537109375,1400.1400146484375,68335000
2024-06-17,1393.52001953125,1399.18994140625,1386.4300537109375,1391.5699462890625,62012400
2024-06-18,1403.06005859375,1405.6199951171875,1393.52001953125,1393.52001953125,53431300
2024-06-19,1404.22998046875,1408.68994140625,1401.6800537109375,1403.1500244140625,173984600
2024-06-20,1409.3399658203125,1409.93994140625,1401.0699462890625,1404.6400146484375,80965100
2024-06-21,1406.97998046875,1409.760009765625,1401.75,1409.3399658203125,116828900
2024-06-24,1417.06005859375,1418.0899658203125,1399.47998046875,1407.010009765625,56023400
2024-06-25,1410.4599609375,1421.260009765625,1407.030029296875,1417.0400390625,49690000
2024-06-26,1409.239990234375,1422.4100341796875,1406.9300537109375,1410.4599609375,53795800
2024-06-27,1415.8399658203125,1417.75,1409.18994140625,1409.2900390625,60028900
2024-06-28,1422.3499755859375,1425.550048828125,1414.9100341796875,1415.8699951171875,62578700
2024-07-01,1428.2900390625,1434.25,1420.9599609375,1422.3699951171875,0
2024-07-02,1427.6400146484375,1432.510009765625,1424.3900146484375,1428.3299560546875,50392100
2024-07-03,1428.22998046875,1434.8699951171875,1425.5799560546875,1427.6500244140625,55189000
2024-07-04,1425.8399658203125,1429.3499755859375,1425.56005859375,1428.239990234375,100042800
2024-07-05,1418.8199462890625,1433.72998046875,1418.6300048828125,1425.8199462890625,59501200
2024-07-08,1409.300048828125,1419.3900146484375,1406.5799560546875,1418.9599609375,55912400
2024-07-09,1401.3299560546875,1411.4300537109375,1400.719970703125,1409.239990234375,52061500
2024-07-10,1406.030029296875,1409.1199951171875,1400.7900390625,1401.2900390625,55177100
2024-07-11,1415.3199462890625,1415.3299560546875,1404.9599609375,1406.030029296875,63552300
2024-07-12,1434.4300537109375,1435.68994140625,1415.8699951171875,1415.8699951171875,85193700
2024-07-15,1427.4100341796875,1436.4300537109375,1422.8699951171875,1434.4200439453125,50766600
2024-07-16,1425.2900390625,1429.300048828125,1420.75,1427.3900146484375,50777000
2024-07-17,1431.739990234375,1431.8299560546875,1421.5699462890625,1426.9000244140625,49440400
2024-07-18,1443.7099609375,1446.1400146484375,1430.989990234375,1431.699951171875,50087000
2024-07-19,1443.02001953125,1446.530029296875,1439.02001953125,1443.719970703125,50351000
2024-07-22,1452.5400390625,1454.06005859375,1440.260009765625,1442.97998046875,48014900
2024-07-23,1446.8499755859375,1454.93994140625,1444.9599609375,1452.8900146484375,51474300
2024-07-24,1440.2099609375,1448.3299560546875,1439.3599853515625,1446.8399658203125,42172700
2024-07-25,1429.0400390625,1440.52001953125,1419.949951171875,1440.52001953125,51977000
2024-07-26,1434.1199951171875,1444.3699951171875,1429.1099853515625,1429.1800537109375,46559700
2024-07-29,1445.27001953125,1450.1400146484375,1434.7099609375,1434.7099609375,41797900
2024-07-30,1443.9599609375,1445.75,1440.3199462890625,1445.27001953125,44222300
2024-07-31,1459.2900390625,1463.9100341796875,1443.969970703125,1443.97998046875,54408600
2024-08-01,1451.5699462890625,1467.3699951171875,1449.9100341796875,1459.300048828125,42502200
2024-08-02,1408.8800048828125,1451.4200439453125,1408.8699951171875,1451.4200439453125,67519600
2024-08-05,1361.5799560546875,1408.800048828125,1347.4200439453125,1408.800048828125,98082100
2024-08-06,1374.219970703125,1392.47998046875,1362.0799560546875,1362.0799560546875,68084200
2024-08-07,1401.050048828125,1402.5699462890625,1374.22998046875,1374.22998046875,49542800
2024-08-08,1402.52001953125,1404.81005859375,1390.22998046875,1400.9100341796875,70690500
2024-08-09,1412.9100341796875,1418.760009765625,1402.52001953125,1402.52001953125,54101000
2024-08-12,1427.52001953125,1430.219970703125,1412.9100341796875,1412.9100341796875,43432700
2024-08-13,1427.6500244140625,1433.6700439453125,1425.25,1427.52001953125,45283700
2024-08-14,1437.2900390625,1437.2900390625,1427.6500244140625,1427.6500244140625,49595600
2024-08-15,1438.3699951171875,1444.4300537109375,1432.4599609375,1437.2900390625,71584000
2024-08-16,1442.8199462890625,1448.489990234375,1437.4599609375,1441.56005859375,57927800
2024-08-19,1448.5999755859375,1448.72998046875,1435.7900390625,1443.31005859375,51168900
2024-08-20,1428.68994140625,1448.6600341796875,1427.3199462890625,1448.6600341796875,51197500
2024-08-21,1425.93994140625,1432.0799560546875,1424.8699951171875,1428.8599853515625,69265400
2024-08-22,1424.8699951171875,1429.2900390625,1417.6099853515625,1426.050048828125,52357300
2024-08-23,1434.47998046875,1434.989990234375,1424.0400390625,1424.8699951171875,51196900
2024-08-26,1443.6099853515625,1446.739990234375,1433.52001953125,1434.5400390625,50620300
2024-08-27,1438.260009765625,1446.1700439453125,1437.489990234375,1443.6199951171875,49504700
2024-08-28,1431.219970703125,1439.489990234375,1429.199951171875,1438.3699951171875,62549100
2024-08-29,1432.52001953125,1434.1600341796875,1423.050048828125,1431.4200439453125,50555100
2024-08-30,1439.43994140625,1445.2900390625,1431.93994140625,1432.5699462890625,90736400
2024-09-02,1428.9599609375,1440.8900146484375,1427.989990234375,1440.3299560546875,45380800
2024-09-03,1397.47998046875,1431.719970703125,1397.47998046875,1428.93994140625,63572900
2024-09-04,1397.1600341796875,1401.97998046875,1381.31005859375,1397.3699951171875,60795300
2024-09-05,1393.7900390625,1397.31005859375,1390.0799560546875,1397.1500244140625,294366000
2024-09-06,1385.93994140625,1393.6199951171875,1380.8199462890625,1393.6199951171875,70623300
2024-09-09,1392.6700439453125,1394.3399658203125,1382.5699462890625,1386.260009765625,55904700
2024-09-10,1379.27001953125,1403.2900390625,1379.27001953125,1392.8900146484375,74355000
2024-09-11,1381.3699951171875,1392.4300537109375,1379.2099609375,1379.2099609375,65582300
2024-09-12,1394.800048828125,1402.3299560546875,1381.8399658203125,1381.8399658203125,92379700
2024-09-13,1407.4100341796875,1407.4100341796875,1394.800048828125,1394.800048828125,72878500
2024-09-16,1410.9000244140625,1411.9300537109375,1399.8900146484375,1407.3499755859375,63104900
2024-09-17,1404.800048828125,1416.280029296875,1402.9300537109375,1411.239990234375,83797800
2024-09-18,1400.4100341796875,1405.300048828125,1398.4200439453125,1404.75,80601800
2024-09-19,1411.02001953125,1423.3199462890625,1400.5699462890625,1400.5699462890625,99256400
2024-09-20,1407.4300537109375,1416.5,1403.6300048828125,1411.030029296875,187490200
2024-09-23,1412.2900390625,1414.4000244140625,1401.699951171875,1407.4300537109375,60363200
2024-09-24,1412.3599853515625,1422.8599853515625,1411.449951171875,1412.3699951171875,72448900
2024-09-25,1404.4200439453125,1413.6600341796875,1401.8299560546875,1413.199951171875,59534400
2024-09-26,1393.8299560546875,1406.739990234375,1392.469970703125,1404.6700439453125,80370200
2024-09-27,1406.9300537109375,1408.3299560546875,1394.010009765625,1394.010009765625,77797800
2024-09-30,1416.300048828125,1417.8499755859375,1405.8699951171875,1407.0899658203125,71478600
2024-10-01,1424.6700439453125,1430.4300537109375,1413.3800048828125,1416.31005859375,70689100
2024-10-02,1437.6700439453125,1442.1199951171875,1424.050048828125,1424.7099609375,73474200
2024-10-03,1436.1500244140625,1439.280029296875,1427.5999755859375,1437.719970703125,50188400
2024-10-04,1449.449951171875,1450.800048828125,1435.449951171875,1436.1700439453125,80386200
2024-10-07,1442.47998046875,1451.93994140625,1436.530029296875,1449.550048828125,63102000
2024-10-08,1424.050048828125,1442.4200439453125,1424.050048828125,1442.4200439453125,57995000
2024-10-09,1431.6600341796875,1431.6600341796875,1423.25,1424.050048828125,47969200
2024-10-10,1443.6300048828125,1444.22998046875,1431.5899658203125,1431.5899658203125,55017500
2024-10-11,1449.3399658203125,1450.75,1439.1500244140625,1443.719970703125,58002800
2024-10-14,1450.2099609375,1451.75,1445.219970703125,1449.3800048828125,49239400
2024-10-15,1438.27001953125,1451.280029296875,1433.449951171875,1450.4599609375,67630300
2024-10-16,1441.8299560546875,1444.3800048828125,1435.760009765625,1438.27001953125,59367500
2024-10-17,1443.93994140625,1448.75,1437.199951171875,1441.8800048828125,53199100
2024-10-18,1433.6199951171875,1449.1700439453125,1432.8599853515625,1444.030029296875,49362100
2024-10-21,1438.550048828125,1445.8599853515625,1433.6800537109375,1433.6800537109375,44295800
2024-10-22,1444.02001953125,1448.3399658203125,1438.550048828125,1438.550048828125,64492000
2024-10-23,1439.9300537109375,1447.8199462890625,1434.9000244140625,1444.1099853515625,55483900
2024-10-24,1446.47998046875,1453.239990234375,1439.0899658203125,1439.8599853515625,64224400
2024-10-25,1461.2099609375,1461.280029296875,1446.47998046875,1446.47998046875,82054400
2024-10-28,1449.8800048828125,1462.1300048828125,1440.1700439453125,1462.1300048828125,61985700
2024-10-29,1449.3900146484375,1460.8800048828125,1448.5699462890625,1451.0799560546875,58330900
2024-10-30,1449.5699462890625,1455.0899658203125,1447.010009765625,1449.8800048828125,80832600
2024-10-31,1431.4100341796875,1449.780029296875,1427.93994140625,1449.780029296875,88346800
2024-11-01,1433.199951171875,1439.719970703125,1429.280029296875,1431.56005859375,54730900
2024-11-04,1426.68994140625,1438.1700439453125,1426.68994140625,1434.8699951171875,42869700
2024-11-05,1432.6600341796875,1433.52001953125,1419.18994140625,1425.510009765625,48643400
2024-11-06,1414.4300537109375,1438.6800537109375,1412.5799560546875,1432.780029296875,76352100
2024-11-07,1421.22998046875,1428.27001953125,1414.47998046875,1414.47998046875,61198100
2024-11-08,1416.4200439453125,1427.239990234375,1413.719970703125,1421.7900390625,92936700
2024-11-11,1419.6099853515625,1428.1800537109375,1416.510009765625,1416.510009765625,58125300
2024-11-12,1411.18994140625,1419.739990234375,1408.5899658203125,1419.68994140625,55946400
2024-11-13,1402.4200439453125,1412.8399658203125,1402.4200439453125,1411.1500244140625,51545800
2024-11-14,1426.260009765625,1428.31005859375,1402.68994140625,1402.8299560546875,61516500
2024-11-15,1445.010009765625,1445.5699462890625,1419.3199462890625,1426.8499755859375,90262900
2024-11-18,1441.81005859375,1448.0899658203125,1431.93994140625,1448.0699462890625,50696100
2024-11-19,1442.969970703125,1444.7099609375,1433.0799560546875,1441.8299560546875,52597100
2024-11-20,1452.1500244140625,1458.56005859375,1443.219970703125,1443.219970703125,68622200
2024-11-21,1464.8299560546875,1465.9100341796875,1450.5899658203125,1452.4300537109375,67277200
2024-11-22,1468.6600341796875,1471.1600341796875,1462.449951171875,1464.8299560546875,51414500
2024-11-25,1471.699951171875,1480.4599609375,1468.550048828125,1468.6600341796875,140721900
2024-11-26,1452.050048828125,1471.8599853515625,1452.050048828125,1471.760009765625,62824500
2024-11-27,1457.030029296875,1458.7900390625,1448.5799560546875,1452.050048828125,61683000
2024-11-28,1456.969970703125,1461.1400146484375,1453.43994140625,1457.6300048828125,43792400
2024-11-29,1454.2099609375,1458.1199951171875,1452.3900146484375,1456.9300537109375,56040100
2024-12-02,1454.77001953125,1458.0,1452.3299560546875,1454.219970703125,63264000
2024-12-03,1469.4300537109375,1472.02001953125,1454.4300537109375,1454.8299560546875,62880000
2024-12-04,1472.9100341796875,1481.22998046875,1469.4200439453125,1469.4200439453125,60274100
2024-12-05,1472.0799560546875,1476.530029296875,1467.6199951171875,1473.800048828125,62366800
2024-12-06,1449.5799560546875,1473.3699951171875,1448.8599853515625,1472.280029296875,55668400
2024-12-09,1454.9200439453125,1459.0999755859375,1449.68994140625,1449.739990234375,56745900
2024-12-10,1447.1700439453125,1455.1400146484375,1444.469970703125,1455.1400146484375,49498200
2024-12-11,1447.699951171875,1456.1400146484375,1441.22998046875,1447.3800048828125,56128100
2024-12-12,1448.52001953125,1457.4200439453125,1445.1500244140625,1448.030029296875,55334200
2024-12-13,1445.8699951171875,1450.489990234375,1442.1099853515625,1448.5999755859375,50972100
2024-12-16,1429.9000244140625,1446.06005859375,1428.06005859375,1445.8499755859375,54387000
2024-12-17,1417.550048828125,1429.9300537109375,1416.510009765625,1429.9300537109375,66874800
2024-12-18,1414.239990234375,1425.7099609375,1413.6600341796875,1417.56005859375,60679900
2024-12-19,1406.06005859375,1412.719970703125,1400.989990234375,1412.719970703125,66635900
2024-12-20,1400.5400390625,1407.1700439453125,1393.3299560546875,1406.0999755859375,102073600
2024-12-23,1408.0,1410.800048828125,1400.300048828125,1400.5400390625,53323000
2024-12-27,1425.0999755859375,1426.530029296875,1407.989990234375,1408.1099853515625,54925600
2024-12-30,1425.050048828125,1426.6700439453125,1420.1199951171875,1425.1300048828125,46136200
2025-01-02,1458.1500244140625,1460.6199951171875,1425.030029296875,1425.030029296875,62365300
2025-01-03,1462.47998046875,1465.760009765625,1451.0799560546875,1458.2099609375,52880500
2025-01-06,1461.22998046875,1467.4000244140625,1453.8499755859375,1462.4000244140625,73368500
2025-01-07,1469.5400390625,1469.72998046875,1454.9200439453125,1461.2099609375,62122600
2025-01-08,1466.56005859375,1476.8699951171875,1462.56005859375,1470.469970703125,60282600
2025-01-09,1472.8299560546875,1476.1800537109375,1465.3199462890625,1465.969970703125,84364300
2025-01-10,1479.81005859375,1484.9200439453125,1472.0799560546875,1472.8499755859375,69196200
2025-01-13,1479.1500244140625,1483.280029296875,1467.219970703125,1479.699951171875,96551900
2025-01-14,1477.469970703125,1487.43994140625,1475.9200439453125,1478.989990234375,78434300
2025-01-15,1491.02001953125,1491.8599853515625,1476.8800048828125,1477.449951171875,65759500
2025-01-16,1486.030029296875,1501.030029296875,1484.4300537109375,1490.969970703125,55901200
2025-01-17,1493.6500244140625,1495.719970703125,1486.030029296875,1486.030029296875,66015200
2025-01-20,1491.2099609375,1495.7900390625,1491.2099609375,1493.489990234375,42091200
2025-01-21,1485.3499755859375,1491.239990234375,1479.02001953125,1491.1500244140625,50530300
2025-01-22,1489.3499755859375,1498.0899658203125,1485.3499755859375,1485.3499755859375,51853500
2025-01-23,1503.030029296875,1503.030029296875,1488.050048828125,1489.3499755859375,58055000
2025-01-24,1489.1400146484375,1509.8599853515625,1488.949951171875,1502.5799560546875,67669600
2025-01-27,1491.6800537109375,1491.6800537109375,1480.8499755859375,1488.9599609375,50500800
2025-01-28,1498.1099853515625,1505.56005859375,1488.0899658203125,1491.6800537109375,57512500
2025-01-29,1510.489990234375,1510.52001953125,1498.5799560546875,1498.5799560546875,51258700
2025-01-30,1522.219970703125,1522.219970703125,1510.47998046875,1510.489990234375,52110500
2025-01-31,1515.4599609375,1522.56005859375,1512.02001953125,1522.3199462890625,60917900
2025-02-03,1498.8299560546875,1515.030029296875,1486.93994140625,1515.030029296875,78280600
2025-02-04,1510.1300048828125,1511.02001953125,1493.5400390625,1498.9300537109375,55639600
2025-02-05,1502.1099853515625,1518.3900146484375,1499.9200439453125,1510.1099853515625,65422100
2025-02-06,1499.25,1515.9100341796875,1498.6500244140625,1501.8499755859375,67249800
2025-02-07,1485.0999755859375,1499.22998046875,1481.6600341796875,1499.22998046875,49671700
2025-02-10,1487.43994140625,1495.5699462890625,1485.010009765625,1485.010009765625,48250200
2025-02-11,1505.010009765625,1505.239990234375,1487.27001953125,1487.27001953125,68590400
2025-02-12,1481.2099609375,1505.75,1479.0,1505.3299560546875,72726800
2025-02-13,1482.3399658203125,1485.6400146484375,1468.969970703125,1484.8299560546875,70689600
2025-02-14,1488.199951171875,1492.489990234375,1477.1400146484375,1482.3900146484375,65739700
2025-02-17,1491.3599853515625,1496.27001953125,1482.9200439453125,1490.9000244140625,50661000
2025-02-18,1491.050048828125,1496.6500244140625,1485.1800537109375,1491.3900146484375,48564300
2025-02-19,1497.7900390625,1503.4300537109375,1491.02001953125,1491.260009765625,52872300
2025-02-20,1493.3399658203125,1497.8199462890625,1489.6400146484375,1497.8199462890625,49075000
2025-02-21,1500.239990234375,1506.6099853515625,1493.4000244140625,1494.0699462890625,57760000
2025-02-24,1498.1800537109375,1508.3299560546875,1495.5400390625,1500.75,50122700
2025-02-25,1493.550048828125,1505.0899658203125,1492.8699951171875,1497.9599609375,54119600
2025-02-26,1501.6400146484375,1502.469970703125,1493.5899658203125,1493.5899658203125,62612800
2025-02-27,1492.9100341796875,1501.6099853515625,1486.27001953125,1501.6099853515625,61132600
2025-02-28,1489.6500244140625,1492.6800537109375,1482.0999755859375,1492.6600341796875,136953400
2025-03-03,1507.4100341796875,1514.18994140625,1494.1300048828125,1494.1300048828125,59011600
2025-03-04,1462.300048828125,1507.47998046875,1462.300048828125,1507.47998046875,85391500
2025-03-05,1472.75,1487.5,1462.4000244140625,1462.4000244140625,69218800
2025-03-06,1476.1300048828125,1486.3599853515625,1468.3499755859375,1473.1300048828125,93108800
2025-03-07,1490.9100341796875,1490.9599609375,1471.9300537109375,1476.449951171875,67222000
2025-03-10,1486.2099609375,1494.0899658203125,1481.280029296875,1490.9200439453125,61576700
2025-03-11,1475.68994140625,1490.7900390625,1471.3599853515625,1485.8900146484375,62449800
2025-03-12,1471.2099609375,1483.469970703125,1471.1199951171875,1475.68994140625,93643600
2025-03-13,1493.27001953125,1493.9100341796875,1471.010009765625,1471.300048828125,87224200
2025-03-14,1504.510009765625,1505.1199951171875,1491.1600341796875,1493.489990234375,66201400
2025-03-17,1523.81005859375,1523.81005859375,1504.6600341796875,1504.6600341796875,60769500
2025-03-18,1532.8699951171875,1539.3499755859375,1523.9100341796875,1523.9100341796875,65474000
2025-03-19,1544.010009765625,1544.6800537109375,1530.5899658203125,1532.8399658203125,56511100
2025-03-20,1539.5,1551.239990234375,1528.2900390625,1544.31005859375,63166500
2025-03-21,1534.3499755859375,1543.469970703125,1528.6700439453125,1540.93994140625,132744500
2025-03-24,1530.81005859375,1541.969970703125,1526.7099609375,1534.719970703125,43004700
2025-03-25,1534.719970703125,1544.47998046875,1530.81005859375,1530.81005859375,49573100
2025-03-26,1542.5799560546875,1543.719970703125,1533.18994140625,1536.469970703125,57901800
2025-03-27,1534.300048828125,1542.47998046875,1520.18994140625,1542.47998046875,62382100
2025-03-28,1513.97998046875,1534.43994140625,1511.0400390625,1534.260009765625,57961300
2025-03-31,1516.52001953125,1518.800048828125,1497.8199462890625,1514.050048828125,60396600
2025-04-01,1518.1099853515625,1527.22998046875,1516.72998046875,1516.72998046875,56598500
2025-04-02,1500.300048828125,1523.9300537109375,1498.27001953125,1517.780029296875,48947600
2025-04-03,1469.699951171875,1496.8599853515625,1463.300048828125,1496.8599853515625,80645700
2025-04-04,1396.1300048828125,1470.3900146484375,1395.8699951171875,1470.3900146484375,124399000
2025-04-07,1390.0899658203125,1406.97998046875,1314.5999755859375,1394.3900146484375,139277800
2025-04-08,1401.52001953125,1406.949951171875,1369.9000244140625,1390.56005859375,86897700
2025-04-09,1362.8399658203125,1401.27001953125,1343.300048828125,1401.27001953125,97247800
2025-04-10,1401.510009765625,1437.5799560546875,1364.6700439453125,1364.6700439453125,95792600
2025-04-11,1407.760009765625,1416.47998046875,1388.5799560546875,1401.8299560546875,66986200
2025-04-14,1434.739990234375,1437.8599853515625,1408.530029296875,1408.530029296875,56090900
2025-04-15,1446.780029296875,1452.1400146484375,1434.800048828125,1434.800048828125,52490100
2025-04-16,1447.469970703125,1447.469970703125,1430.31005859375,1446.6199951171875,37708700
2025-04-22,1437.3699951171875,1448.25,1429.8499755859375,1447.6199951171875,60201400
2025-04-23,1453.9100341796875,1461.77001953125,1438.2900390625,1438.2900390625,73250600
2025-04-24,1452.22998046875,1458.8800048828125,1447.9599609375,1454.0,133549900
2025-04-25,1456.4300537109375,1466.469970703125,1450.949951171875,1456.8599853515625,80834000
2025-04-28,1467.5400390625,1468.1199951171875,1456.6700439453125,1456.6700439453125,59178100
2025-04-29,1472.3499755859375,1472.3499755859375,1458.030029296875,1469.31005859375,72320300
2025-04-30,1487.0699462890625,1488.4599609375,1475.5799560546875,1484.6400146484375,78018000
2025-05-02,1510.1500244140625,1510.1500244140625,1488.3399658203125,1488.6099853515625,79922000
2025-05-05,1514.8900146484375,1515.2099609375,1500.6400146484375,1510.8599853515625,70937000
2025-05-06,1508.969970703125,1518.010009765625,1502.5899658203125,1515.1400146484375,61964200
2025-05-07,1512.949951171875,1512.949951171875,1502.27001953125,1509.4000244140625,67928000
2025-05-08,1514.1099853515625,1527.25,1511.199951171875,1515.02001953125,75313300
2025-05-09,1505.3499755859375,1518.25,1505.1099853515625,1514.3800048828125,65241700
2025-05-12,1520.3199462890625,1525.3900146484375,1509.72998046875,1509.72998046875,101473700
2025-05-13,1525.550048828125,1527.8800048828125,1516.3800048828125,1520.469970703125,57014800
2025-05-14,1535.0899658203125,1538.1700439453125,1527.030029296875,1527.030029296875,59128100
2025-05-15,1547.1700439453125,1547.1700439453125,1525.1800537109375,1538.4300537109375,61045400
2025-05-16,1565.56005859375,1566.510009765625,1548.02001953125,1548.02001953125,62916600
2025-05-19,1558.72998046875,1565.5899658203125,1547.199951171875,1565.5899658203125,51045900
2025-05-20,1561.4599609375,1565.8599853515625,1553.22998046875,1558.7099609375,62103000
2025-05-21,1569.1500244140625,1569.3599853515625,1561.3699951171875,1562.1500244140625,58824000
2025-05-22,1546.7900390625,1572.3399658203125,1541.3599853515625,1572.280029296875,83900300
2025-05-23,1549.6700439453125,1561.56005859375,1530.43994140625,1547.8800048828125,65294600
2025-05-26,1564.8699951171875,1567.719970703125,1549.719970703125,1549.719970703125,52737300
2025-05-27,1574.52001953125,1577.68994140625,1563.3900146484375,1565.0799560546875,63567800
2025-05-28,1564.949951171875,1582.18994140625,1564.530029296875,1575.3199462890625,52159900
2025-05-30,1561.6099853515625,1574.02001953125,1560.6500244140625,1565.5400390625,122128200
2025-06-02,1569.6400146484375,1573.5,1556.72998046875,1561.5400390625,83847500
2025-06-03,1569.530029296875,1576.0699462890625,1565.3900146484375,1570.3599853515625,57379500
2025-06-04,1579.3900146484375,1582.1199951171875,1568.5799560546875,1569.5999755859375,137566100
2025-06-05,1583.010009765625,1591.27001953125,1576.5699462890625,1579.469970703125,55954000
2025-06-06,1584.6099853515625,1590.8399658203125,1582.9300537109375,1582.9300537109375,54740800
2025-06-10,1600.9100341796875,1602.3800048828125,1584.4000244140625,1584.6099853515625,61036100
2025-06-11,1610.8800048828125,1613.27001953125,1598.47998046875,1600.6600341796875,65833700
2025-06-12,1616.1400146484375,1618.1400146484375,1604.489990234375,1610.9300537109375,65171800
2025-06-13,1627.3699951171875,1631.9000244140625,1616.0799560546875,1616.1199951171875,90423500
2025-06-16,1633.4599609375,1641.9100341796875,1627.3599853515625,1627.3699951171875,72340600
2025-06-17,1636.760009765625,1640.2099609375,1626.489990234375,1632.989990234375,60696700
2025-06-18,1637.6500244140625,1640.3499755859375,1633.8900146484375,1636.719970703125,74570100
2025-06-19,1645.1400146484375,1645.1400146484375,1634.06005859375,1639.02001953125,55025300
2025-06-20,1643.8499755859375,1649.6400146484375,1635.0799560546875,1645.449951171875,138171800
2025-06-23,1633.1300048828125,1650.72998046875,1633.1300048828125,1644.0899658203125,81758500
2025-06-24,1605.6800537109375,1634.5799560546875,1598.719970703125,1633.1500244140625,95116300
2025-06-25,1600.550048828125,1608.27001953125,1594.469970703125,1605.6800537109375,65405600
2025-06-26,1597.5699462890625,1605.6800537109375,1593.5799560546875,1600.6500244140625,55563200
2025-06-27,1607.72998046875,1612.1600341796875,1597.280029296875,1597.530029296875,58991800
2025-06-30,1621.2900390625,1621.3199462890625,1607.7900390625,1607.8399658203125,58975400
2025-07-01,1608.300048828125,1621.530029296875,1608.2099609375,1621.3599853515625,51811500
2025-07-02,1619.3699951171875,1621.56005859375,1604.1400146484375,1608.300048828125,52985100
2025-07-03,1629.27001953125,1632.989990234375,1619.3499755859375,1619.3800048828125,52534200
2025-07-04,1631.8800048828125,1633.25,1622.3900146484375,1629.260009765625,46517300
2025-07-07,1633.510009765625,1635.050048828125,1628.4100341796875,1631.989990234375,58092600
2025-07-08,1633.800048828125,1635.030029296875,1625.93994140625,1633.47998046875,52849900
2025-07-09,1621.6400146484375,1636.9300537109375,1621.6400146484375,1633.800048828125,56856900
2025-07-10,1632.4300537109375,1634.1500244140625,1621.9000244140625,1621.9000244140625,53482600
2025-07-11,1627.1400146484375,1633.8199462890625,1618.1400146484375,1632.5,92750900
2025-07-14,1628.780029296875,1637.6400146484375,1618.280029296875,1627.1300048828125,62910300
2025-07-15,1624.6700439453125,1631.5400390625,1620.8800048828125,1628.8699951171875,62130100
2025-07-16,1609.6300048828125,1624.6500244140625,1609.6300048828125,1624.6500244140625,54484700
2025-07-17,1610.4000244140625,1613.5,1605.4000244140625,1609.6199951171875,46078400
2025-07-18,1616.9200439453125,1621.1400146484375,1612.1199951171875,1612.3299560546875,59090000
2025-07-21,1608.1800537109375,1617.530029296875,1608.1800537109375,1616.989990234375,42247900
2025-07-22,1612.4300537109375,1617.25,1609.530029296875,1610.6700439453125,52053500
2025-07-23,1614.0799560546875,1620.8900146484375,1610.4000244140625,1612.4100341796875,49854700
2025-07-24,1624.9599609375,1632.5999755859375,1614.3499755859375,1614.3499755859375,50941100
2025-07-25,1614.530029296875,1627.31005859375,1613.02001953125,1624.77001953125,38806900
2025-07-28,1625.050048828125,1627.5899658203125,1614.8800048828125,1614.8900146484375,46243200
2025-07-29,1633.469970703125,1634.1500244140625,1625.0699462890625,1625.0699462890625,61832400
2025-07-30,1621.449951171875,1638.68994140625,1616.2900390625,1633.47998046875,46732000
2025-07-31,1625.25,1627.1500244140625,1618.989990234375,1621.280029296875,50785300
2025-08-01,1605.4300537109375,1625.4100341796875,1602.030029296875,1625.4100341796875,45844500
2025-08-04,1616.5,1620.4599609375,1605.449951171875,1605.449951171875,39730300
2025-08-05,1623.1800537109375,1628.8499755859375,1616.5,1616.5,49165600
2025-08-06,1624.550048828125,1630.81005859375,1622.010009765625,1623.239990234375,48420400
2025-08-07,1621.699951171875,1625.4000244140625,1612.8499755859375,1624.489990234375,48516100
2025-08-08,1622.719970703125,1633.18994140625,1620.3599853515625,1621.699951171875,43048200
2025-08-11,1611.969970703125,1622.6500244140625,1610.18994140625,1622.6500244140625,37429700
2025-08-12,1623.6700439453125,1623.6800537109375,1612.5699462890625,1612.6099853515625,48881000
2025-08-13,1626.56005859375,1630.06005859375,1620.68994140625,1623.6600341796875,54343800
2025-08-14,1630.9000244140625,1635.2900390625,1626.56005859375,1626.56005859375,82213700
2025-08-15,1634.22998046875,1640.5,1629.5799560546875,1630.9100341796875,62070900
2025-08-18,1632.68994140625,1638.4300537109375,1628.1800537109375,1638.3499755859375,43696500
2025-08-19,1635.6400146484375,1639.4200439453125,1630.3299560546875,1632.6800537109375,48960900
2025-08-20,1644.9000244140625,1645.56005859375,1629.8699951171875,1635.6500244140625,38590300
2025-08-21,1657.3699951171875,1658.6500244140625,1645.199951171875,1645.4200439453125,56306900
2025-08-22,1664.4200439453125,1665.72998046875,1657.489990234375,1657.489990234375,51642200
2025-08-25,1661.8599853515625,1664.3699951171875,1655.7099609375,1664.199951171875,44748700
2025-08-26,1659.5400390625,1662.5999755859375,1653.030029296875,1662.56005859375,73029400
2025-08-27,1646.0799560546875,1659.72998046875,1645.25,1659.72998046875,53641500
2025-08-28,1636.1800537109375,1649.9300537109375,1635.18994140625,1646.27001953125,48531800
2025-08-29,1646.469970703125,1652.1400146484375,1636.72998046875,1636.72998046875,48772100
2025-09-01,1647.1199951171875,1649.699951171875,1643.6800537109375,1647.0999755859375,33559100
2025-09-02,1632.739990234375,1649.949951171875,1626.489990234375,1647.1300048828125,49896200
2025-09-03,1619.0,1635.1600341796875,1617.6800537109375,1633.06005859375,50872200
2025-09-04,1629.719970703125,1632.3599853515625,1615.550048828125,1619.1600341796875,50272300
2025-09-05,1625.8800048828125,1635.27001953125,1625.8800048828125,1629.8199462890625,51342800
2025-09-08,1632.6400146484375,1636.81005859375,1625.550048828125,1625.9100341796875,38779700
2025-09-09,1641.0899658203125,1641.0899658203125,1631.5799560546875,1632.8399658203125,40962200
2025-09-10,1653.1800537109375,1653.1800537109375,1639.699951171875,1640.9300537109375,53681600
2025-09-11,1652.97998046875,1660.6300048828125,1649.3599853515625,1653.469970703125,75176400
2025-09-12,1654.6199951171875,1656.989990234375,1646.6300048828125,1652.8699951171875,48199000
2025-09-15,1664.1800537109375,1666.239990234375,1653.949951171875,1654.6199951171875,46242500
2025-09-16,1657.18994140625,1665.3199462890625,1653.27001953125,1664.199951171875,48137700
2025-09-17,1650.530029296875,1658.239990234375,1647.300048828125,1657.4200439453125,43853200
2025-09-18,1651.25,1659.5400390625,1646.6800537109375,1650.5899658203125,46050500
2025-09-19,1645.6500244140625,1658.31005859375,1645.489990234375,1651.2900390625,163337900
2025-09-22,1641.510009765625,1648.2900390625,1639.739990234375,1645.739990234375,55979100
2025-09-23,1655.9100341796875,1658.8399658203125,1641.5400390625,1641.5400390625,51732600
2025-09-24,1662.6099853515625,1664.219970703125,1651.1500244140625,1656.8499755859375,54076600
2025-09-25,1655.9200439453125,1669.02001953125,1655.9200439453125,1662.530029296875,47595800
2025-09-26,1653.3599853515625,1659.780029296875,1650.739990234375,1656.77001953125,4209969419
